"client_id,Age,gender,country,region,client_type,acquisition_purpose,loan_applied,referral_channel,properties_owned,total_investment,avg_floor_area,avg_satisfaction,Cluster,Buyer_Segment,Recommendation,Investment_Risk"
"C0001,58,F,USA,California,Individual,Home,Yes,Website,4,1246764.72,983.885,4.0,3,Growth-Oriented Investors,""Recommend commercial properties, portfolio diversification opportunities, rental yield analysis, and investment seminars."",Medium Investment"
"C0002,64,M,USA,California,Individual,Home,No,Website,5,1841095.9300000002,1187.942,1.0,3,Growth-Oriented Investors,""Recommend commercial properties, portfolio diversification opportunities, rental yield analysis, and investment seminars."",High Investment"
"C0003,67,M,USA,California,Individual,Home,Yes,Agency,5,1661457.5899999999,1058.1100000000001,4.0,3,Growth-Oriented Investors,""Recommend commercial properties, portfolio diversification opportunities, rental yield analysis, and investment seminars."",High Investment"
"C0004,67,M,USA,California,Individual,Home,No,Website,6,1608263.51,937.1033333333334,5.0,3,Growth-Oriented Investors,""Recommend commercial properties, portfolio diversification opportunities, rental yield analysis, and investment seminars."",High Investment"
"C0005,50,M,USA,California,Company,Investment,No,Website,13,3653385.38,927.2961538461539,5.0,3,Growth-Oriented Investors,""Recommend commercial properties, portfolio diversification opportunities, rental yield analysis, and investment seminars."",High Investment"
"C0006,69,M,USA,California,Individual,Home,Yes,Website,5,1514131.06,989.5899999999999,3.0,3,Growth-Oriented Investors,""Recommend commercial properties, portfolio diversification opportunities, rental yield analysis, and investment seminars."",High Investment"
"C0007,79,M,Canada,Quebec,Individual,Investment,No,Website,11,3251147.83,995.6936363636363,5.0,1,International Diversified Buyers,""Offer mortgage assistance, virtual property tours, overseas investment support, and flexible payment options."",High Investment"
"C0008,57,F,USA,California,Individual,Home,No,Website,5,1476730.4100000001,1031.106,5.0,3,Growth-Oriented Investors,""Recommend commercial properties, portfolio diversification opportunities, rental yield analysis, and investment seminars."",High Investment"
"C0009,51,M,USA,California,Individual,Investment,No,Agency,5,1820832.35,1305.644,5.0,3,Growth-Oriented Investors,""Recommend commercial properties, portfolio diversification opportunities, rental yield analysis, and investment seminars."",High Investment"
"C0010,60,M,USA,Oregon,Individual,Investment,No,Agency,5,1732434.0,1140.206,3.0,3,Growth-Oriented Investors,""Recommend commercial properties, portfolio diversification opportunities, rental yield analysis, and investment seminars."",High Investment"
"C0011,70,F,USA,California,Individual,Home,Yes,Website,5,1325211.52,935.914,2.0,3,Growth-Oriented Investors,""Recommend commercial properties, portfolio diversification opportunities, rental yield analysis, and investment seminars."",Medium Investment"
"C0012,51,M,USA,California,Company,Investment,No,Website,4,1599526.4,1317.445,5.0,3,Growth-Oriented Investors,""Recommend commercial properties, portfolio diversification opportunities, rental yield analysis, and investment seminars."",High Investment"
"C0013,64,M,USA,California,Individual,Home,Yes,Website,5,2142750.89,1407.376,1.0,3,Growth-Oriented Investors,""Recommend commercial properties, portfolio diversification opportunities, rental yield analysis, and investment seminars."",High Investment"
"C0014,46,M,USA,California,Company,Home,Yes,Website,4,1548140.0699999998,1280.5425,3.0,3,Growth-Oriented Investors,""Recommend commercial properties, portfolio diversification opportunities, rental yield analysis, and investment seminars."",High Investment"
"C0015,85,F,USA,California,Individual,Home,No,Client,5,1585907.37,1030.764,5.0,3,Growth-Oriented Investors,""Recommend commercial properties, portfolio diversification opportunities, rental yield analysis, and investment seminars."",High Investment"
"C0016,87,F,USA,California,Individual,Investment,No,Website,4,1010217.73,842.145,5.0,3,Growth-Oriented Investors,""Recommend commercial properties, portfolio diversification opportunities, rental yield analysis, and investment seminars."",Low Investment"
"C0017,49,M,USA,Arizona,Individual,Home,No,Client,5,1778693.75,1195.8139999999999,3.0,3,Growth-Oriented Investors,""Recommend commercial properties, portfolio diversification opportunities, rental yield analysis, and investment seminars."",High Investment"
"C0018,59,M,USA,California,Individual,Home,Yes,Agency,4,1061478.67,913.8325,2.0,3,Growth-Oriented Investors,""Recommend commercial properties, portfolio diversification opportunities, rental yield analysis, and investment seminars."",Low Investment"
"C0019,69,M,USA,California,Individual,Home,Yes,Client,4,1773474.26,1402.0425,5.0,3,Growth-Oriented Investors,""Recommend commercial properties, portfolio diversification opportunities, rental yield analysis, and investment seminars."",High Investment"
"C0020,59,F,USA,California,Individual,Home,No,Website,4,1508032.25,1307.08,5.0,3,Growth-Oriented Investors,""Recommend commercial properties, portfolio diversification opportunities, rental yield analysis, and investment seminars."",High Investment"
"C0021,88,M,USA,Oregon,Individual,Investment,No,Website,6,1928172.72,1028.86,3.0,3,Growth-Oriented Investors,""Recommend commercial properties, portfolio diversification opportunities, rental yield analysis, and investment seminars."",High Investment"
"C0022,60,M,Germany,Berlin,Individual,Investment,No,Agency,4,1372403.2,1247.4850000000001,5.0,1,International Diversified Buyers,""Offer mortgage assistance, virtual property tours, overseas investment support, and flexible payment options."",High Investment"
"C0023,68,M,USA,California,Individual,Home,Yes,Website,5,1457871.69,948.3880000000001,3.0,3,Growth-Oriented Investors,""Recommend commercial properties, portfolio diversification opportunities, rental yield analysis, and investment seminars."",High Investment"
"C0024,63,M,USA,California,Individual,Investment,No,Website,6,1884156.9000000001,1053.735,4.0,3,Growth-Oriented Investors,""Recommend commercial properties, portfolio diversification opportunities, rental yield analysis, and investment seminars."",High Investment"
"C0025,89,M,USA,Nevada,Individual,Home,Yes,Website,5,1694448.83,1120.576,2.0,3,Growth-Oriented Investors,""Recommend commercial properties, portfolio diversification opportunities, rental yield analysis, and investment seminars."",High Investment"
"C0026,64,M,USA,California,Individual,Investment,No,Website,10,2932241.75,1002.383,5.0,3,Growth-Oriented Investors,""Recommend commercial properties, portfolio diversification opportunities, rental yield analysis, and investment seminars."",High Investment"
"C0027,58,M,USA,California,Individual,Home,Yes,Website,5,1517969.44,1070.234,5.0,3,Growth-Oriented Investors,""Recommend commercial properties, portfolio diversification opportunities, rental yield analysis, and investment seminars."",High Investment"
"C0028,68,F,USA,California,Individual,Home,No,Client,5,1791082.79,1266.366,3.0,3,Growth-Oriented Investors,""Recommend commercial properties, portfolio diversification opportunities, rental yield analysis, and investment seminars."",High Investment"
"C0029,50,F,USA,Colorado,Individual,Home,Yes,Agency,4,1247795.31,993.05,4.0,3,Growth-Oriented Investors,""Recommend commercial properties, portfolio diversification opportunities, rental yield analysis, and investment seminars."",Medium Investment"
"C0030,74,F,USA,Nevada,Individual,Home,No,Website,4,1547311.29,1279.3725,3.0,3,Growth-Oriented Investors,""Recommend commercial properties, portfolio diversification opportunities, rental yield analysis, and investment seminars."",High Investment"
"C0031,49,M,USA,Nevada,Individual,Home,Yes,Website,5,1077148.21,677.3399999999999,4.0,3,Growth-Oriented Investors,""Recommend commercial properties, portfolio diversification opportunities, rental yield analysis, and investment seminars."",Low Investment"
"C0032,60,M,USA,California,Individual,Home,No,Website,5,1888995.1600000001,1282.528,4.0,3,Growth-Oriented Investors,""Recommend commercial properties, portfolio diversification opportunities, rental yield analysis, and investment seminars."",High Investment"
"C0033,58,F,USA,California,Individual,Home,Yes,Website,4,1404998.67,1250.4325,3.0,3,Growth-Oriented Investors,""Recommend commercial properties, portfolio diversification opportunities, rental yield analysis, and investment seminars."",High Investment"
"C0034,57,F,Belgium,Brussels,Individual,Home,No,Agency,5,1632608.66,1160.556,2.0,3,Growth-Oriented Investors,""Recommend commercial properties, portfolio diversification opportunities, rental yield analysis, and investment seminars."",High Investment"
"C0035,61,M,Mexico,Mexico City,Individual,Home,No,Agency,5,1987876.4,1445.752,3.0,1,International Diversified Buyers,""Offer mortgage assistance, virtual property tours, overseas investment support, and flexible payment options."",High Investment"
"C0036,53,M,USA,California,Individual,Home,No,Website,4,1173683.53,963.325,4.0,3,Growth-Oriented Investors,""Recommend commercial properties, portfolio diversification opportunities, rental yield analysis, and investment seminars."",Medium Investment"
"C0037,64,F,USA,California,Individual,Home,Yes,Website,5,1607228.75,1018.368,5.0,3,Growth-Oriented Investors,""Recommend commercial properties, portfolio diversification opportunities, rental yield analysis, and investment seminars."",High Investment"
"C0038,52,F,USA,California,Individual,Investment,No,Client,4,1175129.27,1105.1225,4.0,3,Growth-Oriented Investors,""Recommend commercial properties, portfolio diversification opportunities, rental yield analysis, and investment seminars."",Medium Investment"
"C0039,59,F,Russia,Krasnodar Krai,Individual,Home,No,Agency,4,1858527.54,1365.68,1.0,1,International Diversified Buyers,""Offer mortgage assistance, virtual property tours, overseas investment support, and flexible payment options."",High Investment"
"C0040,51,M,USA,Nevada,Individual,Home,No,Website,6,1854608.29,1047.8,5.0,3,Growth-Oriented Investors,""Recommend commercial properties, portfolio diversification opportunities, rental yield analysis, and investment seminars."",High Investment"
"C0041,59,M,USA,Arizona,Individual,Home,Yes,Website,5,1374460.79,872.838,1.0,3,Growth-Oriented Investors,""Recommend commercial properties, portfolio diversification opportunities, rental yield analysis, and investment seminars."",High Investment"
"C0042,51,F,USA,Utah,Individual,Home,Yes,Website,4,1101390.25,913.8425,1.0,3,Growth-Oriented Investors,""Recommend commercial properties, portfolio diversification opportunities, rental yield analysis, and investment seminars."",Medium Investment"
"C0043,61,M,USA,Nevada,Individual,Investment,Yes,Website,4,1126492.46,983.505,3.0,3,Growth-Oriented Investors,""Recommend commercial properties, portfolio diversification opportunities, rental yield analysis, and investment seminars."",Medium Investment"
"C0044,95,F,USA,Arizona,Individual,Home,No,Website,4,1330493.26,1106.8675,3.0,3,Growth-Oriented Investors,""Recommend commercial properties, portfolio diversification opportunities, rental yield analysis, and investment seminars."",Medium Investment"
"C0045,58,M,USA,Colorado,Individual,Investment,No,Agency,5,1463432.3599999999,913.774,2.0,3,Growth-Oriented Investors,""Recommend commercial properties, portfolio diversification opportunities, rental yield analysis, and investment seminars."",High Investment"
"C0046,62,F,USA,California,Individual,Home,No,Client,8,2026517.4,857.8050000000001,5.0,3,Growth-Oriented Investors,""Recommend commercial properties, portfolio diversification opportunities, rental yield analysis, and investment seminars."",High Investment"
"C0047,56,M,USA,Colorado,Individual,Home,No,Agency,5,1438239.28,953.568,2.0,3,Growth-Oriented Investors,""Recommend commercial properties, portfolio diversification opportunities, rental yield analysis, and investment seminars."",High Investment"
"C0048,69,M,USA,California,Individual,Home,Yes,Agency,4,1338718.0,1026.3200000000002,3.0,3,Growth-Oriented Investors,""Recommend commercial properties, portfolio diversification opportunities, rental yield analysis, and investment seminars."",Medium Investment"
"C0049,55,F,USA,California,Individual,Home,No,Website,4,1390091.2,1204.3675,1.0,3,Growth-Oriented Investors,""Recommend commercial properties, portfolio diversification opportunities, rental yield analysis, and investment seminars."",High Investment"
"C0050,86,M,USA,California,Individual,Home,No,Website,9,2744452.35,993.5088888888889,5.0,3,Growth-Oriented Investors,""Recommend commercial properties, portfolio diversification opportunities, rental yield analysis, and investment seminars."",High Investment"
"C0051,85,F,USA,Colorado,Individual,Home,No,Agency,4,1270440.42,1039.56,3.0,3,Growth-Oriented Investors,""Recommend commercial properties, portfolio diversification opportunities, rental yield analysis, and investment seminars."",Medium Investment"
"C0052,59,F,USA,Oregon,Individual,Investment,No,Client,4,1474211.53,1187.925,2.0,3,Growth-Oriented Investors,""Recommend commercial properties, portfolio diversification opportunities, rental yield analysis, and investment seminars."",High Investment"
"C0053,72,M,USA,Arizona,Individual,Home,No,Agency,4,1120539.44,929.245,4.0,3,Growth-Oriented Investors,""Recommend commercial properties, portfolio diversification opportunities, rental yield analysis, and investment seminars."",Medium Investment"
"C0054,59,M,USA,Nevada,Company,Investment,No,Website,6,2109277.6,1115.6333333333334,5.0,3,Growth-Oriented Investors,""Recommend commercial properties, portfolio diversification opportunities, rental yield analysis, and investment seminars."",High Investment"
"C0055,53,F,USA,California,Individual,Home,Yes,Agency,4,1178979.21,989.8299999999999,5.0,3,Growth-Oriented Investors,""Recommend commercial properties, portfolio diversification opportunities, rental yield analysis, and investment seminars."",Medium Investment"
"C0056,62,M,USA,Oregon,Individual,Investment,No,Agency,4,1579301.3599999999,1355.5975,5.0,3,Growth-Oriented Investors,""Recommend commercial properties, portfolio diversification opportunities, rental yield analysis, and investment seminars."",High Investment"
"C0057,93,M,USA,California,Individual,Home,Yes,Agency,5,2020519.52,1344.1439999999998,4.0,3,Growth-Oriented Investors,""Recommend commercial properties, portfolio diversification opportunities, rental yield analysis, and investment seminars."",High Investment"
"C0058,57,F,USA,California,Company,Investment,Yes,Website,5,1441406.17,919.8399999999999,1.0,3,Growth-Oriented Investors,""Recommend commercial properties, portfolio diversification opportunities, rental yield analysis, and investment seminars."",High Investment"
"C0059,66,M,USA,California,Individual,Home,No,Website,4,1278854.25,1102.44,2.0,3,Growth-Oriented Investors,""Recommend commercial properties, portfolio diversification opportunities, rental yield analysis, and investment seminars."",Medium Investment"
"C0060,54,F,USA,California,Individual,Home,No,Website,4,1355662.25,1119.4675,5.0,3,Growth-Oriented Investors,""Recommend commercial properties, portfolio diversification opportunities, rental yield analysis, and investment seminars."",Medium Investment"
"C0061,59,M,USA,Utah,Individual,Home,No,Agency,4,1306907.58,1101.62,5.0,3,Growth-Oriented Investors,""Recommend commercial properties, portfolio diversification opportunities, rental yield analysis, and investment seminars."",Medium Investment"
"C0062,52,M,USA,California,Individual,Home,Yes,Client,5,1489333.49,1059.8319999999999,5.0,3,Growth-Oriented Investors,""Recommend commercial properties, portfolio diversification opportunities, rental yield analysis, and investment seminars."",High Investment"
"C0063,84,F,USA,Arizona,Individual,Home,No,Website,5,1625480.88,1112.538,4.0,3,Growth-Oriented Investors,""Recommend commercial properties, portfolio diversification opportunities, rental yield analysis, and investment seminars."",High Investment"
"C0064,52,M,UK,Northern Ireland,Individual,Investment,No,Agency,4,1448881.28,1095.85,4.0,1,International Diversified Buyers,""Offer mortgage assistance, virtual property tours, overseas investment support, and flexible payment options."",High Investment"
"C0065,54,M,USA,California,Individual,Home,No,Agency,4,1557125.73,1261.5275,1.0,3,Growth-Oriented Investors,""Recommend commercial properties, portfolio diversification opportunities, rental yield analysis, and investment seminars."",High Investment"
"C0066,52,F,USA,California,Individual,Investment,No,Client,4,1107164.17,932.7550000000001,3.0,3,Growth-Oriented Investors,""Recommend commercial properties, portfolio diversification opportunities, rental yield analysis, and investment seminars."",Medium Investment"
"C0067,49,M,USA,California,Individual,Home,No,Website,5,1431941.84,851.818,2.0,3,Growth-Oriented Investors,""Recommend commercial properties, portfolio diversification opportunities, rental yield analysis, and investment seminars."",High Investment"
"C0068,60,F,USA,Colorado,Individual,Home,Yes,Agency,4,1572779.33,1450.2925,5.0,3,Growth-Oriented Investors,""Recommend commercial properties, portfolio diversification opportunities, rental yield analysis, and investment seminars."",High Investment"
"C0069,56,M,USA,California,Individual,Investment,No,Website,5,1439142.47,957.588,4.0,3,Growth-Oriented Investors,""Recommend commercial properties, portfolio diversification opportunities, rental yield analysis, and investment seminars."",High Investment"
"C0070,79,F,USA,Arizona,Individual,Home,Yes,Website,5,1521570.62,1039.274,4.0,3,Growth-Oriented Investors,""Recommend commercial properties, portfolio diversification opportunities, rental yield analysis, and investment seminars."",High Investment"
"C0071,41,M,USA,California,Individual,Home,Yes,Client,5,1150384.09,833.3799999999999,1.0,3,Growth-Oriented Investors,""Recommend commercial properties, portfolio diversification opportunities, rental yield analysis, and investment seminars."",Medium Investment"
"C0072,73,M,USA,Nevada,Individual,Investment,No,Website,6,2246488.58,1129.4916666666666,2.0,3,Growth-Oriented Investors,""Recommend commercial properties, portfolio diversification opportunities, rental yield analysis, and investment seminars."",High Investment"
"C0073,61,F,Denmark,Capital Region,Individual,Investment,No,Agency,4,1413902.33,1194.0325,1.0,1,International Diversified Buyers,""Offer mortgage assistance, virtual property tours, overseas investment support, and flexible payment options."",High Investment"
"C0074,67,F,USA,Oregon,Individual,Investment,No,Client,5,1709458.65,1138.044,5.0,3,Growth-Oriented Investors,""Recommend commercial properties, portfolio diversification opportunities, rental yield analysis, and investment seminars."",High Investment"
"C0075,56,F,USA,California,Individual,Home,No,Website,4,1269395.74,1048.3425,3.0,3,Growth-Oriented Investors,""Recommend commercial properties, portfolio diversification opportunities, rental yield analysis, and investment seminars."",Medium Investment"
"C0076,70,M,USA,California,Individual,Home,No,Agency,6,1905852.0899999999,1067.28,5.0,3,Growth-Oriented Investors,""Recommend commercial properties, portfolio diversification opportunities, rental yield analysis, and investment seminars."",High Investment"
"C0077,46,M,USA,California,Individual,Home,No,Website,5,1880012.18,1191.826,5.0,3,Growth-Oriented Investors,""Recommend commercial properties, portfolio diversification opportunities, rental yield analysis, and investment seminars."",High Investment"
"C0078,78,F,USA,California,Individual,Home,No,Website,4,1685882.3900000001,1415.63,5.0,3,Growth-Oriented Investors,""Recommend commercial properties, portfolio diversification opportunities, rental yield analysis, and investment seminars."",High Investment"
"C0079,72,M,Belgium,Brussels,Individual,Investment,No,Website,4,1456436.3,1219.0675,4.0,3,Growth-Oriented Investors,""Recommend commercial properties, portfolio diversification opportunities, rental yield analysis, and investment seminars."",High Investment"
"C0080,77,F,USA,California,Individual,Investment,No,Website,5,1427531.56,965.024,3.0,3,Growth-Oriented Investors,""Recommend commercial properties, portfolio diversification opportunities, rental yield analysis, and investment seminars."",High Investment"
"C0081,83,F,USA,California,Individual,Home,Yes,Website,4,1522144.26,1252.745,4.0,3,Growth-Oriented Investors,""Recommend commercial properties, portfolio diversification opportunities, rental yield analysis, and investment seminars."",High Investment"
"C0082,45,F,USA,Virginia,Individual,Investment,No,Client,5,1282267.95,884.2239999999999,5.0,3,Growth-Oriented Investors,""Recommend commercial properties, portfolio diversification opportunities, rental yield analysis, and investment seminars."",Medium Investment"
"C0083,88,M,USA,California,Individual,Home,No,Website,6,1513641.46,851.395,5.0,3,Growth-Oriented Investors,""Recommend commercial properties, portfolio diversification opportunities, rental yield analysis, and investment seminars."",High Investment"
"C0084,78,M,USA,Wyoming,Individual,Home,No,Agency,5,1762231.92,1083.6119999999999,3.0,3,Growth-Oriented Investors,""Recommend commercial properties, portfolio diversification opportunities, rental yield analysis, and investment seminars."",High Investment"
"C0085,60,M,USA,California,Individual,Home,Yes,Agency,4,1185505.46,986.395,4.0,3,Growth-Oriented Investors,""Recommend commercial properties, portfolio diversification opportunities, rental yield analysis, and investment seminars."",Medium Investment"
"C0086,58,F,USA,California,Individual,Home,Yes,Website,5,1928188.6099999999,1354.634,3.0,3,Growth-Oriented Investors,""Recommend commercial properties, portfolio diversification opportunities, rental yield analysis, and investment seminars."",High Investment"
"C0087,47,F,USA,California,Individual,Home,No,Agency,4,1681153.28,1287.6625,4.0,3,Growth-Oriented Investors,""Recommend commercial properties, portfolio diversification opportunities, rental yield analysis, and investment seminars."",High Investment"
"C0088,90,M,USA,Oregon,Individual,Investment,No,Website,6,1450519.57,786.9733333333334,2.0,3,Growth-Oriented Investors,""Recommend commercial properties, portfolio diversification opportunities, rental yield analysis, and investment seminars."",High Investment"
"C0089,77,M,USA,California,Individual,Home,No,Agency,4,1041853.81,854.79,3.0,3,Growth-Oriented Investors,""Recommend commercial properties, portfolio diversification opportunities, rental yield analysis, and investment seminars."",Low Investment"
"C0090,44,M,USA,California,Individual,Home,No,Client,5,980850.4199999999,703.798,5.0,3,Growth-Oriented Investors,""Recommend commercial properties, portfolio diversification opportunities, rental yield analysis, and investment seminars."",Low Investment"
"C0091,67,F,USA,California,Individual,Home,No,Website,4,1356644.74,1161.6775,4.0,3,Growth-Oriented Investors,""Recommend commercial properties, portfolio diversification opportunities, rental yield analysis, and investment seminars."",Medium Investment"
"C0092,55,M,USA,Kansas,Individual,Home,No,Website,8,2817926.96,1218.0425,3.0,3,Growth-Oriented Investors,""Recommend commercial properties, portfolio diversification opportunities, rental yield analysis, and investment seminars."",High Investment"
"C0093,64,M,USA,California,Individual,Home,No,Agency,5,1732558.38,1196.466,2.0,3,Growth-Oriented Investors,""Recommend commercial properties, portfolio diversification opportunities, rental yield analysis, and investment seminars."",High Investment"
"C0094,78,F,USA,California,Individual,Home,No,Website,5,1062675.82,692.664,5.0,3,Growth-Oriented Investors,""Recommend commercial properties, portfolio diversification opportunities, rental yield analysis, and investment seminars."",Low Investment"
"C0095,62,M,USA,California,Individual,Home,Yes,Agency,6,1668973.02,923.105,3.0,3,Growth-Oriented Investors,""Recommend commercial properties, portfolio diversification opportunities, rental yield analysis, and investment seminars."",High Investment"
"C0096,41,M,USA,California,Individual,Investment,Yes,Website,4,1363013.17,1113.615,3.0,3,Growth-Oriented Investors,""Recommend commercial properties, portfolio diversification opportunities, rental yield analysis, and investment seminars."",High Investment"
"C0097,83,M,USA,Virginia,Individual,Home,Yes,Website,7,2189906.04,1061.722857142857,5.0,3,Growth-Oriented Investors,""Recommend commercial properties, portfolio diversification opportunities, rental yield analysis, and investment seminars."",High Investment"
"C0098,77,F,Russia,Saint Petersburg,Individual,Home,Yes,Agency,4,1131592.65,981.955,3.0,1,International Diversified Buyers,""Offer mortgage assistance, virtual property tours, overseas investment support, and flexible payment options."",Medium Investment"
"C0099,85,M,USA,California,Individual,Investment,No,Website,6,2000308.58,1201.5883333333334,4.0,3,Growth-Oriented Investors,""Recommend commercial properties, portfolio diversification opportunities, rental yield analysis, and investment seminars."",High Investment"
"C0100,57,M,USA,California,Individual,Home,No,Website,4,1449544.65,1174.44,3.0,3,Growth-Oriented Investors,""Recommend commercial properties, portfolio diversification opportunities, rental yield analysis, and investment seminars."",High Investment"
"C0101,75,F,USA,Nevada,Individual,Home,No,Website,4,1125013.8,874.345,3.0,3,Growth-Oriented Investors,""Recommend commercial properties, portfolio diversification opportunities, rental yield analysis, and investment seminars."",Medium Investment"
"C0102,79,M,USA,California,Individual,Investment,Yes,Website,9,3403263.85,1222.908888888889,5.0,3,Growth-Oriented Investors,""Recommend commercial properties, portfolio diversification opportunities, rental yield analysis, and investment seminars."",High Investment"
"C0103,53,M,USA,Colorado,Individual,Home,No,Website,5,1483838.77,964.9799999999999,3.0,3,Growth-Oriented Investors,""Recommend commercial properties, portfolio diversification opportunities, rental yield analysis, and investment seminars."",High Investment"
"C0104,48,M,USA,California,Individual,Home,No,Website,5,1677155.01,1090.3,5.0,3,Growth-Oriented Investors,""Recommend commercial properties, portfolio diversification opportunities, rental yield analysis, and investment seminars."",High Investment"
"C0105,67,F,USA,California,Individual,Investment,Yes,Website,5,1328084.36,850.948,2.0,3,Growth-Oriented Investors,""Recommend commercial properties, portfolio diversification opportunities, rental yield analysis, and investment seminars."",Medium Investment"
"C0106,73,M,USA,Colorado,Individual,Home,No,Website,4,957679.27,820.9825000000001,4.0,3,Growth-Oriented Investors,""Recommend commercial properties, portfolio diversification opportunities, rental yield analysis, and investment seminars."",Low Investment"
"C0107,67,M,USA,California,Individual,Home,Yes,Agency,5,1715058.23,1102.66,4.0,3,Growth-Oriented Investors,""Recommend commercial properties, portfolio diversification opportunities, rental yield analysis, and investment seminars."",High Investment"
"C0108,68,M,USA,California,Individual,Home,No,Agency,6,1998798.72,1104.1699999999998,4.0,3,Growth-Oriented Investors,""Recommend commercial properties, portfolio diversification opportunities, rental yield analysis, and investment seminars."",High Investment"
"C0109,93,F,USA,California,Individual,Investment,Yes,Agency,5,1995551.0899999999,1285.854,5.0,3,Growth-Oriented Investors,""Recommend commercial properties, portfolio diversification opportunities, rental yield analysis, and investment seminars."",High Investment"
"C0110,67,F,USA,California,Individual,Investment,Yes,Agency,5,1205555.46,811.4019999999999,5.0,3,Growth-Oriented Investors,""Recommend commercial properties, portfolio diversification opportunities, rental yield analysis, and investment seminars."",Medium Investment"
"C0111,47,M,USA,Arizona,Individual,Home,Yes,Website,4,1198421.22,896.7175,2.0,3,Growth-Oriented Investors,""Recommend commercial properties, portfolio diversification opportunities, rental yield analysis, and investment seminars."",Medium Investment"
"C0112,66,F,USA,California,Individual,Investment,Yes,Agency,5,1775142.2,1115.986,1.0,3,Growth-Oriented Investors,""Recommend commercial properties, portfolio diversification opportunities, rental yield analysis, and investment seminars."",High Investment"
"C0113,77,M,USA,Utah,Individual,Investment,No,Agency,4,1414433.46,1186.715,4.0,3,Growth-Oriented Investors,""Recommend commercial properties, portfolio diversification opportunities, rental yield analysis, and investment seminars."",High Investment"
"C0114,64,F,USA,California,Individual,Home,Yes,Website,4,1124004.05,932.9449999999999,1.0,3,Growth-Oriented Investors,""Recommend commercial properties, portfolio diversification opportunities, rental yield analysis, and investment seminars."",Medium Investment"
"C0115,48,F,USA,California,Individual,Home,No,Agency,5,1757354.59,1143.692,5.0,3,Growth-Oriented Investors,""Recommend commercial properties, portfolio diversification opportunities, rental yield analysis, and investment seminars."",High Investment"
"C0116,71,F,USA,California,Individual,Investment,No,Website,8,2484590.08,1039.8925,4.0,3,Growth-Oriented Investors,""Recommend commercial properties, portfolio diversification opportunities, rental yield analysis, and investment seminars."",High Investment"
"C0117,62,M,UK,Scotland,Individual,Investment,No,Agency,8,2884556.25,1135.78625,4.0,1,International Diversified Buyers,""Offer mortgage assistance, virtual property tours, overseas investment support, and flexible payment options."",High Investment"
"C0118,78,F,USA,Oregon,Individual,Investment,No,Agency,4,1218377.19,1009.1225,5.0,3,Growth-Oriented Investors,""Recommend commercial properties, portfolio diversification opportunities, rental yield analysis, and investment seminars."",Medium Investment"
"C0119,84,F,USA,California,Individual,Home,Yes,Website,4,1603043.92,1399.315,1.0,3,Growth-Oriented Investors,""Recommend commercial properties, portfolio diversification opportunities, rental yield analysis, and investment seminars."",High Investment"
"C0120,73,F,USA,California,Individual,Home,Yes,Website,5,1753587.39,1243.96,4.0,3,Growth-Oriented Investors,""Recommend commercial properties, portfolio diversification opportunities, rental yield analysis, and investment seminars."",High Investment"
"C0121,76,M,USA,Nevada,Individual,Home,No,Website,5,1169150.31,806.688,2.0,3,Growth-Oriented Investors,""Recommend commercial properties, portfolio diversification opportunities, rental yield analysis, and investment seminars."",Medium Investment"
"C0122,53,F,USA,California,Individual,Home,Yes,Agency,4,1412560.68,1085.975,1.0,3,Growth-Oriented Investors,""Recommend commercial properties, portfolio diversification opportunities, rental yield analysis, and investment seminars."",High Investment"
"C0123,64,F,USA,California,Individual,Home,Yes,Website,5,1821348.69,1230.6599999999999,4.0,3,Growth-Oriented Investors,""Recommend commercial properties, portfolio diversification opportunities, rental yield analysis, and investment seminars."",High Investment"
"C0124,63,F,USA,California,Individual,Home,No,Agency,5,1613985.08,1184.6299999999999,4.0,3,Growth-Oriented Investors,""Recommend commercial properties, portfolio diversification opportunities, rental yield analysis, and investment seminars."",High Investment"
"C0125,50,M,USA,Colorado,Individual,Home,Yes,Agency,4,1341108.25,1148.5475,4.0,3,Growth-Oriented Investors,""Recommend commercial properties, portfolio diversification opportunities, rental yield analysis, and investment seminars."",Medium Investment"
"C0126,54,F,USA,California,Individual,Investment,No,Agency,5,1319929.46,850.052,2.0,3,Growth-Oriented Investors,""Recommend commercial properties, portfolio diversification opportunities, rental yield analysis, and investment seminars."",Medium Investment"
"C0127,52,M,USA,Nevada,Individual,Home,Yes,Website,4,967474.23,765.085,2.0,3,Growth-Oriented Investors,""Recommend commercial properties, portfolio diversification opportunities, rental yield analysis, and investment seminars."",Low Investment"
"C0128,63,M,USA,Nevada,Company,Investment,Yes,Website,5,1639392.9500000002,1054.034,5.0,3,Growth-Oriented Investors,""Recommend commercial properties, portfolio diversification opportunities, rental yield analysis, and investment seminars."",High Investment"
"C0129,53,M,USA,Arizona,Individual,Investment,No,Website,4,1748372.75,1296.9850000000001,5.0,3,Growth-Oriented Investors,""Recommend commercial properties, portfolio diversification opportunities, rental yield analysis, and investment seminars."",High Investment"
"C0130,67,M,USA,Nevada,Individual,Home,Yes,Website,4,1488042.88,1215.035,3.0,3,Growth-Oriented Investors,""Recommend commercial properties, portfolio diversification opportunities, rental yield analysis, and investment seminars."",High Investment"
"C0131,55,M,USA,California,Individual,Home,No,Website,5,1428058.5499999998,928.7940000000001,1.0,3,Growth-Oriented Investors,""Recommend commercial properties, portfolio diversification opportunities, rental yield analysis, and investment seminars."",High Investment"
"C0132,61,M,USA,Nevada,Individual,Home,Yes,Agency,4,1203775.04,1025.1775,1.0,3,Growth-Oriented Investors,""Recommend commercial properties, portfolio diversification opportunities, rental yield analysis, and investment seminars."",Medium Investment"
"C0133,80,M,USA,California,Individual,Investment,No,Agency,4,1449799.93,1177.4025000000001,4.0,3,Growth-Oriented Investors,""Recommend commercial properties, portfolio diversification opportunities, rental yield analysis, and investment seminars."",High Investment"
"C0134,94,F,Russia,Novosibirsk,Individual,Investment,No,Website,5,1761669.8699999999,1095.602,3.0,1,International Diversified Buyers,""Offer mortgage assistance, virtual property tours, overseas investment support, and flexible payment options."",High Investment"
"C0135,87,M,USA,Utah,Individual,Investment,No,Agency,4,1221442.92,1043.6100000000001,2.0,3,Growth-Oriented Investors,""Recommend commercial properties, portfolio diversification opportunities, rental yield analysis, and investment seminars."",Medium Investment"
"C0136,53,M,USA,California,Individual,Home,No,Website,5,1892554.72,1244.274,3.0,3,Growth-Oriented Investors,""Recommend commercial properties, portfolio diversification opportunities, rental yield analysis, and investment seminars."",High Investment"
"C0137,69,F,USA,California,Individual,Home,Yes,Website,4,989750.45,855.0699999999999,3.0,3,Growth-Oriented Investors,""Recommend commercial properties, portfolio diversification opportunities, rental yield analysis, and investment seminars."",Low Investment"
"C0138,87,F,USA,Oregon,Individual,Investment,Yes,Website,5,1367824.55,914.412,3.0,3,Growth-Oriented Investors,""Recommend commercial properties, portfolio diversification opportunities, rental yield analysis, and investment seminars."",High Investment"
"C0139,57,F,USA,California,Individual,Home,Yes,Website,5,1807366.3,1136.694,5.0,3,Growth-Oriented Investors,""Recommend commercial properties, portfolio diversification opportunities, rental yield analysis, and investment seminars."",High Investment"
"C0140,74,F,USA,California,Individual,Home,No,Website,5,1559561.53,1041.7220000000002,3.0,3,Growth-Oriented Investors,""Recommend commercial properties, portfolio diversification opportunities, rental yield analysis, and investment seminars."",High Investment"
"C0141,40,F,USA,California,Individual,Home,No,Website,5,1765019.09,1088.806,5.0,3,Growth-Oriented Investors,""Recommend commercial properties, portfolio diversification opportunities, rental yield analysis, and investment seminars."",High Investment"
"C0142,48,F,USA,Nevada,Individual,Home,Yes,Website,5,1673770.19,1149.396,3.0,3,Growth-Oriented Investors,""Recommend commercial properties, portfolio diversification opportunities, rental yield analysis, and investment seminars."",High Investment"
"C0143,68,M,USA,California,Individual,Home,No,Website,8,2389960.3,1008.6325,1.0,3,Growth-Oriented Investors,""Recommend commercial properties, portfolio diversification opportunities, rental yield analysis, and investment seminars."",High Investment"
"C0144,72,M,USA,California,Individual,Home,No,Agency,5,1897739.74,1206.354,4.0,3,Growth-Oriented Investors,""Recommend commercial properties, portfolio diversification opportunities, rental yield analysis, and investment seminars."",High Investment"
"C0145,62,F,USA,California,Individual,Home,No,Website,5,1746571.55,1297.3200000000002,4.0,3,Growth-Oriented Investors,""Recommend commercial properties, portfolio diversification opportunities, rental yield analysis, and investment seminars."",High Investment"
"C0146,63,M,USA,Colorado,Individual,Home,No,Website,4,1481536.3900000001,1242.6425,2.0,3,Growth-Oriented Investors,""Recommend commercial properties, portfolio diversification opportunities, rental yield analysis, and investment seminars."",High Investment"
"C0147,78,M,USA,Utah,Individual,Home,No,Client,5,1398309.27,1000.47,4.0,3,Growth-Oriented Investors,""Recommend commercial properties, portfolio diversification opportunities, rental yield analysis, and investment seminars."",High Investment"
"C0148,57,M,USA,Colorado,Individual,Investment,Yes,Agency,4,1700383.7,1413.5925,4.0,3,Growth-Oriented Investors,""Recommend commercial properties, portfolio diversification opportunities, rental yield analysis, and investment seminars."",High Investment"
"C0149,71,M,Russia,Krasnodar Krai,Individual,Investment,No,Agency,4,1049009.0,906.4850000000001,3.0,1,International Diversified Buyers,""Offer mortgage assistance, virtual property tours, overseas investment support, and flexible payment options."",Low Investment"
"C0150,58,M,USA,California,Individual,Home,Yes,Website,4,1846066.58,1500.95,2.0,3,Growth-Oriented Investors,""Recommend commercial properties, portfolio diversification opportunities, rental yield analysis, and investment seminars."",High Investment"
"C0151,50,F,USA,Oregon,Individual,Home,No,Agency,5,1589086.32,1123.442,1.0,3,Growth-Oriented Investors,""Recommend commercial properties, portfolio diversification opportunities, rental yield analysis, and investment seminars."",High Investment"
"C0152,59,F,USA,California,Individual,Investment,Yes,Agency,7,2539205.93,1212.7585714285713,2.0,3,Growth-Oriented Investors,""Recommend commercial properties, portfolio diversification opportunities, rental yield analysis, and investment seminars."",High Investment"
"C0153,43,F,USA,California,Individual,Home,No,Website,5,1560375.26,944.0319999999999,5.0,3,Growth-Oriented Investors,""Recommend commercial properties, portfolio diversification opportunities, rental yield analysis, and investment seminars."",High Investment"
"C0154,61,F,USA,California,Individual,Home,Yes,Agency,5,2142457.31,1390.49,4.0,3,Growth-Oriented Investors,""Recommend commercial properties, portfolio diversification opportunities, rental yield analysis, and investment seminars."",High Investment"
"C0155,51,M,USA,California,Company,Investment,No,Agency,5,1622885.53,1097.394,5.0,3,Growth-Oriented Investors,""Recommend commercial properties, portfolio diversification opportunities, rental yield analysis, and investment seminars."",High Investment"
"C0156,60,F,USA,California,Individual,Home,No,Website,4,1344903.47,1102.105,5.0,3,Growth-Oriented Investors,""Recommend commercial properties, portfolio diversification opportunities, rental yield analysis, and investment seminars."",Medium Investment"
"C0157,74,M,USA,Colorado,Individual,Home,Yes,Client,4,1060400.03,830.7675,2.0,3,Growth-Oriented Investors,""Recommend commercial properties, portfolio diversification opportunities, rental yield analysis, and investment seminars."",Low Investment"
"C0158,47,F,USA,Virginia,Individual,Investment,Yes,Agency,4,1439477.66,1131.4975,3.0,3,Growth-Oriented Investors,""Recommend commercial properties, portfolio diversification opportunities, rental yield analysis, and investment seminars."",High Investment"
"C0159,84,M,USA,California,Individual,Home,No,Website,4,1596507.45,1336.7325,3.0,3,Growth-Oriented Investors,""Recommend commercial properties, portfolio diversification opportunities, rental yield analysis, and investment seminars."",High Investment"
"C0160,67,F,USA,California,Individual,Home,No,Website,5,1679716.96,1144.06,4.0,3,Growth-Oriented Investors,""Recommend commercial properties, portfolio diversification opportunities, rental yield analysis, and investment seminars."",High Investment"
"C0161,75,M,USA,California,Individual,Home,No,Website,9,2534264.26,939.4144444444444,5.0,3,Growth-Oriented Investors,""Recommend commercial properties, portfolio diversification opportunities, rental yield analysis, and investment seminars."",High Investment"
"C0162,73,M,USA,California,Individual,Home,No,Website,4,1135363.52,983.24,4.0,3,Growth-Oriented Investors,""Recommend commercial properties, portfolio diversification opportunities, rental yield analysis, and investment seminars."",Medium Investment"
"C0163,40,M,USA,Utah,Individual,Investment,Yes,Agency,4,1506594.21,1307.32,5.0,3,Growth-Oriented Investors,""Recommend commercial properties, portfolio diversification opportunities, rental yield analysis, and investment seminars."",High Investment"
"C0164,40,M,USA,Arizona,Individual,Home,No,Website,4,1436152.54,1196.7975,5.0,3,Growth-Oriented Investors,""Recommend commercial properties, portfolio diversification opportunities, rental yield analysis, and investment seminars."",High Investment"
"C0165,70,F,USA,California,Individual,Home,Yes,Website,3,1276849.33,1357.1933333333334,3.0,3,Growth-Oriented Investors,""Recommend commercial properties, portfolio diversification opportunities, rental yield analysis, and investment seminars."",Medium Investment"
"C0166,42,F,USA,Arizona,Individual,Home,Yes,Agency,4,1273643.37,1025.3225,4.0,3,Growth-Oriented Investors,""Recommend commercial properties, portfolio diversification opportunities, rental yield analysis, and investment seminars."",Medium Investment"
"C0167,71,F,UK,Scotland,Individual,Home,Yes,Website,7,2749577.33,1320.3814285714286,3.0,1,International Diversified Buyers,""Offer mortgage assistance, virtual property tours, overseas investment support, and flexible payment options."",High Investment"
"C0168,66,F,USA,Nevada,Individual,Home,No,Agency,4,1491785.87,1329.6025,3.0,3,Growth-Oriented Investors,""Recommend commercial properties, portfolio diversification opportunities, rental yield analysis, and investment seminars."",High Investment"
"C0169,36,M,USA,Ohio,Individual,Investment,Yes,Agency,3,688864.2,845.8633333333333,5.0,3,Growth-Oriented Investors,""Recommend commercial properties, portfolio diversification opportunities, rental yield analysis, and investment seminars."",Low Investment"
"C0170,77,M,USA,California,Individual,Home,No,Website,3,1161316.17,1339.7466666666667,5.0,3,Growth-Oriented Investors,""Recommend commercial properties, portfolio diversification opportunities, rental yield analysis, and investment seminars."",Medium Investment"
"C0171,35,F,USA,Washington,Individual,Investment,Yes,Client,4,1278753.71,1070.72,5.0,3,Growth-Oriented Investors,""Recommend commercial properties, portfolio diversification opportunities, rental yield analysis, and investment seminars."",Medium Investment"
"C0172,34,F,USA,Washington,Individual,Home,Yes,Agency,4,1681471.9100000001,1572.79,1.0,3,Growth-Oriented Investors,""Recommend commercial properties, portfolio diversification opportunities, rental yield analysis, and investment seminars."",High Investment"
"C0173,50,F,USA,Arizona,Individual,Home,Yes,Agency,8,2619968.43,1074.5925,5.0,3,Growth-Oriented Investors,""Recommend commercial properties, portfolio diversification opportunities, rental yield analysis, and investment seminars."",High Investment"
"C0174,44,F,USA,California,Individual,Investment,No,Client,3,865359.73,869.7866666666667,3.0,3,Growth-Oriented Investors,""Recommend commercial properties, portfolio diversification opportunities, rental yield analysis, and investment seminars."",Low Investment"
"C0175,64,M,USA,Washington,Individual,Home,No,Agency,4,1606138.1199999999,1313.38,5.0,3,Growth-Oriented Investors,""Recommend commercial properties, portfolio diversification opportunities, rental yield analysis, and investment seminars."",High Investment"
"C0176,33,F,USA,California,Individual,Home,No,Website,6,2681927.91,1514.8,2.0,3,Growth-Oriented Investors,""Recommend commercial properties, portfolio diversification opportunities, rental yield analysis, and investment seminars."",High Investment"
"C0177,75,F,UK,England,Individual,Home,Yes,Website,7,2269897.21,1160.9514285714286,5.0,1,International Diversified Buyers,""Offer mortgage assistance, virtual property tours, overseas investment support, and flexible payment options."",High Investment"
"C0178,74,F,USA,Virginia,Individual,Home,No,Agency,7,2665917.96,1284.9985714285715,4.0,3,Growth-Oriented Investors,""Recommend commercial properties, portfolio diversification opportunities, rental yield analysis, and investment seminars."",High Investment"
"C0179,40,F,USA,Oregon,Individual,Investment,No,Website,8,2131372.11,947.5450000000001,2.0,3,Growth-Oriented Investors,""Recommend commercial properties, portfolio diversification opportunities, rental yield analysis, and investment seminars."",High Investment"
"C0180,83,M,USA,California,Individual,Home,Yes,Agency,7,2660292.37,1249.51,2.0,3,Growth-Oriented Investors,""Recommend commercial properties, portfolio diversification opportunities, rental yield analysis, and investment seminars."",High Investment"
"C0181,56,M,USA,Texas,Individual,Home,Yes,Website,7,2047189.62,974.1771428571428,2.0,3,Growth-Oriented Investors,""Recommend commercial properties, portfolio diversification opportunities, rental yield analysis, and investment seminars."",High Investment"
"C0182,55,F,Germany,North Rhine-Westphalia,Individual,Investment,Yes,Website,8,3082362.35,1246.94625,1.0,1,International Diversified Buyers,""Offer mortgage assistance, virtual property tours, overseas investment support, and flexible payment options."",High Investment"
"C0183,38,M,USA,Nevada,Individual,Home,No,Website,7,1883106.92,907.1042857142857,3.0,3,Growth-Oriented Investors,""Recommend commercial properties, portfolio diversification opportunities, rental yield analysis, and investment seminars."",High Investment"
"C0184,32,M,USA,Florida,Individual,Home,No,Website,6,2618938.16,1481.7150000000001,1.0,2,Premium Independent Buyers,""Recommend luxury residences, VIP investment consultations, premium memberships, and exclusive project launches."",High Investment"
"C0185,81,F,USA,Nevada,Individual,Home,Yes,Agency,7,2491911.81,1137.2942857142857,4.0,3,Growth-Oriented Investors,""Recommend commercial properties, portfolio diversification opportunities, rental yield analysis, and investment seminars."",High Investment"
"C0186,44,F,USA,Virginia,Individual,Home,No,Website,8,2674286.63,1100.27125,1.0,3,Growth-Oriented Investors,""Recommend commercial properties, portfolio diversification opportunities, rental yield analysis, and investment seminars."",High Investment"
"C0187,36,F,USA,Florida,Individual,Home,No,Website,6,2066651.1400000001,1135.37,1.0,2,Premium Independent Buyers,""Recommend luxury residences, VIP investment consultations, premium memberships, and exclusive project launches."",High Investment"
"C0188,86,M,USA,Oregon,Individual,Home,Yes,Website,7,2891447.6,1263.962857142857,5.0,3,Growth-Oriented Investors,""Recommend commercial properties, portfolio diversification opportunities, rental yield analysis, and investment seminars."",High Investment"
"C0189,68,F,USA,California,Individual,Home,No,Agency,7,2209659.42,1024.6857142857143,2.0,3,Growth-Oriented Investors,""Recommend commercial properties, portfolio diversification opportunities, rental yield analysis, and investment seminars."",High Investment"
"C0190,55,F,USA,California,Individual,Home,No,Website,7,2276701.17,1049.1542857142856,2.0,3,Growth-Oriented Investors,""Recommend commercial properties, portfolio diversification opportunities, rental yield analysis, and investment seminars."",High Investment"
"C0191,49,F,USA,Florida,Individual,Home,No,Agency,8,2172926.7600000002,913.8512499999999,3.0,2,Premium Independent Buyers,""Recommend luxury residences, VIP investment consultations, premium memberships, and exclusive project launches."",High Investment"
"C0192,42,F,Belgium,Brussels,Individual,Investment,Yes,Website,7,2900509.0999999996,1304.7214285714288,2.0,3,Growth-Oriented Investors,""Recommend commercial properties, portfolio diversification opportunities, rental yield analysis, and investment seminars."",High Investment"
"C0193,58,F,USA,California,Individual,Investment,Yes,Website,7,1933778.2399999998,962.7214285714286,4.0,3,Growth-Oriented Investors,""Recommend commercial properties, portfolio diversification opportunities, rental yield analysis, and investment seminars."",High Investment"
"C0194,73,M,France,Ile-de-France,Individual,Home,Yes,Website,7,2759372.27,1237.292857142857,5.0,1,International Diversified Buyers,""Offer mortgage assistance, virtual property tours, overseas investment support, and flexible payment options."",High Investment"
"C0195,79,M,USA,California,Individual,Home,Yes,Website,7,2102233.85,1029.2714285714285,2.0,3,Growth-Oriented Investors,""Recommend commercial properties, portfolio diversification opportunities, rental yield analysis, and investment seminars."",High Investment"
"C0196,69,M,USA,Nevada,Individual,Investment,No,Agency,6,2611736.44,1411.9466666666667,5.0,3,Growth-Oriented Investors,""Recommend commercial properties, portfolio diversification opportunities, rental yield analysis, and investment seminars."",High Investment"
"C0197,82,M,USA,Virginia,Individual,Home,No,Client,8,2775768.6,1082.87,4.0,3,Growth-Oriented Investors,""Recommend commercial properties, portfolio diversification opportunities, rental yield analysis, and investment seminars."",High Investment"
"C0198,50,F,USA,California,Individual,Home,No,Website,8,2399689.67,997.5475,4.0,3,Growth-Oriented Investors,""Recommend commercial properties, portfolio diversification opportunities, rental yield analysis, and investment seminars."",High Investment"
"C0199,68,M,USA,California,Individual,Home,No,Agency,7,2582959.87,1162.7385714285715,3.0,3,Growth-Oriented Investors,""Recommend commercial properties, portfolio diversification opportunities, rental yield analysis, and investment seminars."",High Investment"
"C0200,82,F,USA,California,Individual,Home,No,Agency,4,1071359.3900000001,920.7075,1.0,3,Growth-Oriented Investors,""Recommend commercial properties, portfolio diversification opportunities, rental yield analysis, and investment seminars."",Low Investment"
"C0201,58,F,USA,California,Individual,Home,No,Agency,4,1298787.54,1147.435,1.0,3,Growth-Oriented Investors,""Recommend commercial properties, portfolio diversification opportunities, rental yield analysis, and investment seminars."",Medium Investment"
"C0202,30,M,Canada,British Columbia,Individual,Home,No,Website,3,1019272.5900000001,1049.3799999999999,1.0,1,International Diversified Buyers,""Offer mortgage assistance, virtual property tours, overseas investment support, and flexible payment options."",Low Investment"
"C0203,70,F,USA,California,Individual,Home,No,Client,4,1242478.83,916.0375,4.0,3,Growth-Oriented Investors,""Recommend commercial properties, portfolio diversification opportunities, rental yield analysis, and investment seminars."",Medium Investment"
"C0204,79,F,USA,California,Individual,Home,No,Agency,3,934432.98,1042.7266666666667,5.0,3,Growth-Oriented Investors,""Recommend commercial properties, portfolio diversification opportunities, rental yield analysis, and investment seminars."",Low Investment"
"C0205,58,F,Mexico,Puebla,Individual,Home,Yes,Agency,3,949224.48,1072.7266666666667,1.0,1,International Diversified Buyers,""Offer mortgage assistance, virtual property tours, overseas investment support, and flexible payment options."",Low Investment"
"C0206,69,F,USA,California,Individual,Home,Yes,Agency,3,853060.9299999999,851.4266666666667,1.0,3,Growth-Oriented Investors,""Recommend commercial properties, portfolio diversification opportunities, rental yield analysis, and investment seminars."",Low Investment"
"C0207,82,M,USA,Virginia,Individual,Investment,No,Website,3,889948.76,1104.51,4.0,3,Growth-Oriented Investors,""Recommend commercial properties, portfolio diversification opportunities, rental yield analysis, and investment seminars."",Low Investment"
"C0208,40,M,France,Provence,Individual,Home,Yes,Agency,4,1199654.38,997.4100000000001,4.0,1,International Diversified Buyers,""Offer mortgage assistance, virtual property tours, overseas investment support, and flexible payment options."",Medium Investment"
"C0209,77,M,USA,Arizona,Individual,Investment,No,Agency,4,979868.13,794.1275,3.0,3,Growth-Oriented Investors,""Recommend commercial properties, portfolio diversification opportunities, rental yield analysis, and investment seminars."",Low Investment"
"C0210,83,F,USA,Colorado,Individual,Home,No,Website,4,1346156.55,1135.53,2.0,3,Growth-Oriented Investors,""Recommend commercial properties, portfolio diversification opportunities, rental yield analysis, and investment seminars."",Medium Investment"
"C0211,54,F,USA,California,Individual,Home,No,Agency,4,1254240.07,1053.27,3.0,3,Growth-Oriented Investors,""Recommend commercial properties, portfolio diversification opportunities, rental yield analysis, and investment seminars."",Medium Investment"
"C0212,70,M,USA,California,Individual,Home,No,Agency,3,1068278.76,1224.68,4.0,3,Growth-Oriented Investors,""Recommend commercial properties, portfolio diversification opportunities, rental yield analysis, and investment seminars."",Low Investment"
"C0213,50,M,USA,Florida,Individual,Investment,No,Agency,3,809691.13,897.3100000000001,5.0,2,Premium Independent Buyers,""Recommend luxury residences, VIP investment consultations, premium memberships, and exclusive project launches."",Low Investment"
"C0214,80,F,Belgium,Brussels,Individual,Investment,No,Website,3,1070534.6400000001,1179.5233333333333,5.0,3,Growth-Oriented Investors,""Recommend commercial properties, portfolio diversification opportunities, rental yield analysis, and investment seminars."",Low Investment"
"C0215,27,F,Germany,Hamburg,Individual,Investment,No,Website,3,1032856.46,1110.27,4.0,1,International Diversified Buyers,""Offer mortgage assistance, virtual property tours, overseas investment support, and flexible payment options."",Low Investment"
"C0216,27,M,USA,Utah,Individual,Home,No,Website,4,1352642.3399999999,1063.04,1.0,3,Growth-Oriented Investors,""Recommend commercial properties, portfolio diversification opportunities, rental yield analysis, and investment seminars."",Medium Investment"
"C0217,42,F,USA,Colorado,Individual,Home,No,Website,4,1238434.91,1019.1225,3.0,3,Growth-Oriented Investors,""Recommend commercial properties, portfolio diversification opportunities, rental yield analysis, and investment seminars."",Medium Investment"
"C0218,56,F,USA,California,Individual,Home,No,Website,3,836639.27,913.6700000000001,2.0,3,Growth-Oriented Investors,""Recommend commercial properties, portfolio diversification opportunities, rental yield analysis, and investment seminars."",Low Investment"
"C0219,38,M,USA,California,Individual,Home,No,Website,4,1267653.57,1035.1925,4.0,3,Growth-Oriented Investors,""Recommend commercial properties, portfolio diversification opportunities, rental yield analysis, and investment seminars."",Medium Investment"
"C0220,75,M,Canada,Ontario,Individual,Investment,No,Website,3,1060812.68,1101.55,1.0,1,International Diversified Buyers,""Offer mortgage assistance, virtual property tours, overseas investment support, and flexible payment options."",Low Investment"
"C0221,39,F,USA,California,Company,Home,No,Website,4,1377133.5999999999,1186.5225,5.0,3,Growth-Oriented Investors,""Recommend commercial properties, portfolio diversification opportunities, rental yield analysis, and investment seminars."",High Investment"
"C0222,70,M,USA,Utah,Individual,Investment,No,Agency,3,1223560.82,1517.47,3.0,3,Growth-Oriented Investors,""Recommend commercial properties, portfolio diversification opportunities, rental yield analysis, and investment seminars."",Medium Investment"
"C0223,53,M,USA,Colorado,Individual,Investment,Yes,Website,4,969341.87,837.5225,3.0,3,Growth-Oriented Investors,""Recommend commercial properties, portfolio diversification opportunities, rental yield analysis, and investment seminars."",Low Investment"
"C0224,66,M,USA,Colorado,Individual,Home,No,Website,3,1189255.63,1330.2166666666667,5.0,3,Growth-Oriented Investors,""Recommend commercial properties, portfolio diversification opportunities, rental yield analysis, and investment seminars."",Medium Investment"
"C0225,78,F,USA,California,Individual,Home,Yes,Agency,4,1120626.94,905.7525,1.0,3,Growth-Oriented Investors,""Recommend commercial properties, portfolio diversification opportunities, rental yield analysis, and investment seminars."",Medium Investment"
"C0226,68,F,USA,Colorado,Individual,Home,No,Website,3,1571251.03,1599.3433333333332,2.0,3,Growth-Oriented Investors,""Recommend commercial properties, portfolio diversification opportunities, rental yield analysis, and investment seminars."",High Investment"
"C0227,82,F,USA,Arizona,Individual,Home,Yes,Website,3,942245.37,1104.51,5.0,3,Growth-Oriented Investors,""Recommend commercial properties, portfolio diversification opportunities, rental yield analysis, and investment seminars."",Low Investment"
"C0228,74,F,USA,Oregon,Individual,Investment,No,Website,3,606605.72,610.62,4.0,3,Growth-Oriented Investors,""Recommend commercial properties, portfolio diversification opportunities, rental yield analysis, and investment seminars."",Low Investment"
"C0229,45,M,USA,Colorado,Individual,Investment,No,Website,3,892220.13,900.46,5.0,3,Growth-Oriented Investors,""Recommend commercial properties, portfolio diversification opportunities, rental yield analysis, and investment seminars."",Low Investment"
"C0230,49,M,USA,Nevada,Company,Investment,Yes,Website,4,1457429.02,1104.2925,4.0,3,Growth-Oriented Investors,""Recommend commercial properties, portfolio diversification opportunities, rental yield analysis, and investment seminars."",High Investment"
"C0231,33,M,Denmark,Central Denmark,Individual,Investment,Yes,Website,3,729893.08,849.6366666666667,2.0,1,International Diversified Buyers,""Offer mortgage assistance, virtual property tours, overseas investment support, and flexible payment options."",Low Investment"
"C0232,64,F,USA,California,Individual,Home,Yes,Website,4,1276710.4900000002,1036.6525,3.0,3,Growth-Oriented Investors,""Recommend commercial properties, portfolio diversification opportunities, rental yield analysis, and investment seminars."",Medium Investment"
"C0233,29,M,France,Provence,Individual,Home,Yes,Website,4,1105806.54,914.3125,4.0,1,International Diversified Buyers,""Offer mortgage assistance, virtual property tours, overseas investment support, and flexible payment options."",Medium Investment"
"C0234,47,F,USA,New York,Individual,Home,Yes,Website,3,839967.04,973.09,1.0,0,Stable Home Buyers,""Recommend residential apartments, family villas, loyalty rewards, and simplified online booking services."",Low Investment"
"C0235,77,M,USA,California,Individual,Home,No,Website,4,1268586.58,1092.085,5.0,3,Growth-Oriented Investors,""Recommend commercial properties, portfolio diversification opportunities, rental yield analysis, and investment seminars."",Medium Investment"
"C0236,54,M,Canada,Manitoba,Individual,Home,No,Agency,3,1321475.69,1449.5,3.0,1,International Diversified Buyers,""Offer mortgage assistance, virtual property tours, overseas investment support, and flexible payment options."",Medium Investment"
"C0237,42,M,USA,California,Individual,Home,Yes,Website,3,1392353.31,1630.1366666666665,5.0,3,Growth-Oriented Investors,""Recommend commercial properties, portfolio diversification opportunities, rental yield analysis, and investment seminars."",High Investment"
"C0238,44,F,USA,Virginia,Individual,Home,Yes,Agency,3,1125732.72,1125.17,4.0,3,Growth-Oriented Investors,""Recommend commercial properties, portfolio diversification opportunities, rental yield analysis, and investment seminars."",Medium Investment"
"C0239,53,F,USA,Oregon,Individual,Home,Yes,Website,4,1352763.67,1011.5799999999999,3.0,3,Growth-Oriented Investors,""Recommend commercial properties, portfolio diversification opportunities, rental yield analysis, and investment seminars."",Medium Investment"
"C0240,84,F,USA,Colorado,Individual,Investment,No,Website,3,935028.28,1022.67,3.0,3,Growth-Oriented Investors,""Recommend commercial properties, portfolio diversification opportunities, rental yield analysis, and investment seminars."",Low Investment"
"C0241,64,F,Mexico,Nuevo Leon,Individual,Home,Yes,Website,3,1025934.71,1110.27,5.0,1,International Diversified Buyers,""Offer mortgage assistance, virtual property tours, overseas investment support, and flexible payment options."",Low Investment"
"C0242,28,M,USA,Utah,Individual,Home,Yes,Agency,4,1358315.73,1191.1025,3.0,3,Growth-Oriented Investors,""Recommend commercial properties, portfolio diversification opportunities, rental yield analysis, and investment seminars."",Medium Investment"
"C0243,48,F,USA,Utah,Individual,Home,No,Website,4,1382777.8900000001,1286.2725,2.0,3,Growth-Oriented Investors,""Recommend commercial properties, portfolio diversification opportunities, rental yield analysis, and investment seminars."",High Investment"
"C0244,28,F,USA,California,Individual,Home,No,Website,3,1046652.28,1095.0333333333335,1.0,3,Growth-Oriented Investors,""Recommend commercial properties, portfolio diversification opportunities, rental yield analysis, and investment seminars."",Low Investment"
"C0245,52,M,USA,Nevada,Individual,Investment,No,Agency,3,1354584.5,1439.256666666667,4.0,3,Growth-Oriented Investors,""Recommend commercial properties, portfolio diversification opportunities, rental yield analysis, and investment seminars."",Medium Investment"
"C0246,34,M,France,Normandy,Individual,Home,Yes,Agency,3,1024485.26,1117.9399999999998,1.0,1,International Diversified Buyers,""Offer mortgage assistance, virtual property tours, overseas investment support, and flexible payment options."",Low Investment"
"C0247,61,M,USA,California,Individual,Home,No,Website,4,1696540.52,1458.93,1.0,3,Growth-Oriented Investors,""Recommend commercial properties, portfolio diversification opportunities, rental yield analysis, and investment seminars."",High Investment"
"C0248,58,M,USA,Florida,Individual,Home,Yes,Agency,3,1035934.63,1224.68,4.0,2,Premium Independent Buyers,""Recommend luxury residences, VIP investment consultations, premium memberships, and exclusive project launches."",Low Investment"
"C0249,58,F,USA,California,Individual,Investment,No,Agency,4,1142995.52,1027.3249999999998,4.0,3,Growth-Oriented Investors,""Recommend commercial properties, portfolio diversification opportunities, rental yield analysis, and investment seminars."",Medium Investment"
"C0250,79,M,UK,England,Individual,Home,No,Agency,3,982306.66,1076.69,2.0,1,International Diversified Buyers,""Offer mortgage assistance, virtual property tours, overseas investment support, and flexible payment options."",Low Investment"
"C0251,50,F,USA,Utah,Individual,Home,No,Website,3,463611.95,564.01,5.0,3,Growth-Oriented Investors,""Recommend commercial properties, portfolio diversification opportunities, rental yield analysis, and investment seminars."",Low Investment"
"C0252,73,F,USA,Nevada,Individual,Investment,No,Website,3,1082221.48,1209.64,2.0,3,Growth-Oriented Investors,""Recommend commercial properties, portfolio diversification opportunities, rental yield analysis, and investment seminars."",Low Investment"
"C0253,32,F,USA,Virginia,Individual,Home,No,Website,4,1239226.11,1052.8325,4.0,3,Growth-Oriented Investors,""Recommend commercial properties, portfolio diversification opportunities, rental yield analysis, and investment seminars."",Medium Investment"
"C0254,70,F,USA,Florida,Individual,Home,No,Website,4,1332152.57,1096.3725,5.0,2,Premium Independent Buyers,""Recommend luxury residences, VIP investment consultations, premium memberships, and exclusive project launches."",Medium Investment"
"C0255,65,F,UK,England,Individual,Investment,Yes,Client,4,1689083.06,1253.3075,3.0,1,International Diversified Buyers,""Offer mortgage assistance, virtual property tours, overseas investment support, and flexible payment options."",High Investment"
"C0256,36,M,USA,California,Individual,Home,Yes,Website,3,1150229.15,1281.3166666666666,1.0,3,Growth-Oriented Investors,""Recommend commercial properties, portfolio diversification opportunities, rental yield analysis, and investment seminars."",Medium Investment"
"C0257,52,M,USA,California,Individual,Home,No,Website,3,1145456.23,1277.84,1.0,3,Growth-Oriented Investors,""Recommend commercial properties, portfolio diversification opportunities, rental yield analysis, and investment seminars."",Medium Investment"
"C0258,35,M,UK,Northern Ireland,Individual,Home,Yes,Agency,3,1001712.37,1173.1833333333334,4.0,1,International Diversified Buyers,""Offer mortgage assistance, virtual property tours, overseas investment support, and flexible payment options."",Low Investment"
"C0259,36,F,USA,Oregon,Individual,Home,No,Website,3,779396.4099999999,842.68,4.0,3,Growth-Oriented Investors,""Recommend commercial properties, portfolio diversification opportunities, rental yield analysis, and investment seminars."",Low Investment"
"C0260,80,F,USA,Nevada,Individual,Investment,No,Website,4,1057192.79,820.9225,3.0,3,Growth-Oriented Investors,""Recommend commercial properties, portfolio diversification opportunities, rental yield analysis, and investment seminars."",Low Investment"
"C0261,41,F,USA,Florida,Company,Investment,Yes,Website,4,2094623.1,1676.3825,4.0,2,Premium Independent Buyers,""Recommend luxury residences, VIP investment consultations, premium memberships, and exclusive project launches."",High Investment"
"C0262,79,M,USA,Oregon,Individual,Home,No,Website,3,1233260.4,1359.24,2.0,3,Growth-Oriented Investors,""Recommend commercial properties, portfolio diversification opportunities, rental yield analysis, and investment seminars."",Medium Investment"
"C0263,45,M,USA,Nevada,Individual,Investment,Yes,Website,3,969140.41,1016.7633333333333,2.0,3,Growth-Oriented Investors,""Recommend commercial properties, portfolio diversification opportunities, rental yield analysis, and investment seminars."",Low Investment"
"C0264,34,F,USA,Colorado,Individual,Home,Yes,Agency,4,1127766.02,972.245,2.0,3,Growth-Oriented Investors,""Recommend commercial properties, portfolio diversification opportunities, rental yield analysis, and investment seminars."",Medium Investment"
"C0265,59,M,Belgium,Flanders,Company,Home,No,Website,4,1708031.99,1293.0725,1.0,3,Growth-Oriented Investors,""Recommend commercial properties, portfolio diversification opportunities, rental yield analysis, and investment seminars."",High Investment"
"C0266,49,M,USA,California,Individual,Home,Yes,Agency,3,931646.38,1078.7866666666666,5.0,3,Growth-Oriented Investors,""Recommend commercial properties, portfolio diversification opportunities, rental yield analysis, and investment seminars."",Low Investment"
"C0267,78,F,USA,Utah,Individual,Home,Yes,Agency,4,1314495.01,1096.12,4.0,3,Growth-Oriented Investors,""Recommend commercial properties, portfolio diversification opportunities, rental yield analysis, and investment seminars."",Medium Investment"
"C0268,67,F,USA,Georgia,Individual,Investment,No,Website,4,1108939.8599999999,900.39,3.0,3,Growth-Oriented Investors,""Recommend commercial properties, portfolio diversification opportunities, rental yield analysis, and investment seminars."",Medium Investment"
"C0269,57,M,USA,New York,Individual,Home,No,Agency,3,1049110.08,1076.69,2.0,0,Stable Home Buyers,""Recommend residential apartments, family villas, loyalty rewards, and simplified online booking services."",Low Investment"
"C0270,82,F,USA,Florida,Individual,Home,No,Website,3,924009.9,983.4266666666667,5.0,2,Premium Independent Buyers,""Recommend luxury residences, VIP investment consultations, premium memberships, and exclusive project launches."",Low Investment"
"C0271,54,F,USA,California,Individual,Investment,No,Agency,4,1295689.37,1024.3375,3.0,3,Growth-Oriented Investors,""Recommend commercial properties, portfolio diversification opportunities, rental yield analysis, and investment seminars."",Medium Investment"
"C0272,33,F,UK,Scotland,Individual,Home,Yes,Website,4,1439584.37,1248.58,5.0,1,International Diversified Buyers,""Offer mortgage assistance, virtual property tours, overseas investment support, and flexible payment options."",High Investment"
"C0273,39,M,Denmark,Zealand,Individual,Investment,No,Website,3,682452.64,801.46,2.0,1,International Diversified Buyers,""Offer mortgage assistance, virtual property tours, overseas investment support, and flexible payment options."",Low Investment"
"C0274,76,M,USA,Florida,Individual,Home,No,Website,3,1343449.34,1467.89,2.0,2,Premium Independent Buyers,""Recommend luxury residences, VIP investment consultations, premium memberships, and exclusive project launches."",Medium Investment"
"C0275,26,M,USA,Oregon,Individual,Home,Yes,Website,4,1237500.3,1177.3375,1.0,3,Growth-Oriented Investors,""Recommend commercial properties, portfolio diversification opportunities, rental yield analysis, and investment seminars."",Medium Investment"
"C0276,73,F,USA,Washington,Individual,Home,No,Website,3,1011195.98,1164.9766666666667,5.0,3,Growth-Oriented Investors,""Recommend commercial properties, portfolio diversification opportunities, rental yield analysis, and investment seminars."",Low Investment"
"C0277,72,M,USA,Colorado,Individual,Investment,Yes,Agency,3,1123449.53,1286.4266666666667,1.0,3,Growth-Oriented Investors,""Recommend commercial properties, portfolio diversification opportunities, rental yield analysis, and investment seminars."",Medium Investment"
"C0278,71,F,USA,California,Individual,Investment,Yes,Website,3,1442538.67,1685.2766666666666,2.0,3,Growth-Oriented Investors,""Recommend commercial properties, portfolio diversification opportunities, rental yield analysis, and investment seminars."",High Investment"
"C0279,59,F,USA,Oregon,Individual,Home,No,Website,3,1012986.25,1170.3533333333332,1.0,3,Growth-Oriented Investors,""Recommend commercial properties, portfolio diversification opportunities, rental yield analysis, and investment seminars."",Low Investment"
"C0280,82,M,USA,Florida,Individual,Home,No,Client,4,1282020.93,1154.2525,4.0,2,Premium Independent Buyers,""Recommend luxury residences, VIP investment consultations, premium memberships, and exclusive project launches."",Medium Investment"
"C0281,49,F,USA,California,Individual,Home,Yes,Agency,3,1256275.37,1388.4566666666667,1.0,3,Growth-Oriented Investors,""Recommend commercial properties, portfolio diversification opportunities, rental yield analysis, and investment seminars."",Medium Investment"
"C0282,29,F,USA,California,Individual,Investment,No,Website,4,973863.8,858.9825,1.0,3,Growth-Oriented Investors,""Recommend commercial properties, portfolio diversification opportunities, rental yield analysis, and investment seminars."",Low Investment"
"C0283,64,F,USA,Arizona,Individual,Home,Yes,Agency,4,1118599.47,922.54,2.0,3,Growth-Oriented Investors,""Recommend commercial properties, portfolio diversification opportunities, rental yield analysis, and investment seminars."",Medium Investment"
"C0284,49,M,USA,Arizona,Individual,Home,No,Client,4,1251975.85,994.0725,4.0,3,Growth-Oriented Investors,""Recommend commercial properties, portfolio diversification opportunities, rental yield analysis, and investment seminars."",Medium Investment"
"C0285,27,M,France,Ile-de-France,Individual,Investment,No,Website,4,1679056.13,1423.1725,3.0,1,International Diversified Buyers,""Offer mortgage assistance, virtual property tours, overseas investment support, and flexible payment options."",High Investment"
"C0286,30,M,UK,Scotland,Individual,Home,No,Agency,3,859353.0900000001,988.6033333333334,1.0,1,International Diversified Buyers,""Offer mortgage assistance, virtual property tours, overseas investment support, and flexible payment options."",Low Investment"
"C0287,36,F,Australia,New South Wales,Individual,Home,No,Website,3,1171265.03,1205.9633333333334,5.0,1,International Diversified Buyers,""Offer mortgage assistance, virtual property tours, overseas investment support, and flexible payment options."",Medium Investment"
"C0288,29,M,USA,Colorado,Individual,Investment,No,Agency,4,1364289.23,1198.3725,4.0,3,Growth-Oriented Investors,""Recommend commercial properties, portfolio diversification opportunities, rental yield analysis, and investment seminars."",High Investment"
"C0289,33,F,USA,California,Individual,Investment,No,Agency,4,1533862.35,1200.2725,5.0,3,Growth-Oriented Investors,""Recommend commercial properties, portfolio diversification opportunities, rental yield analysis, and investment seminars."",High Investment"
"C0290,64,M,USA,California,Individual,Home,No,Website,3,1215398.18,1337.1733333333334,2.0,3,Growth-Oriented Investors,""Recommend commercial properties, portfolio diversification opportunities, rental yield analysis, and investment seminars."",Medium Investment"
"C0291,73,M,USA,Nevada,Individual,Home,No,Agency,3,1322506.76,1523.6933333333334,2.0,3,Growth-Oriented Investors,""Recommend commercial properties, portfolio diversification opportunities, rental yield analysis, and investment seminars."",Medium Investment"
"C0292,81,F,USA,California,Individual,Home,No,Agency,4,1442818.3399999999,1084.0625,1.0,3,Growth-Oriented Investors,""Recommend commercial properties, portfolio diversification opportunities, rental yield analysis, and investment seminars."",High Investment"
"C0293,33,F,USA,California,Individual,Investment,No,Website,4,1580876.65,1299.3274999999999,4.0,3,Growth-Oriented Investors,""Recommend commercial properties, portfolio diversification opportunities, rental yield analysis, and investment seminars."",High Investment"
"C0294,63,M,USA,Nevada,Individual,Home,Yes,Website,4,1027250.91,825.1324999999999,3.0,3,Growth-Oriented Investors,""Recommend commercial properties, portfolio diversification opportunities, rental yield analysis, and investment seminars."",Low Investment"
"C0295,59,M,Russia,Tatarstan,Individual,Home,No,Agency,3,1350375.73,1413.8666666666668,3.0,1,International Diversified Buyers,""Offer mortgage assistance, virtual property tours, overseas investment support, and flexible payment options."",Medium Investment"
"C0296,42,M,Canada,Manitoba,Individual,Home,Yes,Client,3,1142875.46,1238.0233333333333,1.0,1,International Diversified Buyers,""Offer mortgage assistance, virtual property tours, overseas investment support, and flexible payment options."",Medium Investment"
"C0297,54,F,UK,Wales,Individual,Investment,No,Agency,4,1709184.75,1422.9925,5.0,1,International Diversified Buyers,""Offer mortgage assistance, virtual property tours, overseas investment support, and flexible payment options."",High Investment"
"C0298,54,F,USA,Oregon,Individual,Home,No,Website,4,1262479.23,1069.63,3.0,3,Growth-Oriented Investors,""Recommend commercial properties, portfolio diversification opportunities, rental yield analysis, and investment seminars."",Medium Investment"
"C0299,49,F,UK,Wales,Individual,Home,No,Agency,4,1177661.76,948.7574999999999,5.0,1,International Diversified Buyers,""Offer mortgage assistance, virtual property tours, overseas investment support, and flexible payment options."",Medium Investment"
"C0300,67,M,Canada,Alberta,Individual,Home,Yes,Website,3,844956.55,877.9633333333333,5.0,1,International Diversified Buyers,""Offer mortgage assistance, virtual property tours, overseas investment support, and flexible payment options."",Low Investment"
"C0301,67,F,USA,Virginia,Individual,Home,No,Agency,3,1045776.52,1286.4266666666667,4.0,3,Growth-Oriented Investors,""Recommend commercial properties, portfolio diversification opportunities, rental yield analysis, and investment seminars."",Low Investment"
"C0302,50,F,USA,Utah,Individual,Investment,No,Agency,4,1654300.33,1239.145,1.0,3,Growth-Oriented Investors,""Recommend commercial properties, portfolio diversification opportunities, rental yield analysis, and investment seminars."",High Investment"
"C0303,69,F,USA,Virginia,Individual,Investment,Yes,Website,4,1519113.12,1242.0825,5.0,3,Growth-Oriented Investors,""Recommend commercial properties, portfolio diversification opportunities, rental yield analysis, and investment seminars."",High Investment"
"C0304,67,M,USA,California,Individual,Investment,No,Agency,4,1685753.28,1333.5625,1.0,3,Growth-Oriented Investors,""Recommend commercial properties, portfolio diversification opportunities, rental yield analysis, and investment seminars."",High Investment"
"C0305,31,F,USA,Arizona,Individual,Home,No,Website,3,1327736.23,1493.243333333333,1.0,3,Growth-Oriented Investors,""Recommend commercial properties, portfolio diversification opportunities, rental yield analysis, and investment seminars."",Medium Investment"
"C0306,38,M,USA,California,Individual,Home,No,Client,4,1399698.79,1075.5049999999999,1.0,3,Growth-Oriented Investors,""Recommend commercial properties, portfolio diversification opportunities, rental yield analysis, and investment seminars."",High Investment"
"C0307,34,M,USA,California,Individual,Home,Yes,Client,4,1490170.3800000001,1167.105,5.0,3,Growth-Oriented Investors,""Recommend commercial properties, portfolio diversification opportunities, rental yield analysis, and investment seminars."",High Investment"
"C0308,54,F,Belgium,Flanders,Individual,Investment,Yes,Agency,3,1176582.54,1343.8166666666666,4.0,3,Growth-Oriented Investors,""Recommend commercial properties, portfolio diversification opportunities, rental yield analysis, and investment seminars."",Medium Investment"
"C0309,69,F,USA,Washington,Individual,Home,No,Agency,3,1382649.58,1412.2166666666665,4.0,3,Growth-Oriented Investors,""Recommend commercial properties, portfolio diversification opportunities, rental yield analysis, and investment seminars."",High Investment"
"C0310,34,M,UK,Northern Ireland,Individual,Home,No,Website,3,1389329.62,1565.3233333333335,3.0,1,International Diversified Buyers,""Offer mortgage assistance, virtual property tours, overseas investment support, and flexible payment options."",High Investment"
"C0311,74,M,USA,Georgia,Individual,Home,No,Website,4,1632999.56,1312.8225,2.0,3,Growth-Oriented Investors,""Recommend commercial properties, portfolio diversification opportunities, rental yield analysis, and investment seminars."",High Investment"
"C0312,85,M,USA,Nevada,Individual,Home,Yes,Website,4,1105668.66,962.3199999999999,3.0,3,Growth-Oriented Investors,""Recommend commercial properties, portfolio diversification opportunities, rental yield analysis, and investment seminars."",Medium Investment"
"C0313,52,M,USA,California,Company,Home,No,Agency,3,1091085.9300000002,1190.3133333333333,1.0,3,Growth-Oriented Investors,""Recommend commercial properties, portfolio diversification opportunities, rental yield analysis, and investment seminars."",Medium Investment"
"C0314,44,M,USA,Washington,Individual,Investment,No,Agency,3,1040795.02,1138.4233333333334,4.0,3,Growth-Oriented Investors,""Recommend commercial properties, portfolio diversification opportunities, rental yield analysis, and investment seminars."",Low Investment"
"C0315,39,M,Mexico,Baja California,Individual,Investment,No,Website,4,1178606.56,979.6775,5.0,1,International Diversified Buyers,""Offer mortgage assistance, virtual property tours, overseas investment support, and flexible payment options."",Medium Investment"
"C0316,29,M,UK,Scotland,Individual,Investment,Yes,Website,4,1792447.27,1338.8999999999999,4.0,1,International Diversified Buyers,""Offer mortgage assistance, virtual property tours, overseas investment support, and flexible payment options."",High Investment"
"C0317,27,F,USA,California,Individual,Investment,Yes,Website,3,1248444.31,1451.2533333333333,2.0,3,Growth-Oriented Investors,""Recommend commercial properties, portfolio diversification opportunities, rental yield analysis, and investment seminars."",Medium Investment"
"C0318,52,F,Germany,Berlin,Individual,Home,No,Website,3,871968.67,927.6066666666666,5.0,1,International Diversified Buyers,""Offer mortgage assistance, virtual property tours, overseas investment support, and flexible payment options."",Low Investment"
"C0319,31,F,USA,Texas,Company,Home,Yes,Website,4,2061054.65,1726.0575,5.0,3,Growth-Oriented Investors,""Recommend commercial properties, portfolio diversification opportunities, rental yield analysis, and investment seminars."",High Investment"
"C0320,42,M,USA,Texas,Individual,Home,Yes,Client,3,1317732.09,1465.92,3.0,3,Growth-Oriented Investors,""Recommend commercial properties, portfolio diversification opportunities, rental yield analysis, and investment seminars."",Medium Investment"
"C0321,34,M,USA,California,Individual,Investment,No,Agency,4,1701753.71,1321.76,2.0,3,Growth-Oriented Investors,""Recommend commercial properties, portfolio diversification opportunities, rental yield analysis, and investment seminars."",High Investment"
"C0322,30,F,USA,California,Individual,Home,Yes,Website,3,1347002.93,1445.2933333333333,2.0,3,Growth-Oriented Investors,""Recommend commercial properties, portfolio diversification opportunities, rental yield analysis, and investment seminars."",Medium Investment"
"C0323,51,F,USA,California,Individual,Investment,Yes,Website,3,1230825.62,1308.5133333333333,2.0,3,Growth-Oriented Investors,""Recommend commercial properties, portfolio diversification opportunities, rental yield analysis, and investment seminars."",Medium Investment"
"C0324,33,M,USA,Washington,Individual,Home,No,Website,3,1147121.25,1313.16,4.0,3,Growth-Oriented Investors,""Recommend commercial properties, portfolio diversification opportunities, rental yield analysis, and investment seminars."",Medium Investment"
"C0325,43,F,USA,California,Individual,Home,Yes,Agency,4,1205175.56,1030.1225,5.0,3,Growth-Oriented Investors,""Recommend commercial properties, portfolio diversification opportunities, rental yield analysis, and investment seminars."",Medium Investment"
"C0326,68,M,USA,Oregon,Individual,Investment,Yes,Agency,4,1321975.5,1028.1275,4.0,3,Growth-Oriented Investors,""Recommend commercial properties, portfolio diversification opportunities, rental yield analysis, and investment seminars."",Medium Investment"
"C0327,65,F,UK,Scotland,Individual,Home,No,Agency,4,1116366.72,933.355,1.0,1,International Diversified Buyers,""Offer mortgage assistance, virtual property tours, overseas investment support, and flexible payment options."",Medium Investment"
"C0328,80,M,USA,California,Individual,Home,Yes,Client,4,1356560.31,1030.21,1.0,3,Growth-Oriented Investors,""Recommend commercial properties, portfolio diversification opportunities, rental yield analysis, and investment seminars."",Medium Investment"
"C0329,28,F,Germany,Hesse,Individual,Home,No,Agency,3,770062.4,922.6666666666666,3.0,1,International Diversified Buyers,""Offer mortgage assistance, virtual property tours, overseas investment support, and flexible payment options."",Low Investment"
"C0330,51,M,USA,California,Individual,Home,No,Website,4,1331463.63,1146.9925,1.0,3,Growth-Oriented Investors,""Recommend commercial properties, portfolio diversification opportunities, rental yield analysis, and investment seminars."",Medium Investment"
"C0331,42,F,USA,California,Individual,Investment,No,Agency,4,1546334.4,1259.95,3.0,3,Growth-Oriented Investors,""Recommend commercial properties, portfolio diversification opportunities, rental yield analysis, and investment seminars."",High Investment"
"C0332,37,M,USA,Texas,Individual,Investment,No,Website,3,1209987.46,1435.6633333333332,3.0,3,Growth-Oriented Investors,""Recommend commercial properties, portfolio diversification opportunities, rental yield analysis, and investment seminars."",Medium Investment"
"C0333,71,F,UK,Wales,Individual,Home,No,Website,3,1118960.06,1203.39,3.0,1,International Diversified Buyers,""Offer mortgage assistance, virtual property tours, overseas investment support, and flexible payment options."",Medium Investment"
"C0334,76,M,USA,Arizona,Individual,Investment,No,Agency,4,1445655.93,1047.99,3.0,3,Growth-Oriented Investors,""Recommend commercial properties, portfolio diversification opportunities, rental yield analysis, and investment seminars."",High Investment"
"C0335,51,M,USA,Arizona,Individual,Home,No,Website,4,1478341.12,1190.4075,4.0,3,Growth-Oriented Investors,""Recommend commercial properties, portfolio diversification opportunities, rental yield analysis, and investment seminars."",High Investment"
"C0336,55,F,USA,California,Individual,Investment,No,Agency,3,1163690.5899999999,1226.8766666666668,5.0,3,Growth-Oriented Investors,""Recommend commercial properties, portfolio diversification opportunities, rental yield analysis, and investment seminars."",Medium Investment"
"C0337,84,M,USA,Arizona,Individual,Home,Yes,Website,3,759310.2,893.3766666666667,3.0,3,Growth-Oriented Investors,""Recommend commercial properties, portfolio diversification opportunities, rental yield analysis, and investment seminars."",Low Investment"
"C0338,83,M,USA,California,Individual,Home,Yes,Website,4,1488671.1300000001,1227.17,5.0,3,Growth-Oriented Investors,""Recommend commercial properties, portfolio diversification opportunities, rental yield analysis, and investment seminars."",High Investment"
"C0339,63,M,USA,Utah,Individual,Investment,No,Agency,4,1548824.23,1170.135,5.0,3,Growth-Oriented Investors,""Recommend commercial properties, portfolio diversification opportunities, rental yield analysis, and investment seminars."",High Investment"
"C0340,86,M,USA,California,Individual,Investment,No,Agency,3,1047500.4199999999,1263.5766666666666,2.0,3,Growth-Oriented Investors,""Recommend commercial properties, portfolio diversification opportunities, rental yield analysis, and investment seminars."",Low Investment"
"C0341,44,M,USA,California,Individual,Investment,No,Agency,4,1679555.42,1293.0725,4.0,3,Growth-Oriented Investors,""Recommend commercial properties, portfolio diversification opportunities, rental yield analysis, and investment seminars."",High Investment"
"C0342,52,M,USA,California,Individual,Investment,No,Client,3,1290567.3900000001,1286.43,2.0,3,Growth-Oriented Investors,""Recommend commercial properties, portfolio diversification opportunities, rental yield analysis, and investment seminars."",Medium Investment"
"C0343,74,F,USA,California,Individual,Home,No,Website,4,1630923.97,1374.585,2.0,3,Growth-Oriented Investors,""Recommend commercial properties, portfolio diversification opportunities, rental yield analysis, and investment seminars."",High Investment"
"C0344,29,M,Canada,British Columbia,Individual,Home,Yes,Website,4,1276344.68,1059.9375,2.0,1,International Diversified Buyers,""Offer mortgage assistance, virtual property tours, overseas investment support, and flexible payment options."",Medium Investment"
"C0345,57,F,USA,New York,Individual,Home,Yes,Website,3,1339687.25,1510.3766666666668,4.0,0,Stable Home Buyers,""Recommend residential apartments, family villas, loyalty rewards, and simplified online booking services."",Medium Investment"
"C0346,63,F,USA,California,Individual,Home,No,Agency,3,1174812.8599999999,1271.67,5.0,3,Growth-Oriented Investors,""Recommend commercial properties, portfolio diversification opportunities, rental yield analysis, and investment seminars."",Medium Investment"
"C0347,34,M,USA,Washington,Individual,Home,Yes,Website,3,1378006.45,1471.6200000000001,3.0,3,Growth-Oriented Investors,""Recommend commercial properties, portfolio diversification opportunities, rental yield analysis, and investment seminars."",High Investment"
"C0348,44,M,USA,Colorado,Individual,Investment,Yes,Agency,4,1482633.92,1246.7075,5.0,3,Growth-Oriented Investors,""Recommend commercial properties, portfolio diversification opportunities, rental yield analysis, and investment seminars."",High Investment"
"C0349,51,M,USA,Arizona,Individual,Home,Yes,Agency,3,1065745.84,1124.5,2.0,3,Growth-Oriented Investors,""Recommend commercial properties, portfolio diversification opportunities, rental yield analysis, and investment seminars."",Low Investment"
"C0350,34,M,USA,Arizona,Individual,Home,No,Agency,3,1066408.3,1206.2733333333333,2.0,3,Growth-Oriented Investors,""Recommend commercial properties, portfolio diversification opportunities, rental yield analysis, and investment seminars."",Low Investment"
"C0351,65,F,USA,Oregon,Individual,Home,No,Agency,4,1551113.76,1260.0625,5.0,3,Growth-Oriented Investors,""Recommend commercial properties, portfolio diversification opportunities, rental yield analysis, and investment seminars."",High Investment"
"C0352,49,F,USA,Nevada,Individual,Investment,No,Agency,3,1339830.04,1447.82,3.0,3,Growth-Oriented Investors,""Recommend commercial properties, portfolio diversification opportunities, rental yield analysis, and investment seminars."",Medium Investment"
"C0353,62,F,USA,Arizona,Individual,Home,No,Agency,3,889855.16,980.8699999999999,2.0,3,Growth-Oriented Investors,""Recommend commercial properties, portfolio diversification opportunities, rental yield analysis, and investment seminars."",Low Investment"
"C0354,28,F,USA,California,Individual,Home,No,Website,3,962196.6000000001,1059.1499999999999,4.0,3,Growth-Oriented Investors,""Recommend commercial properties, portfolio diversification opportunities, rental yield analysis, and investment seminars."",Low Investment"
"C0355,75,M,Mexico,Baja California,Individual,Investment,No,Website,3,1029593.97,1273.45,1.0,1,International Diversified Buyers,""Offer mortgage assistance, virtual property tours, overseas investment support, and flexible payment options."",Low Investment"
"C0356,50,F,USA,Georgia,Individual,Home,No,Website,4,964351.9,816.16,3.0,3,Growth-Oriented Investors,""Recommend commercial properties, portfolio diversification opportunities, rental yield analysis, and investment seminars."",Low Investment"
"C0357,38,F,USA,California,Individual,Home,No,Website,3,970629.22,1059.3466666666666,3.0,3,Growth-Oriented Investors,""Recommend commercial properties, portfolio diversification opportunities, rental yield analysis, and investment seminars."",Low Investment"
"C0358,48,F,Australia,New South Wales,Individual,Home,Yes,Agency,3,1150919.74,1240.6066666666666,3.0,1,International Diversified Buyers,""Offer mortgage assistance, virtual property tours, overseas investment support, and flexible payment options."",Medium Investment"
"C0359,75,F,USA,California,Individual,Investment,No,Agency,3,1098189.8900000001,1308.5133333333333,1.0,3,Growth-Oriented Investors,""Recommend commercial properties, portfolio diversification opportunities, rental yield analysis, and investment seminars."",Medium Investment"
"C0360,78,F,USA,Utah,Individual,Home,Yes,Agency,4,1978026.48,1676.3825,2.0,3,Growth-Oriented Investors,""Recommend commercial properties, portfolio diversification opportunities, rental yield analysis, and investment seminars."",High Investment"
"C0361,68,M,UK,England,Individual,Home,Yes,Website,4,1468372.25,1222.5974999999999,1.0,1,International Diversified Buyers,""Offer mortgage assistance, virtual property tours, overseas investment support, and flexible payment options."",High Investment"
"C0362,26,F,USA,Utah,Individual,Home,No,Website,3,1129669.4,1162.6166666666666,4.0,3,Growth-Oriented Investors,""Recommend commercial properties, portfolio diversification opportunities, rental yield analysis, and investment seminars."",Medium Investment"
"C0363,67,F,USA,Utah,Individual,Investment,No,Client,4,1232301.44,929.6975,2.0,3,Growth-Oriented Investors,""Recommend commercial properties, portfolio diversification opportunities, rental yield analysis, and investment seminars."",Medium Investment"
"C0364,82,M,USA,Texas,Individual,Home,No,Website,4,1492505.18,1261.78,2.0,3,Growth-Oriented Investors,""Recommend commercial properties, portfolio diversification opportunities, rental yield analysis, and investment seminars."",High Investment"
"C0365,64,M,USA,Colorado,Individual,Investment,No,Agency,3,951259.9,1164.9766666666667,5.0,3,Growth-Oriented Investors,""Recommend commercial properties, portfolio diversification opportunities, rental yield analysis, and investment seminars."",Low Investment"
"C0366,43,M,USA,California,Individual,Home,No,Website,3,1420135.32,1452.2633333333333,4.0,3,Growth-Oriented Investors,""Recommend commercial properties, portfolio diversification opportunities, rental yield analysis, and investment seminars."",High Investment"
"C0367,62,M,USA,California,Individual,Investment,No,Agency,4,1662617.88,1269.065,4.0,3,Growth-Oriented Investors,""Recommend commercial properties, portfolio diversification opportunities, rental yield analysis, and investment seminars."",High Investment"
"C0368,34,F,USA,California,Individual,Home,Yes,Agency,4,1494552.45,1136.215,4.0,3,Growth-Oriented Investors,""Recommend commercial properties, portfolio diversification opportunities, rental yield analysis, and investment seminars."",High Investment"
"C0369,72,F,USA,Utah,Individual,Home,Yes,Agency,4,1586439.08,1333.5625,2.0,3,Growth-Oriented Investors,""Recommend commercial properties, portfolio diversification opportunities, rental yield analysis, and investment seminars."",High Investment"
"C0370,69,F,Russia,Krasnodar Krai,Individual,Home,No,Website,4,1613633.3900000001,1334.8775,1.0,1,International Diversified Buyers,""Offer mortgage assistance, virtual property tours, overseas investment support, and flexible payment options."",High Investment"
"C0371,56,M,Belgium,Wallonia,Individual,Investment,No,Agency,3,827208.61,842.68,3.0,3,Growth-Oriented Investors,""Recommend commercial properties, portfolio diversification opportunities, rental yield analysis, and investment seminars."",Low Investment"
"C0372,74,F,Belgium,Flanders,Individual,Investment,No,Agency,3,1280128.06,1361.7433333333333,1.0,3,Growth-Oriented Investors,""Recommend commercial properties, portfolio diversification opportunities, rental yield analysis, and investment seminars."",Medium Investment"
"C0373,33,F,USA,Georgia,Individual,Home,No,Agency,3,1047277.1799999999,1160.5133333333333,2.0,3,Growth-Oriented Investors,""Recommend commercial properties, portfolio diversification opportunities, rental yield analysis, and investment seminars."",Low Investment"
"C0374,33,F,Australia,New South Wales,Individual,Investment,Yes,Agency,4,916825.86,735.11,4.0,1,International Diversified Buyers,""Offer mortgage assistance, virtual property tours, overseas investment support, and flexible payment options."",Low Investment"
"C0375,58,M,USA,California,Individual,Investment,No,Website,3,1178580.6400000001,1224.68,4.0,3,Growth-Oriented Investors,""Recommend commercial properties, portfolio diversification opportunities, rental yield analysis, and investment seminars."",Medium Investment"
"C0376,73,F,USA,California,Individual,Home,No,Website,3,1182808.29,1361.7433333333333,3.0,3,Growth-Oriented Investors,""Recommend commercial properties, portfolio diversification opportunities, rental yield analysis, and investment seminars."",Medium Investment"
"C0377,28,M,USA,Washington,Individual,Home,No,Website,3,822780.32,904.0466666666667,4.0,3,Growth-Oriented Investors,""Recommend commercial properties, portfolio diversification opportunities, rental yield analysis, and investment seminars."",Low Investment"
"C0378,69,F,USA,California,Individual,Investment,Yes,Website,3,812387.51,983.4266666666667,3.0,3,Growth-Oriented Investors,""Recommend commercial properties, portfolio diversification opportunities, rental yield analysis, and investment seminars."",Low Investment"
"C0379,49,M,USA,California,Company,Investment,Yes,Client,4,1254919.3599999999,1115.505,2.0,3,Growth-Oriented Investors,""Recommend commercial properties, portfolio diversification opportunities, rental yield analysis, and investment seminars."",Medium Investment"
"C0380,53,F,USA,California,Individual,Home,Yes,Website,3,939708.87,1175.45,3.0,3,Growth-Oriented Investors,""Recommend commercial properties, portfolio diversification opportunities, rental yield analysis, and investment seminars."",Low Investment"
"C0381,65,M,USA,California,Individual,Home,Yes,Agency,3,878913.19,1188.2333333333333,5.0,3,Growth-Oriented Investors,""Recommend commercial properties, portfolio diversification opportunities, rental yield analysis, and investment seminars."",Low Investment"
"C0382,51,M,USA,California,Individual,Investment,Yes,Agency,3,980139.25,980.8699999999999,1.0,3,Growth-Oriented Investors,""Recommend commercial properties, portfolio diversification opportunities, rental yield analysis, and investment seminars."",Low Investment"
"C0383,41,F,Mexico,Mexico City,Company,Investment,No,Agency,4,968070.64,809.6575,3.0,1,International Diversified Buyers,""Offer mortgage assistance, virtual property tours, overseas investment support, and flexible payment options."",Low Investment"
"C0384,82,F,USA,California,Individual,Home,Yes,Website,3,1010761.74,1049.3799999999999,3.0,3,Growth-Oriented Investors,""Recommend commercial properties, portfolio diversification opportunities, rental yield analysis, and investment seminars."",Low Investment"
"C0385,57,M,UK,Northern Ireland,Individual,Investment,No,Website,3,1289646.4100000001,1277.2733333333333,4.0,1,International Diversified Buyers,""Offer mortgage assistance, virtual property tours, overseas investment support, and flexible payment options."",Medium Investment"
"C0386,50,F,USA,Colorado,Individual,Home,No,Client,3,1633972.21,1445.08,2.0,3,Growth-Oriented Investors,""Recommend commercial properties, portfolio diversification opportunities, rental yield analysis, and investment seminars."",High Investment"
"C0387,52,F,USA,California,Individual,Home,Yes,Website,4,1992983.55,1555.2975000000001,2.0,3,Growth-Oriented Investors,""Recommend commercial properties, portfolio diversification opportunities, rental yield analysis, and investment seminars."",High Investment"
"C0388,31,M,USA,California,Individual,Home,No,Agency,3,961894.92,975.9433333333333,4.0,3,Growth-Oriented Investors,""Recommend commercial properties, portfolio diversification opportunities, rental yield analysis, and investment seminars."",Low Investment"
"C0389,72,M,USA,Colorado,Individual,Home,No,Website,4,1261549.0899999999,1119.0900000000001,3.0,3,Growth-Oriented Investors,""Recommend commercial properties, portfolio diversification opportunities, rental yield analysis, and investment seminars."",Medium Investment"
"C0390,84,M,Canada,Quebec,Individual,Investment,No,Website,4,1678762.0699999998,1295.2649999999999,2.0,1,International Diversified Buyers,""Offer mortgage assistance, virtual property tours, overseas investment support, and flexible payment options."",High Investment"
"C0391,60,F,USA,California,Individual,Home,No,Agency,3,1035012.9099999999,1064.4166666666667,5.0,3,Growth-Oriented Investors,""Recommend commercial properties, portfolio diversification opportunities, rental yield analysis, and investment seminars."",Low Investment"
"C0392,49,F,USA,Arizona,Individual,Home,Yes,Website,4,1015830.03,922.6600000000001,2.0,3,Growth-Oriented Investors,""Recommend commercial properties, portfolio diversification opportunities, rental yield analysis, and investment seminars."",Low Investment"
"C0393,38,F,USA,Arizona,Individual,Home,No,Agency,4,1616556.78,1298.145,4.0,3,Growth-Oriented Investors,""Recommend commercial properties, portfolio diversification opportunities, rental yield analysis, and investment seminars."",High Investment"
"C0394,72,F,USA,Colorado,Individual,Home,Yes,Website,4,1258840.0,1041.8025,3.0,3,Growth-Oriented Investors,""Recommend commercial properties, portfolio diversification opportunities, rental yield analysis, and investment seminars."",Medium Investment"
"C0395,67,F,USA,Florida,Individual,Home,No,Website,3,1153134.48,1303.4733333333334,1.0,2,Premium Independent Buyers,""Recommend luxury residences, VIP investment consultations, premium memberships, and exclusive project launches."",Medium Investment"
"C0396,26,M,USA,Nevada,Individual,Home,No,Agency,4,1181447.25,896.2524999999999,5.0,3,Growth-Oriented Investors,""Recommend commercial properties, portfolio diversification opportunities, rental yield analysis, and investment seminars."",Medium Investment"
"C0397,26,F,USA,California,Individual,Home,No,Website,3,793543.27,862.11,5.0,3,Growth-Oriented Investors,""Recommend commercial properties, portfolio diversification opportunities, rental yield analysis, and investment seminars."",Low Investment"
"C0398,78,F,USA,Texas,Individual,Home,Yes,Agency,4,1186693.85,935.765,1.0,3,Growth-Oriented Investors,""Recommend commercial properties, portfolio diversification opportunities, rental yield analysis, and investment seminars."",Medium Investment"
"C0399,42,M,USA,California,Individual,Home,No,Agency,4,1229057.49,1093.05,4.0,3,Growth-Oriented Investors,""Recommend commercial properties, portfolio diversification opportunities, rental yield analysis, and investment seminars."",Medium Investment"
"C0400,67,M,USA,California,Individual,Home,No,Agency,4,1360152.99,1239.145,4.0,3,Growth-Oriented Investors,""Recommend commercial properties, portfolio diversification opportunities, rental yield analysis, and investment seminars."",Medium Investment"
"C0401,57,M,USA,Arizona,Individual,Home,Yes,Website,4,1020913.0700000001,853.07,5.0,3,Growth-Oriented Investors,""Recommend commercial properties, portfolio diversification opportunities, rental yield analysis, and investment seminars."",Low Investment"
"C0402,85,F,USA,Georgia,Individual,Home,No,Website,3,1054166.95,1102.8633333333335,5.0,3,Growth-Oriented Investors,""Recommend commercial properties, portfolio diversification opportunities, rental yield analysis, and investment seminars."",Low Investment"
"C0403,63,F,Australia,New South Wales,Individual,Home,No,Website,3,878792.98,1060.9733333333334,1.0,1,International Diversified Buyers,""Offer mortgage assistance, virtual property tours, overseas investment support, and flexible payment options."",Low Investment"
"C0404,50,F,France,Normandy,Individual,Investment,No,Client,3,731788.96,753.3133333333334,1.0,1,International Diversified Buyers,""Offer mortgage assistance, virtual property tours, overseas investment support, and flexible payment options."",Low Investment"
"C0405,57,M,USA,Colorado,Company,Home,No,Agency,4,1310963.25,1140.38,1.0,3,Growth-Oriented Investors,""Recommend commercial properties, portfolio diversification opportunities, rental yield analysis, and investment seminars."",Medium Investment"
"C0406,66,F,USA,Colorado,Individual,Home,No,Website,4,1317165.12,1090.1925,3.0,3,Growth-Oriented Investors,""Recommend commercial properties, portfolio diversification opportunities, rental yield analysis, and investment seminars."",Medium Investment"
"C0407,44,F,USA,California,Individual,Home,No,Client,4,1254494.91,1045.8025,2.0,3,Growth-Oriented Investors,""Recommend commercial properties, portfolio diversification opportunities, rental yield analysis, and investment seminars."",Medium Investment"
"C0408,49,M,USA,California,Individual,Home,No,Website,3,1320497.01,1413.0600000000002,3.0,3,Growth-Oriented Investors,""Recommend commercial properties, portfolio diversification opportunities, rental yield analysis, and investment seminars."",Medium Investment"
"C0409,54,M,USA,Nevada,Individual,Home,Yes,Website,4,1816669.2,1449.3775,1.0,3,Growth-Oriented Investors,""Recommend commercial properties, portfolio diversification opportunities, rental yield analysis, and investment seminars."",High Investment"
"C0410,44,F,Russia,Saint Petersburg,Individual,Home,Yes,Agency,3,1021706.02,1189.1899999999998,5.0,1,International Diversified Buyers,""Offer mortgage assistance, virtual property tours, overseas investment support, and flexible payment options."",Low Investment"
"C0411,43,F,USA,California,Individual,Home,No,Website,3,896987.21,883.7466666666668,2.0,3,Growth-Oriented Investors,""Recommend commercial properties, portfolio diversification opportunities, rental yield analysis, and investment seminars."",Low Investment"
"C0412,42,F,UK,Scotland,Individual,Home,No,Website,3,1100376.25,1260.8366666666668,5.0,1,International Diversified Buyers,""Offer mortgage assistance, virtual property tours, overseas investment support, and flexible payment options."",Medium Investment"
"C0413,86,M,Canada,British Columbia,Individual,Home,No,Website,4,1769126.22,1431.4575,3.0,1,International Diversified Buyers,""Offer mortgage assistance, virtual property tours, overseas investment support, and flexible payment options."",High Investment"
"C0414,64,M,USA,California,Individual,Home,No,Website,4,1412148.94,1144.74,4.0,3,Growth-Oriented Investors,""Recommend commercial properties, portfolio diversification opportunities, rental yield analysis, and investment seminars."",High Investment"
"C0415,46,F,USA,Nevada,Individual,Home,Yes,Agency,4,1305928.3499999999,1093.05,5.0,3,Growth-Oriented Investors,""Recommend commercial properties, portfolio diversification opportunities, rental yield analysis, and investment seminars."",Medium Investment"
"C0416,45,M,Germany,North Rhine-Westphalia,Company,Investment,Yes,Client,3,1059532.51,1260.8366666666668,5.0,1,International Diversified Buyers,""Offer mortgage assistance, virtual property tours, overseas investment support, and flexible payment options."",Low Investment"
"C0417,79,M,USA,Utah,Individual,Home,No,Website,3,1354773.96,1471.8999999999999,2.0,3,Growth-Oriented Investors,""Recommend commercial properties, portfolio diversification opportunities, rental yield analysis, and investment seminars."",Medium Investment"
"C0418,30,M,USA,Arizona,Individual,Home,No,Agency,4,1629486.83,1276.8225,5.0,3,Growth-Oriented Investors,""Recommend commercial properties, portfolio diversification opportunities, rental yield analysis, and investment seminars."",High Investment"
"C0419,64,M,USA,Washington,Individual,Home,Yes,Agency,4,1174012.19,990.4475,3.0,3,Growth-Oriented Investors,""Recommend commercial properties, portfolio diversification opportunities, rental yield analysis, and investment seminars."",Medium Investment"
"C0420,32,F,USA,California,Individual,Home,No,Agency,3,1260096.1600000001,1330.2166666666667,5.0,3,Growth-Oriented Investors,""Recommend commercial properties, portfolio diversification opportunities, rental yield analysis, and investment seminars."",Medium Investment"
"C0421,51,M,Germany,Hesse,Individual,Investment,Yes,Website,4,1495763.3699999999,1203.905,5.0,1,International Diversified Buyers,""Offer mortgage assistance, virtual property tours, overseas investment support, and flexible payment options."",High Investment"
"C0422,53,F,USA,California,Company,Home,Yes,Client,4,1653171.62,1428.5749999999998,1.0,3,Growth-Oriented Investors,""Recommend commercial properties, portfolio diversification opportunities, rental yield analysis, and investment seminars."",High Investment"
"C0423,76,F,USA,California,Individual,Home,No,Client,3,1068716.19,1195.1966666666667,1.0,3,Growth-Oriented Investors,""Recommend commercial properties, portfolio diversification opportunities, rental yield analysis, and investment seminars."",Low Investment"
"C0424,28,F,USA,Florida,Individual,Home,No,Website,3,1034036.3,1107.81,1.0,2,Premium Independent Buyers,""Recommend luxury residences, VIP investment consultations, premium memberships, and exclusive project launches."",Low Investment"
"C0425,61,M,USA,Nevada,Individual,Home,No,Agency,3,1256932.48,1452.2633333333333,2.0,3,Growth-Oriented Investors,""Recommend commercial properties, portfolio diversification opportunities, rental yield analysis, and investment seminars."",Medium Investment"
"C0426,73,F,USA,Oregon,Individual,Home,Yes,Client,3,890250.61,874.19,4.0,3,Growth-Oriented Investors,""Recommend commercial properties, portfolio diversification opportunities, rental yield analysis, and investment seminars."",Low Investment"
"C0427,32,F,USA,California,Individual,Home,Yes,Website,4,1457016.31,1216.595,4.0,3,Growth-Oriented Investors,""Recommend commercial properties, portfolio diversification opportunities, rental yield analysis, and investment seminars."",High Investment"
"C0428,64,F,USA,Oregon,Individual,Home,No,Agency,4,984451.32,838.2925,3.0,3,Growth-Oriented Investors,""Recommend commercial properties, portfolio diversification opportunities, rental yield analysis, and investment seminars."",Low Investment"
"C0429,31,F,USA,California,Individual,Home,Yes,Website,4,1503904.1600000001,1374.585,3.0,3,Growth-Oriented Investors,""Recommend commercial properties, portfolio diversification opportunities, rental yield analysis, and investment seminars."",High Investment"
"C0430,52,M,USA,Nevada,Individual,Home,No,Agency,3,931141.96,1033.1033333333332,2.0,3,Growth-Oriented Investors,""Recommend commercial properties, portfolio diversification opportunities, rental yield analysis, and investment seminars."",Low Investment"
"C0431,57,M,USA,California,Individual,Home,Yes,Website,4,1544751.33,1246.6175,5.0,3,Growth-Oriented Investors,""Recommend commercial properties, portfolio diversification opportunities, rental yield analysis, and investment seminars."",High Investment"
"C0432,31,M,USA,California,Company,Home,No,Agency,4,1277850.15,1025.1499999999999,5.0,3,Growth-Oriented Investors,""Recommend commercial properties, portfolio diversification opportunities, rental yield analysis, and investment seminars."",Medium Investment"
"C0433,57,F,USA,California,Individual,Investment,Yes,Website,4,1937061.37,1591.4724999999999,2.0,3,Growth-Oriented Investors,""Recommend commercial properties, portfolio diversification opportunities, rental yield analysis, and investment seminars."",High Investment"
"C0434,62,F,Russia,Tatarstan,Individual,Home,No,Website,3,1364889.24,1445.5566666666666,5.0,1,International Diversified Buyers,""Offer mortgage assistance, virtual property tours, overseas investment support, and flexible payment options."",High Investment"
"C0435,60,F,Australia,New South Wales,Individual,Home,Yes,Website,3,908970.34,1077.3233333333335,5.0,1,International Diversified Buyers,""Offer mortgage assistance, virtual property tours, overseas investment support, and flexible payment options."",Low Investment"
"C0436,54,M,USA,Colorado,Individual,Home,Yes,Client,4,1327594.64,1064.2625,2.0,3,Growth-Oriented Investors,""Recommend commercial properties, portfolio diversification opportunities, rental yield analysis, and investment seminars."",Medium Investment"
"C0437,36,F,USA,Texas,Individual,Home,No,Website,3,657032.8200000001,801.46,1.0,3,Growth-Oriented Investors,""Recommend commercial properties, portfolio diversification opportunities, rental yield analysis, and investment seminars."",Low Investment"
"C0438,44,M,USA,Georgia,Individual,Investment,Yes,Client,4,1458641.1,1261.78,1.0,3,Growth-Oriented Investors,""Recommend commercial properties, portfolio diversification opportunities, rental yield analysis, and investment seminars."",High Investment"
"C0439,70,M,USA,Virginia,Individual,Home,No,Agency,3,1273328.62,1422.97,2.0,3,Growth-Oriented Investors,""Recommend commercial properties, portfolio diversification opportunities, rental yield analysis, and investment seminars."",Medium Investment"
"C0440,66,M,USA,California,Individual,Investment,No,Agency,3,703498.83,845.8633333333333,1.0,3,Growth-Oriented Investors,""Recommend commercial properties, portfolio diversification opportunities, rental yield analysis, and investment seminars."",Low Investment"
"C0441,46,F,Russia,Krasnodar Krai,Individual,Investment,No,Agency,4,1525849.55,1239.2649999999999,1.0,1,International Diversified Buyers,""Offer mortgage assistance, virtual property tours, overseas investment support, and flexible payment options."",High Investment"
"C0442,51,F,USA,Colorado,Individual,Home,Yes,Website,4,1707466.97,1489.73,3.0,3,Growth-Oriented Investors,""Recommend commercial properties, portfolio diversification opportunities, rental yield analysis, and investment seminars."",High Investment"
"C0443,76,M,Denmark,Capital Region,Individual,Home,Yes,Agency,3,1355839.1,1527.8633333333335,1.0,1,International Diversified Buyers,""Offer mortgage assistance, virtual property tours, overseas investment support, and flexible payment options."",Medium Investment"
"C0444,85,F,USA,California,Individual,Home,No,Website,4,1054514.54,943.97,2.0,3,Growth-Oriented Investors,""Recommend commercial properties, portfolio diversification opportunities, rental yield analysis, and investment seminars."",Low Investment"
"C0445,31,F,USA,California,Individual,Home,Yes,Website,4,1425691.63,1101.9875,2.0,3,Growth-Oriented Investors,""Recommend commercial properties, portfolio diversification opportunities, rental yield analysis, and investment seminars."",High Investment"
"C0446,71,M,USA,Colorado,Individual,Home,No,Website,3,1024655.04,1258.6899999999998,2.0,3,Growth-Oriented Investors,""Recommend commercial properties, portfolio diversification opportunities, rental yield analysis, and investment seminars."",Low Investment"
"C0447,70,F,USA,New York,Individual,Home,No,Website,3,1543592.15,1680.5266666666666,2.0,0,Stable Home Buyers,""Recommend residential apartments, family villas, loyalty rewards, and simplified online booking services."",High Investment"
"C0448,46,M,USA,Nevada,Individual,Investment,No,Agency,3,942066.48,1050.08,2.0,3,Growth-Oriented Investors,""Recommend commercial properties, portfolio diversification opportunities, rental yield analysis, and investment seminars."",Low Investment"
"C0449,54,M,USA,Oregon,Individual,Investment,No,Agency,3,1418922.44,1504.28,2.0,3,Growth-Oriented Investors,""Recommend commercial properties, portfolio diversification opportunities, rental yield analysis, and investment seminars."",High Investment"
"C0450,34,M,Mexico,Nuevo Leon,Individual,Home,No,Website,4,1555297.3699999999,1258.5825,3.0,1,International Diversified Buyers,""Offer mortgage assistance, virtual property tours, overseas investment support, and flexible payment options."",High Investment"
"C0451,41,M,Canada,Alberta,Individual,Investment,Yes,Client,4,1665967.4100000001,1339.695,5.0,1,International Diversified Buyers,""Offer mortgage assistance, virtual property tours, overseas investment support, and flexible payment options."",High Investment"
"C0452,59,M,USA,Washington,Individual,Home,No,Website,4,1398358.69,1086.2275,3.0,3,Growth-Oriented Investors,""Recommend commercial properties, portfolio diversification opportunities, rental yield analysis, and investment seminars."",High Investment"
"C0453,33,M,UK,Scotland,Individual,Investment,No,Website,4,1321010.76,1103.3025,1.0,1,International Diversified Buyers,""Offer mortgage assistance, virtual property tours, overseas investment support, and flexible payment options."",Medium Investment"
"C0454,65,F,USA,Nevada,Company,Investment,No,Agency,3,980683.73,1072.4833333333333,4.0,3,Growth-Oriented Investors,""Recommend commercial properties, portfolio diversification opportunities, rental yield analysis, and investment seminars."",Low Investment"
"C0455,63,F,USA,California,Individual,Home,No,Agency,4,1125726.62,838.2925,1.0,3,Growth-Oriented Investors,""Recommend commercial properties, portfolio diversification opportunities, rental yield analysis, and investment seminars."",Medium Investment"
"C0456,31,F,USA,Oregon,Individual,Home,Yes,Website,3,1349210.55,1448.82,3.0,3,Growth-Oriented Investors,""Recommend commercial properties, portfolio diversification opportunities, rental yield analysis, and investment seminars."",Medium Investment"
"C0457,46,M,UK,Wales,Individual,Investment,No,Agency,3,1399940.21,1457.8333333333333,1.0,1,International Diversified Buyers,""Offer mortgage assistance, virtual property tours, overseas investment support, and flexible payment options."",High Investment"
"C0458,31,M,USA,Oregon,Individual,Investment,No,Agency,4,1382881.81,1123.3175,1.0,3,Growth-Oriented Investors,""Recommend commercial properties, portfolio diversification opportunities, rental yield analysis, and investment seminars."",High Investment"
"C0459,71,M,USA,California,Individual,Home,No,Agency,3,821716.14,945.65,3.0,3,Growth-Oriented Investors,""Recommend commercial properties, portfolio diversification opportunities, rental yield analysis, and investment seminars."",Low Investment"
"C0460,34,F,USA,Virginia,Individual,Home,No,Website,3,1061349.03,1078.7866666666666,1.0,3,Growth-Oriented Investors,""Recommend commercial properties, portfolio diversification opportunities, rental yield analysis, and investment seminars."",Low Investment"
"C0461,66,M,USA,Arizona,Individual,Home,No,Agency,3,986630.39,1157.47,1.0,3,Growth-Oriented Investors,""Recommend commercial properties, portfolio diversification opportunities, rental yield analysis, and investment seminars."",Low Investment"
"C0462,83,M,Australia,Victoria,Individual,Home,No,Agency,4,1606667.68,1316.0375,2.0,1,International Diversified Buyers,""Offer mortgage assistance, virtual property tours, overseas investment support, and flexible payment options."",High Investment"
"C0463,56,M,USA,California,Individual,Home,No,Client,4,1235094.73,989.46,5.0,3,Growth-Oriented Investors,""Recommend commercial properties, portfolio diversification opportunities, rental yield analysis, and investment seminars."",Medium Investment"
"C0464,52,M,USA,Florida,Individual,Home,No,Website,4,1455550.0,1276.8225,5.0,2,Premium Independent Buyers,""Recommend luxury residences, VIP investment consultations, premium memberships, and exclusive project launches."",High Investment"
"C0465,77,M,USA,California,Individual,Home,No,Website,3,707799.9199999999,839.1433333333334,3.0,3,Growth-Oriented Investors,""Recommend commercial properties, portfolio diversification opportunities, rental yield analysis, and investment seminars."",Low Investment"
"C0466,38,F,USA,Virginia,Individual,Investment,No,Website,4,1228651.21,1030.21,2.0,3,Growth-Oriented Investors,""Recommend commercial properties, portfolio diversification opportunities, rental yield analysis, and investment seminars."",Medium Investment"
"C0467,74,F,USA,Ohio,Individual,Home,Yes,Agency,3,976066.93,1155.6966666666667,1.0,3,Growth-Oriented Investors,""Recommend commercial properties, portfolio diversification opportunities, rental yield analysis, and investment seminars."",Low Investment"
"C0468,74,M,Mexico,Jalisco,Individual,Investment,Yes,Website,3,1267396.7999999998,1386.32,3.0,1,International Diversified Buyers,""Offer mortgage assistance, virtual property tours, overseas investment support, and flexible payment options."",Medium Investment"
"C0469,29,M,USA,California,Individual,Home,No,Website,4,1518476.47,1265.3825,2.0,3,Growth-Oriented Investors,""Recommend commercial properties, portfolio diversification opportunities, rental yield analysis, and investment seminars."",High Investment"
"C0470,63,F,USA,Oregon,Individual,Home,No,Agency,3,862552.54,883.7466666666666,1.0,3,Growth-Oriented Investors,""Recommend commercial properties, portfolio diversification opportunities, rental yield analysis, and investment seminars."",Low Investment"
"C0471,42,M,USA,Utah,Individual,Investment,No,Agency,3,1084997.39,1209.64,3.0,3,Growth-Oriented Investors,""Recommend commercial properties, portfolio diversification opportunities, rental yield analysis, and investment seminars."",Low Investment"
"C0472,75,M,USA,California,Individual,Home,No,Website,3,1277486.3699999999,1394.21,4.0,3,Growth-Oriented Investors,""Recommend commercial properties, portfolio diversification opportunities, rental yield analysis, and investment seminars."",Medium Investment"
"C0473,45,F,USA,California,Individual,Home,No,Agency,4,1304527.6600000001,1042.725,3.0,3,Growth-Oriented Investors,""Recommend commercial properties, portfolio diversification opportunities, rental yield analysis, and investment seminars."",Medium Investment"
"C0474,31,M,USA,Nevada,Individual,Home,No,Website,4,962015.29,824.2025,1.0,3,Growth-Oriented Investors,""Recommend commercial properties, portfolio diversification opportunities, rental yield analysis, and investment seminars."",Low Investment"
"C0475,80,M,Belgium,Wallonia,Individual,Investment,Yes,Agency,3,1234470.16,1371.6133333333335,2.0,3,Growth-Oriented Investors,""Recommend commercial properties, portfolio diversification opportunities, rental yield analysis, and investment seminars."",Medium Investment"
"C0476,29,M,USA,Florida,Individual,Home,No,Agency,4,1485303.01,1299.3675,3.0,2,Premium Independent Buyers,""Recommend luxury residences, VIP investment consultations, premium memberships, and exclusive project launches."",High Investment"
"C0477,42,M,USA,California,Individual,Investment,Yes,Website,3,1535114.88,1452.2633333333333,4.0,3,Growth-Oriented Investors,""Recommend commercial properties, portfolio diversification opportunities, rental yield analysis, and investment seminars."",High Investment"
"C0478,86,F,USA,Ohio,Individual,Investment,No,Website,3,774892.79,997.4133333333333,4.0,3,Growth-Oriented Investors,""Recommend commercial properties, portfolio diversification opportunities, rental yield analysis, and investment seminars."",Low Investment"
"C0479,48,F,USA,California,Individual,Home,Yes,Agency,4,1172782.93,956.6725,2.0,3,Growth-Oriented Investors,""Recommend commercial properties, portfolio diversification opportunities, rental yield analysis, and investment seminars."",Medium Investment"
"C0480,52,M,USA,California,Individual,Home,Yes,Website,4,1033261.03,827.2,4.0,3,Growth-Oriented Investors,""Recommend commercial properties, portfolio diversification opportunities, rental yield analysis, and investment seminars."",Low Investment"
"C0481,50,M,USA,Arizona,Individual,Home,No,Agency,4,1365460.24,1040.8899999999999,3.0,3,Growth-Oriented Investors,""Recommend commercial properties, portfolio diversification opportunities, rental yield analysis, and investment seminars."",High Investment"
"C0482,46,F,USA,New York,Individual,Investment,Yes,Agency,3,1006132.77,1155.4633333333334,3.0,0,Stable Home Buyers,""Recommend residential apartments, family villas, loyalty rewards, and simplified online booking services."",Low Investment"
"C0483,41,M,USA,Arizona,Individual,Investment,No,Website,3,881113.79,934.8733333333333,1.0,3,Growth-Oriented Investors,""Recommend commercial properties, portfolio diversification opportunities, rental yield analysis, and investment seminars."",Low Investment"
"C0484,37,F,USA,Texas,Individual,Investment,No,Website,4,1313240.67,1114.105,3.0,3,Growth-Oriented Investors,""Recommend commercial properties, portfolio diversification opportunities, rental yield analysis, and investment seminars."",Medium Investment"
"C0485,35,F,USA,Arizona,Individual,Home,No,Website,3,1000841.1799999999,1144.8033333333333,2.0,3,Growth-Oriented Investors,""Recommend commercial properties, portfolio diversification opportunities, rental yield analysis, and investment seminars."",Low Investment"
"C0486,27,M,USA,California,Individual,Investment,Yes,Website,3,1090587.66,1175.45,2.0,3,Growth-Oriented Investors,""Recommend commercial properties, portfolio diversification opportunities, rental yield analysis, and investment seminars."",Medium Investment"
"C0487,35,F,USA,Washington,Individual,Home,No,Website,4,1576272.71,1295.0975,5.0,3,Growth-Oriented Investors,""Recommend commercial properties, portfolio diversification opportunities, rental yield analysis, and investment seminars."",High Investment"
"C0488,47,F,USA,California,Individual,Investment,No,Agency,4,1218265.3599999999,990.9875000000001,4.0,3,Growth-Oriented Investors,""Recommend commercial properties, portfolio diversification opportunities, rental yield analysis, and investment seminars."",Medium Investment"
"C0489,76,M,Germany,Berlin,Individual,Investment,No,Website,3,1025274.77,1102.8633333333335,2.0,1,International Diversified Buyers,""Offer mortgage assistance, virtual property tours, overseas investment support, and flexible payment options."",Low Investment"
"C0490,72,F,USA,Nevada,Individual,Investment,Yes,Website,3,1292367.93,1240.6066666666666,5.0,3,Growth-Oriented Investors,""Recommend commercial properties, portfolio diversification opportunities, rental yield analysis, and investment seminars."",Medium Investment"
"C0491,85,M,USA,Washington,Individual,Home,No,Website,3,1106379.8,1168.3833333333334,2.0,3,Growth-Oriented Investors,""Recommend commercial properties, portfolio diversification opportunities, rental yield analysis, and investment seminars."",Medium Investment"
"C0492,26,M,USA,Utah,Individual,Home,Yes,Website,4,1300917.1,1008.6625,3.0,3,Growth-Oriented Investors,""Recommend commercial properties, portfolio diversification opportunities, rental yield analysis, and investment seminars."",Medium Investment"
"C0493,72,M,USA,Colorado,Individual,Home,No,Website,4,1312198.98,1141.225,3.0,3,Growth-Oriented Investors,""Recommend commercial properties, portfolio diversification opportunities, rental yield analysis, and investment seminars."",Medium Investment"
"C0494,36,F,USA,California,Individual,Home,Yes,Website,4,1052676.65,911.0425,3.0,3,Growth-Oriented Investors,""Recommend commercial properties, portfolio diversification opportunities, rental yield analysis, and investment seminars."",Low Investment"
"C0495,72,M,USA,California,Individual,Investment,No,Client,4,1246742.44,984.9525,5.0,3,Growth-Oriented Investors,""Recommend commercial properties, portfolio diversification opportunities, rental yield analysis, and investment seminars."",Medium Investment"
"C0496,36,M,USA,California,Individual,Home,No,Agency,4,1120376.44,947.7475000000001,4.0,3,Growth-Oriented Investors,""Recommend commercial properties, portfolio diversification opportunities, rental yield analysis, and investment seminars."",Medium Investment"
"C0497,41,F,USA,Arizona,Individual,Investment,Yes,Website,3,1330684.99,1438.2933333333333,4.0,3,Growth-Oriented Investors,""Recommend commercial properties, portfolio diversification opportunities, rental yield analysis, and investment seminars."",Medium Investment"
"C0498,78,F,Canada,Alberta,Individual,Home,Yes,Website,3,1007455.29,1258.3999999999999,2.0,1,International Diversified Buyers,""Offer mortgage assistance, virtual property tours, overseas investment support, and flexible payment options."",Low Investment"
"C0499,80,F,USA,Colorado,Individual,Home,Yes,Agency,3,897769.81,863.7633333333333,3.0,3,Growth-Oriented Investors,""Recommend commercial properties, portfolio diversification opportunities, rental yield analysis, and investment seminars."",Low Investment"
"C0500,49,M,USA,California,Individual,Home,Yes,Website,3,1294944.52,1438.2933333333333,4.0,3,Growth-Oriented Investors,""Recommend commercial properties, portfolio diversification opportunities, rental yield analysis, and investment seminars."",Medium Investment"
"C0501,31,M,USA,Nevada,Individual,Investment,Yes,Agency,4,1741166.27,1454.35,5.0,3,Growth-Oriented Investors,""Recommend commercial properties, portfolio diversification opportunities, rental yield analysis, and investment seminars."",High Investment"
"C0502,60,F,USA,Arizona,Individual,Home,No,Website,4,1537989.75,1324.385,4.0,3,Growth-Oriented Investors,""Recommend commercial properties, portfolio diversification opportunities, rental yield analysis, and investment seminars."",High Investment"
"C0503,83,M,USA,Utah,Individual,Investment,Yes,Client,4,1432167.34,1135.53,2.0,3,Growth-Oriented Investors,""Recommend commercial properties, portfolio diversification opportunities, rental yield analysis, and investment seminars."",High Investment"
"C0504,34,M,USA,Utah,Individual,Home,No,Website,4,1367188.58,1108.6075,2.0,3,Growth-Oriented Investors,""Recommend commercial properties, portfolio diversification opportunities, rental yield analysis, and investment seminars."",High Investment"
"C0505,31,F,USA,Arizona,Individual,Home,No,Agency,3,1043535.21,1125.17,3.0,3,Growth-Oriented Investors,""Recommend commercial properties, portfolio diversification opportunities, rental yield analysis, and investment seminars."",Low Investment"
"C0506,59,M,USA,California,Individual,Home,No,Agency,3,1122203.03,1267.4066666666668,5.0,3,Growth-Oriented Investors,""Recommend commercial properties, portfolio diversification opportunities, rental yield analysis, and investment seminars."",Medium Investment"
"C0507,75,M,USA,New York,Individual,Home,No,Website,3,1062656.6099999999,1221.3833333333334,3.0,0,Stable Home Buyers,""Recommend residential apartments, family villas, loyalty rewards, and simplified online booking services."",Low Investment"
"C0508,56,F,USA,Nevada,Individual,Home,No,Agency,3,833710.06,900.6166666666667,5.0,3,Growth-Oriented Investors,""Recommend commercial properties, portfolio diversification opportunities, rental yield analysis, and investment seminars."",Low Investment"
"C0509,70,M,Belgium,Wallonia,Individual,Home,No,Website,4,1687930.25,1333.2775000000001,3.0,3,Growth-Oriented Investors,""Recommend commercial properties, portfolio diversification opportunities, rental yield analysis, and investment seminars."",High Investment"
"C0510,79,F,France,Brittany,Individual,Investment,Yes,Website,3,1094232.67,1243.8233333333333,1.0,1,International Diversified Buyers,""Offer mortgage assistance, virtual property tours, overseas investment support, and flexible payment options."",Medium Investment"
"C0511,72,F,UK,England,Individual,Home,No,Website,3,1090537.6,1179.5233333333333,2.0,1,International Diversified Buyers,""Offer mortgage assistance, virtual property tours, overseas investment support, and flexible payment options."",Low Investment"
"C0512,81,F,USA,Arizona,Individual,Home,No,Client,3,1448158.1400000001,1654.4733333333334,1.0,3,Growth-Oriented Investors,""Recommend commercial properties, portfolio diversification opportunities, rental yield analysis, and investment seminars."",High Investment"
"C0513,27,M,USA,Florida,Individual,Home,Yes,Agency,3,974596.63,1049.5133333333333,2.0,2,Premium Independent Buyers,""Recommend luxury residences, VIP investment consultations, premium memberships, and exclusive project launches."",Low Investment"
"C0514,49,F,USA,Oregon,Individual,Home,Yes,Website,4,1528027.54,1316.0375,1.0,3,Growth-Oriented Investors,""Recommend commercial properties, portfolio diversification opportunities, rental yield analysis, and investment seminars."",High Investment"
"C0515,63,F,USA,California,Individual,Home,Yes,Website,4,1561824.93,1342.7925,1.0,3,Growth-Oriented Investors,""Recommend commercial properties, portfolio diversification opportunities, rental yield analysis, and investment seminars."",High Investment"
"C0516,80,M,USA,Utah,Individual,Home,No,Website,4,1437837.49,1196.8899999999999,3.0,3,Growth-Oriented Investors,""Recommend commercial properties, portfolio diversification opportunities, rental yield analysis, and investment seminars."",High Investment"
"C0517,67,M,USA,California,Individual,Home,No,Client,4,1115807.0,939.4875,5.0,3,Growth-Oriented Investors,""Recommend commercial properties, portfolio diversification opportunities, rental yield analysis, and investment seminars."",Medium Investment"
"C0518,64,F,USA,New York,Company,Home,No,Website,4,1633111.65,1196.9724999999999,3.0,0,Stable Home Buyers,""Recommend residential apartments, family villas, loyalty rewards, and simplified online booking services."",High Investment"
"C0519,51,F,USA,Arizona,Individual,Investment,No,Agency,3,981719.26,1108.9966666666667,3.0,3,Growth-Oriented Investors,""Recommend commercial properties, portfolio diversification opportunities, rental yield analysis, and investment seminars."",Low Investment"
"C0520,56,F,USA,Oregon,Individual,Home,Yes,Agency,3,1033523.16,1108.9966666666667,3.0,3,Growth-Oriented Investors,""Recommend commercial properties, portfolio diversification opportunities, rental yield analysis, and investment seminars."",Low Investment"
"C0521,59,F,Canada,British Columbia,Individual,Home,No,Website,4,1074306.5,872.6800000000001,3.0,1,International Diversified Buyers,""Offer mortgage assistance, virtual property tours, overseas investment support, and flexible payment options."",Low Investment"
"C0522,84,F,USA,Virginia,Individual,Home,No,Agency,3,993023.13,1240.6066666666666,5.0,3,Growth-Oriented Investors,""Recommend commercial properties, portfolio diversification opportunities, rental yield analysis, and investment seminars."",Low Investment"
"C0523,66,F,USA,Colorado,Individual,Home,No,Agency,3,928962.95,1058.6633333333332,2.0,3,Growth-Oriented Investors,""Recommend commercial properties, portfolio diversification opportunities, rental yield analysis, and investment seminars."",Low Investment"
"C0524,73,M,USA,Washington,Individual,Home,No,Website,3,801104.6900000001,897.3100000000001,3.0,3,Growth-Oriented Investors,""Recommend commercial properties, portfolio diversification opportunities, rental yield analysis, and investment seminars."",Low Investment"
"C0525,76,M,USA,Arizona,Individual,Home,Yes,Agency,4,1629457.52,1299.3274999999999,4.0,3,Growth-Oriented Investors,""Recommend commercial properties, portfolio diversification opportunities, rental yield analysis, and investment seminars."",High Investment"
"C0526,58,M,Germany,Bavaria,Individual,Home,No,Website,3,1301139.77,1592.1233333333332,5.0,1,International Diversified Buyers,""Offer mortgage assistance, virtual property tours, overseas investment support, and flexible payment options."",Medium Investment"
"C0527,47,M,USA,California,Individual,Home,No,Website,3,1138099.7,1299.5366666666666,2.0,3,Growth-Oriented Investors,""Recommend commercial properties, portfolio diversification opportunities, rental yield analysis, and investment seminars."",Medium Investment"
"C0528,26,M,USA,Washington,Individual,Investment,No,Client,3,1118472.87,1206.2733333333333,2.0,3,Growth-Oriented Investors,""Recommend commercial properties, portfolio diversification opportunities, rental yield analysis, and investment seminars."",Medium Investment"
"C0529,53,M,USA,Nevada,Individual,Home,Yes,Website,4,1268138.95,1098.1675,4.0,3,Growth-Oriented Investors,""Recommend commercial properties, portfolio diversification opportunities, rental yield analysis, and investment seminars."",Medium Investment"
"C0530,74,F,USA,Utah,Individual,Home,Yes,Agency,4,1559124.69,1246.7075,2.0,3,Growth-Oriented Investors,""Recommend commercial properties, portfolio diversification opportunities, rental yield analysis, and investment seminars."",High Investment"
"C0531,50,F,USA,California,Individual,Home,No,Website,4,1911300.7799999998,1510.65,1.0,3,Growth-Oriented Investors,""Recommend commercial properties, portfolio diversification opportunities, rental yield analysis, and investment seminars."",High Investment"
"C0532,47,F,Belgium,Flanders,Individual,Home,No,Website,4,1075202.77,990.9875000000001,2.0,3,Growth-Oriented Investors,""Recommend commercial properties, portfolio diversification opportunities, rental yield analysis, and investment seminars."",Low Investment"
"C0533,63,M,USA,Nevada,Individual,Investment,No,Agency,4,990028.19,787.46,1.0,3,Growth-Oriented Investors,""Recommend commercial properties, portfolio diversification opportunities, rental yield analysis, and investment seminars."",Low Investment"
"C0534,68,M,USA,California,Individual,Investment,No,Agency,3,1133195.2,1371.6133333333335,1.0,3,Growth-Oriented Investors,""Recommend commercial properties, portfolio diversification opportunities, rental yield analysis, and investment seminars."",Medium Investment"
"C0535,39,F,UK,Wales,Individual,Home,No,Agency,3,1299053.94,1386.32,3.0,1,International Diversified Buyers,""Offer mortgage assistance, virtual property tours, overseas investment support, and flexible payment options."",Medium Investment"
"C0536,70,F,USA,Arizona,Individual,Investment,Yes,Website,3,983106.8400000001,1104.51,5.0,3,Growth-Oriented Investors,""Recommend commercial properties, portfolio diversification opportunities, rental yield analysis, and investment seminars."",Low Investment"
"C0537,64,M,USA,Florida,Individual,Home,No,Client,4,1490327.5,1239.145,2.0,2,Premium Independent Buyers,""Recommend luxury residences, VIP investment consultations, premium memberships, and exclusive project launches."",High Investment"
"C0538,57,M,USA,California,Individual,Home,Yes,Agency,4,1206897.7000000002,1103.3225,1.0,3,Growth-Oriented Investors,""Recommend commercial properties, portfolio diversification opportunities, rental yield analysis, and investment seminars."",Medium Investment"
"C0539,35,M,USA,California,Individual,Investment,Yes,Agency,4,1645321.2,1338.8999999999999,1.0,3,Growth-Oriented Investors,""Recommend commercial properties, portfolio diversification opportunities, rental yield analysis, and investment seminars."",High Investment"
"C0540,29,F,USA,New York,Individual,Home,No,Agency,3,494173.31,577.2433333333333,3.0,0,Stable Home Buyers,""Recommend residential apartments, family villas, loyalty rewards, and simplified online booking services."",Low Investment"
"C0541,26,M,UK,Northern Ireland,Individual,Home,No,Agency,4,1721673.54,1296.5625,3.0,1,International Diversified Buyers,""Offer mortgage assistance, virtual property tours, overseas investment support, and flexible payment options."",High Investment"
"C0542,41,M,Mexico,Mexico City,Company,Home,No,Website,4,1195819.4,1024.3375,3.0,1,International Diversified Buyers,""Offer mortgage assistance, virtual property tours, overseas investment support, and flexible payment options."",Medium Investment"
"C0543,79,F,USA,Texas,Individual,Home,Yes,Website,3,753145.67,862.8699999999999,2.0,3,Growth-Oriented Investors,""Recommend commercial properties, portfolio diversification opportunities, rental yield analysis, and investment seminars."",Low Investment"
"C0544,52,M,USA,Utah,Individual,Home,No,Website,4,1636756.28,1326.2525,2.0,3,Growth-Oriented Investors,""Recommend commercial properties, portfolio diversification opportunities, rental yield analysis, and investment seminars."",High Investment"
"C0545,84,M,USA,Colorado,Individual,Home,Yes,Agency,3,1260126.39,1452.2633333333333,1.0,3,Growth-Oriented Investors,""Recommend commercial properties, portfolio diversification opportunities, rental yield analysis, and investment seminars."",Medium Investment"
"C0546,59,M,Canada,Manitoba,Individual,Home,No,Client,3,795528.06,932.37,4.0,1,International Diversified Buyers,""Offer mortgage assistance, virtual property tours, overseas investment support, and flexible payment options."",Low Investment"
"C0547,79,F,USA,California,Individual,Investment,No,Agency,4,1178457.95,1028.3225,2.0,3,Growth-Oriented Investors,""Recommend commercial properties, portfolio diversification opportunities, rental yield analysis, and investment seminars."",Medium Investment"
"C0548,46,M,USA,California,Individual,Home,No,Agency,3,1047476.9299999999,1186.4366666666667,2.0,3,Growth-Oriented Investors,""Recommend commercial properties, portfolio diversification opportunities, rental yield analysis, and investment seminars."",Low Investment"
"C0549,54,M,USA,Florida,Individual,Home,No,Website,3,941219.76,1082.75,4.0,2,Premium Independent Buyers,""Recommend luxury residences, VIP investment consultations, premium memberships, and exclusive project launches."",Low Investment"
"C0550,59,F,USA,Nevada,Company,Home,No,Agency,4,1414568.09,1123.6174999999998,1.0,3,Growth-Oriented Investors,""Recommend commercial properties, portfolio diversification opportunities, rental yield analysis, and investment seminars."",High Investment"
"C0551,66,M,USA,California,Individual,Investment,No,Website,3,1007397.56,1110.6233333333332,4.0,3,Growth-Oriented Investors,""Recommend commercial properties, portfolio diversification opportunities, rental yield analysis, and investment seminars."",Low Investment"
"C0552,61,M,USA,Virginia,Individual,Investment,No,Agency,3,1141476.56,1196.1733333333334,3.0,3,Growth-Oriented Investors,""Recommend commercial properties, portfolio diversification opportunities, rental yield analysis, and investment seminars."",Medium Investment"
"C0553,48,M,USA,Arizona,Individual,Home,No,Website,3,821534.9400000001,897.3100000000001,3.0,3,Growth-Oriented Investors,""Recommend commercial properties, portfolio diversification opportunities, rental yield analysis, and investment seminars."",Low Investment"
"C0554,78,M,Australia,Victoria,Individual,Home,Yes,Agency,4,1643592.85,1295.2649999999999,1.0,1,International Diversified Buyers,""Offer mortgage assistance, virtual property tours, overseas investment support, and flexible payment options."",High Investment"
"C0555,55,M,USA,California,Individual,Investment,Yes,Agency,3,1064533.27,1162.6166666666666,4.0,3,Growth-Oriented Investors,""Recommend commercial properties, portfolio diversification opportunities, rental yield analysis, and investment seminars."",Low Investment"
"C0556,68,M,USA,Colorado,Individual,Home,No,Website,3,1335478.18,1526.9566666666667,5.0,3,Growth-Oriented Investors,""Recommend commercial properties, portfolio diversification opportunities, rental yield analysis, and investment seminars."",Medium Investment"
"C0557,85,F,USA,Utah,Individual,Investment,No,Website,3,733161.98,791.0400000000001,2.0,3,Growth-Oriented Investors,""Recommend commercial properties, portfolio diversification opportunities, rental yield analysis, and investment seminars."",Low Investment"
"C0558,52,F,Denmark,North Denmark,Individual,Home,No,Website,3,1033995.96,1092.54,3.0,1,International Diversified Buyers,""Offer mortgage assistance, virtual property tours, overseas investment support, and flexible payment options."",Low Investment"
"C0559,57,M,USA,California,Company,Home,No,Client,4,1004028.87,786.87,5.0,3,Growth-Oriented Investors,""Recommend commercial properties, portfolio diversification opportunities, rental yield analysis, and investment seminars."",Low Investment"
"C0560,38,F,Australia,South Australia,Individual,Home,No,Website,3,1433718.12,1500.72,3.0,1,International Diversified Buyers,""Offer mortgage assistance, virtual property tours, overseas investment support, and flexible payment options."",High Investment"
"C0561,64,F,USA,Arizona,Company,Investment,No,Website,4,1589252.43,1298.145,3.0,3,Growth-Oriented Investors,""Recommend commercial properties, portfolio diversification opportunities, rental yield analysis, and investment seminars."",High Investment"
"C0562,86,F,USA,Utah,Individual,Investment,Yes,Website,4,1423675.7200000002,1154.105,5.0,3,Growth-Oriented Investors,""Recommend commercial properties, portfolio diversification opportunities, rental yield analysis, and investment seminars."",High Investment"
"C0563,35,M,USA,California,Individual,Home,Yes,Agency,4,1012807.9299999999,842.75,2.0,3,Growth-Oriented Investors,""Recommend commercial properties, portfolio diversification opportunities, rental yield analysis, and investment seminars."",Low Investment"
"C0564,74,M,USA,Texas,Individual,Home,No,Agency,3,1135017.6,1250.3066666666666,1.0,3,Growth-Oriented Investors,""Recommend commercial properties, portfolio diversification opportunities, rental yield analysis, and investment seminars."",Medium Investment"
"C0565,41,M,France,Brittany,Individual,Home,No,Website,3,1043494.3200000001,1167.2766666666666,1.0,1,International Diversified Buyers,""Offer mortgage assistance, virtual property tours, overseas investment support, and flexible payment options."",Low Investment"
"C0566,26,F,USA,Oregon,Individual,Investment,Yes,Agency,4,1167701.9,965.295,4.0,3,Growth-Oriented Investors,""Recommend commercial properties, portfolio diversification opportunities, rental yield analysis, and investment seminars."",Medium Investment"
"C0567,73,F,Russia,Saint Petersburg,Individual,Investment,Yes,Agency,4,1869286.1,1546.3875,2.0,1,International Diversified Buyers,""Offer mortgage assistance, virtual property tours, overseas investment support, and flexible payment options."",High Investment"
"C0568,73,M,USA,California,Individual,Home,No,Website,3,944335.88,1015.9399999999999,3.0,3,Growth-Oriented Investors,""Recommend commercial properties, portfolio diversification opportunities, rental yield analysis, and investment seminars."",Low Investment"
"C0569,55,F,USA,California,Individual,Home,Yes,Client,3,1384749.3,1460.493333333333,5.0,3,Growth-Oriented Investors,""Recommend commercial properties, portfolio diversification opportunities, rental yield analysis, and investment seminars."",High Investment"
"C0570,61,F,France,Occitanie,Individual,Home,Yes,Website,4,1527210.47,1310.8225,5.0,1,International Diversified Buyers,""Offer mortgage assistance, virtual property tours, overseas investment support, and flexible payment options."",High Investment"
"C0571,60,M,USA,California,Individual,Home,No,Website,4,1549969.49,1458.93,3.0,3,Growth-Oriented Investors,""Recommend commercial properties, portfolio diversification opportunities, rental yield analysis, and investment seminars."",High Investment"
"C0572,33,F,USA,California,Individual,Investment,No,Website,4,1519677.44,1228.8325,5.0,3,Growth-Oriented Investors,""Recommend commercial properties, portfolio diversification opportunities, rental yield analysis, and investment seminars."",High Investment"
"C0573,49,M,USA,Georgia,Company,Home,Yes,Agency,3,785842.76,849.7466666666668,4.0,3,Growth-Oriented Investors,""Recommend commercial properties, portfolio diversification opportunities, rental yield analysis, and investment seminars."",Low Investment"
"C0574,58,M,USA,California,Individual,Home,No,Agency,4,1261906.32,1052.2475,2.0,3,Growth-Oriented Investors,""Recommend commercial properties, portfolio diversification opportunities, rental yield analysis, and investment seminars."",Medium Investment"
"C0575,60,M,USA,California,Individual,Investment,No,Website,3,1018391.27,1107.81,2.0,3,Growth-Oriented Investors,""Recommend commercial properties, portfolio diversification opportunities, rental yield analysis, and investment seminars."",Low Investment"
"C0576,67,M,Germany,Hamburg,Individual,Home,No,Client,3,1047406.79,1082.8966666666668,1.0,1,International Diversified Buyers,""Offer mortgage assistance, virtual property tours, overseas investment support, and flexible payment options."",Low Investment"
"C0577,37,M,USA,Arizona,Individual,Home,No,Website,3,693899.0099999999,879.3433333333332,3.0,3,Growth-Oriented Investors,""Recommend commercial properties, portfolio diversification opportunities, rental yield analysis, and investment seminars."",Low Investment"
"C0578,27,F,USA,Arizona,Individual,Home,Yes,Client,3,707276.53,899.7566666666667,5.0,3,Growth-Oriented Investors,""Recommend commercial properties, portfolio diversification opportunities, rental yield analysis, and investment seminars."",Low Investment"
"C0579,85,M,USA,Texas,Individual,Investment,No,Website,3,1198428.6400000001,1299.5366666666666,3.0,3,Growth-Oriented Investors,""Recommend commercial properties, portfolio diversification opportunities, rental yield analysis, and investment seminars."",Medium Investment"
"C0580,78,F,USA,California,Individual,Home,Yes,Client,4,2158954.7800000003,1726.0575,2.0,3,Growth-Oriented Investors,""Recommend commercial properties, portfolio diversification opportunities, rental yield analysis, and investment seminars."",High Investment"
"C0581,69,F,USA,California,Individual,Investment,Yes,Website,4,1029755.56,801.065,5.0,3,Growth-Oriented Investors,""Recommend commercial properties, portfolio diversification opportunities, rental yield analysis, and investment seminars."",Low Investment"
"C0582,86,F,USA,Washington,Individual,Investment,Yes,Website,3,708559.1499999999,791.0400000000001,3.0,3,Growth-Oriented Investors,""Recommend commercial properties, portfolio diversification opportunities, rental yield analysis, and investment seminars."",Low Investment"
"C0583,40,M,USA,California,Individual,Home,No,Agency,4,1237228.18,996.7025,2.0,3,Growth-Oriented Investors,""Recommend commercial properties, portfolio diversification opportunities, rental yield analysis, and investment seminars."",Medium Investment"
"C0584,44,F,USA,California,Individual,Home,No,Website,3,1135691.62,1350.9733333333334,5.0,3,Growth-Oriented Investors,""Recommend commercial properties, portfolio diversification opportunities, rental yield analysis, and investment seminars."",Medium Investment"
"C0585,65,M,USA,Colorado,Individual,Home,No,Agency,4,1003690.1799999999,886.4275,3.0,3,Growth-Oriented Investors,""Recommend commercial properties, portfolio diversification opportunities, rental yield analysis, and investment seminars."",Low Investment"
"C0586,49,M,USA,California,Individual,Home,Yes,Client,3,1226524.31,1286.4266666666667,2.0,3,Growth-Oriented Investors,""Recommend commercial properties, portfolio diversification opportunities, rental yield analysis, and investment seminars."",Medium Investment"
"C0587,34,F,USA,New York,Individual,Home,No,Website,4,1093439.8399999999,911.785,4.0,0,Stable Home Buyers,""Recommend residential apartments, family villas, loyalty rewards, and simplified online booking services."",Medium Investment"
"C0588,37,F,USA,Florida,Individual,Home,No,Website,4,1495976.1400000001,1271.345,2.0,2,Premium Independent Buyers,""Recommend luxury residences, VIP investment consultations, premium memberships, and exclusive project launches."",High Investment"
"C0589,80,M,USA,Texas,Individual,Investment,No,Client,4,1982246.22,1699.3675,5.0,3,Growth-Oriented Investors,""Recommend commercial properties, portfolio diversification opportunities, rental yield analysis, and investment seminars."",High Investment"
"C0590,60,M,UK,Scotland,Individual,Investment,No,Website,4,1105388.8900000001,935.765,2.0,1,International Diversified Buyers,""Offer mortgage assistance, virtual property tours, overseas investment support, and flexible payment options."",Medium Investment"
"C0591,58,F,USA,Nevada,Individual,Home,No,Website,3,1336217.65,1460.493333333333,1.0,3,Growth-Oriented Investors,""Recommend commercial properties, portfolio diversification opportunities, rental yield analysis, and investment seminars."",Medium Investment"
"C0592,54,M,USA,Arizona,Individual,Investment,No,Client,3,787516.58,851.4266666666667,2.0,3,Growth-Oriented Investors,""Recommend commercial properties, portfolio diversification opportunities, rental yield analysis, and investment seminars."",Low Investment"
"C0593,74,F,USA,California,Individual,Home,Yes,Agency,4,2012063.38,1575.1075,2.0,3,Growth-Oriented Investors,""Recommend commercial properties, portfolio diversification opportunities, rental yield analysis, and investment seminars."",High Investment"
"C0594,84,F,USA,Utah,Individual,Home,No,Agency,3,1137572.87,1221.6766666666665,1.0,3,Growth-Oriented Investors,""Recommend commercial properties, portfolio diversification opportunities, rental yield analysis, and investment seminars."",Medium Investment"
"C0595,60,F,USA,Utah,Individual,Home,No,Agency,3,914304.97,934.4333333333334,3.0,3,Growth-Oriented Investors,""Recommend commercial properties, portfolio diversification opportunities, rental yield analysis, and investment seminars."",Low Investment"
"C0596,50,M,USA,Nevada,Individual,Home,No,Agency,4,1094771.49,1023.9675,4.0,3,Growth-Oriented Investors,""Recommend commercial properties, portfolio diversification opportunities, rental yield analysis, and investment seminars."",Medium Investment"
"C0597,40,M,UK,Northern Ireland,Individual,Home,Yes,Website,3,976844.1699999999,1033.6200000000001,2.0,1,International Diversified Buyers,""Offer mortgage assistance, virtual property tours, overseas investment support, and flexible payment options."",Low Investment"
"C0598,77,M,USA,Colorado,Individual,Investment,No,Website,4,1398930.7000000002,1135.53,4.0,3,Growth-Oriented Investors,""Recommend commercial properties, portfolio diversification opportunities, rental yield analysis, and investment seminars."",High Investment"
"C0599,28,F,Canada,Alberta,Individual,Home,No,Agency,3,1162815.78,1354.0866666666668,2.0,1,International Diversified Buyers,""Offer mortgage assistance, virtual property tours, overseas investment support, and flexible payment options."",Medium Investment"
"C0600,42,M,USA,Oregon,Individual,Investment,No,Client,3,917709.61,1042.71,1.0,3,Growth-Oriented Investors,""Recommend commercial properties, portfolio diversification opportunities, rental yield analysis, and investment seminars."",Low Investment"
"C0601,54,F,USA,California,Individual,Home,No,Website,4,1700411.72,1307.3,4.0,3,Growth-Oriented Investors,""Recommend commercial properties, portfolio diversification opportunities, rental yield analysis, and investment seminars."",High Investment"
"C0602,42,M,Germany,Bavaria,Individual,Home,No,Agency,4,905508.82,748.33,4.0,1,International Diversified Buyers,""Offer mortgage assistance, virtual property tours, overseas investment support, and flexible payment options."",Low Investment"
"C0603,32,F,USA,New York,Individual,Home,Yes,Agency,4,1218095.3,1027.81,4.0,0,Stable Home Buyers,""Recommend residential apartments, family villas, loyalty rewards, and simplified online booking services."",Medium Investment"
"C0604,28,F,Belgium,Wallonia,Individual,Home,No,Agency,3,791133.03,919.0466666666666,1.0,3,Growth-Oriented Investors,""Recommend commercial properties, portfolio diversification opportunities, rental yield analysis, and investment seminars."",Low Investment"
"C0605,52,M,USA,Utah,Individual,Home,Yes,Agency,4,1407314.33,1267.07,4.0,3,Growth-Oriented Investors,""Recommend commercial properties, portfolio diversification opportunities, rental yield analysis, and investment seminars."",High Investment"
"C0606,77,F,France,Ile-de-France,Individual,Investment,No,Website,3,1070969.53,1146.2633333333333,1.0,1,International Diversified Buyers,""Offer mortgage assistance, virtual property tours, overseas investment support, and flexible payment options."",Low Investment"
"C0607,64,M,USA,California,Individual,Home,No,Agency,3,1125230.1199999999,1371.6133333333335,1.0,3,Growth-Oriented Investors,""Recommend commercial properties, portfolio diversification opportunities, rental yield analysis, and investment seminars."",Medium Investment"
"C0608,70,M,USA,California,Individual,Home,No,Agency,4,1201411.56,1018.5225,4.0,3,Growth-Oriented Investors,""Recommend commercial properties, portfolio diversification opportunities, rental yield analysis, and investment seminars."",Medium Investment"
"C0609,65,F,USA,Washington,Individual,Home,No,Agency,4,1307567.64,1255.1325000000002,4.0,3,Growth-Oriented Investors,""Recommend commercial properties, portfolio diversification opportunities, rental yield analysis, and investment seminars."",Medium Investment"
"C0610,56,F,USA,California,Individual,Investment,No,Website,3,1178597.68,1339.73,4.0,3,Growth-Oriented Investors,""Recommend commercial properties, portfolio diversification opportunities, rental yield analysis, and investment seminars."",Medium Investment"
"C0611,76,M,USA,California,Individual,Home,No,Agency,4,1142671.94,997.415,4.0,3,Growth-Oriented Investors,""Recommend commercial properties, portfolio diversification opportunities, rental yield analysis, and investment seminars."",Medium Investment"
"C0612,66,M,USA,Florida,Individual,Home,No,Agency,4,1671846.3,1389.15,4.0,2,Premium Independent Buyers,""Recommend luxury residences, VIP investment consultations, premium memberships, and exclusive project launches."",High Investment"
"C0613,31,F,Australia,Victoria,Individual,Home,No,Agency,3,1186019.52,1366.5633333333335,4.0,1,International Diversified Buyers,""Offer mortgage assistance, virtual property tours, overseas investment support, and flexible payment options."",Medium Investment"
"C0614,54,M,UK,Wales,Individual,Home,Yes,Website,4,1025958.38,858.9825,3.0,1,International Diversified Buyers,""Offer mortgage assistance, virtual property tours, overseas investment support, and flexible payment options."",Low Investment"
"C0615,69,M,USA,Utah,Individual,Home,Yes,Website,4,919002.01,748.33,2.0,3,Growth-Oriented Investors,""Recommend commercial properties, portfolio diversification opportunities, rental yield analysis, and investment seminars."",Low Investment"
"C0616,63,F,USA,Virginia,Individual,Investment,Yes,Agency,3,1013364.3,1074.6233333333332,1.0,3,Growth-Oriented Investors,""Recommend commercial properties, portfolio diversification opportunities, rental yield analysis, and investment seminars."",Low Investment"
"C0617,40,F,USA,Ohio,Individual,Home,Yes,Website,3,766861.21,849.6366666666667,5.0,3,Growth-Oriented Investors,""Recommend commercial properties, portfolio diversification opportunities, rental yield analysis, and investment seminars."",Low Investment"
"C0618,58,M,USA,Texas,Individual,Home,No,Agency,3,982803.0,1113.29,3.0,3,Growth-Oriented Investors,""Recommend commercial properties, portfolio diversification opportunities, rental yield analysis, and investment seminars."",Low Investment"
"C0619,56,F,USA,Washington,Individual,Home,No,Website,3,1411977.41,1471.8999999999999,4.0,3,Growth-Oriented Investors,""Recommend commercial properties, portfolio diversification opportunities, rental yield analysis, and investment seminars."",High Investment"
"C0620,66,F,France,Brittany,Individual,Home,No,Website,3,1532429.29,1504.28,3.0,1,International Diversified Buyers,""Offer mortgage assistance, virtual property tours, overseas investment support, and flexible payment options."",High Investment"
"C0621,44,M,Germany,Bavaria,Individual,Investment,Yes,Agency,3,791609.11,869.7866666666667,3.0,1,International Diversified Buyers,""Offer mortgage assistance, virtual property tours, overseas investment support, and flexible payment options."",Low Investment"
"C0622,39,F,USA,Washington,Individual,Investment,No,Client,3,869334.73,980.8699999999999,2.0,3,Growth-Oriented Investors,""Recommend commercial properties, portfolio diversification opportunities, rental yield analysis, and investment seminars."",Low Investment"
"C0623,40,M,USA,Florida,Individual,Investment,Yes,Client,4,1410333.45,1146.02,3.0,2,Premium Independent Buyers,""Recommend luxury residences, VIP investment consultations, premium memberships, and exclusive project launches."",High Investment"
"C0624,26,M,USA,Nevada,Individual,Investment,No,Agency,3,1215611.54,1413.8666666666668,3.0,3,Growth-Oriented Investors,""Recommend commercial properties, portfolio diversification opportunities, rental yield analysis, and investment seminars."",Medium Investment"
"C0625,43,F,Belgium,Flanders,Individual,Investment,Yes,Agency,4,1000166.88,851.0225,2.0,3,Growth-Oriented Investors,""Recommend commercial properties, portfolio diversification opportunities, rental yield analysis, and investment seminars."",Low Investment"
"C0626,58,F,Germany,Hamburg,Individual,Investment,No,Website,3,1061694.1300000001,1244.5566666666666,2.0,1,International Diversified Buyers,""Offer mortgage assistance, virtual property tours, overseas investment support, and flexible payment options."",Low Investment"
"C0627,26,F,USA,Arizona,Individual,Home,No,Agency,4,1870806.42,1726.0575,3.0,3,Growth-Oriented Investors,""Recommend commercial properties, portfolio diversification opportunities, rental yield analysis, and investment seminars."",High Investment"
"C0628,41,M,Canada,British Columbia,Individual,Home,Yes,Agency,4,1623109.63,1250.39,3.0,1,International Diversified Buyers,""Offer mortgage assistance, virtual property tours, overseas investment support, and flexible payment options."",High Investment"
"C0629,80,F,USA,California,Individual,Investment,No,Agency,3,961721.77,1129.1766666666665,2.0,3,Growth-Oriented Investors,""Recommend commercial properties, portfolio diversification opportunities, rental yield analysis, and investment seminars."",Low Investment"
"C0630,61,M,USA,California,Individual,Home,No,Website,4,1308077.6099999999,1075.5049999999999,2.0,3,Growth-Oriented Investors,""Recommend commercial properties, portfolio diversification opportunities, rental yield analysis, and investment seminars."",Medium Investment"
"C0631,60,F,USA,California,Individual,Home,No,Website,4,1534891.22,1227.645,5.0,3,Growth-Oriented Investors,""Recommend commercial properties, portfolio diversification opportunities, rental yield analysis, and investment seminars."",High Investment"
"C0632,78,M,UK,Northern Ireland,Individual,Home,No,Website,4,1146845.98,947.7475,4.0,1,International Diversified Buyers,""Offer mortgage assistance, virtual property tours, overseas investment support, and flexible payment options."",Medium Investment"
"C0633,85,F,USA,Nevada,Individual,Home,No,Agency,4,1207516.26,928.745,3.0,3,Growth-Oriented Investors,""Recommend commercial properties, portfolio diversification opportunities, rental yield analysis, and investment seminars."",Medium Investment"
"C0634,46,M,USA,Washington,Individual,Investment,Yes,Website,3,1181693.63,1393.1066666666666,4.0,3,Growth-Oriented Investors,""Recommend commercial properties, portfolio diversification opportunities, rental yield analysis, and investment seminars."",Medium Investment"
"C0635,66,F,UK,Scotland,Individual,Investment,No,Website,3,1375700.03,1460.493333333333,5.0,1,International Diversified Buyers,""Offer mortgage assistance, virtual property tours, overseas investment support, and flexible payment options."",High Investment"
"C0636,46,F,France,Brittany,Individual,Home,No,Website,4,981810.0800000001,827.3575000000001,5.0,1,International Diversified Buyers,""Offer mortgage assistance, virtual property tours, overseas investment support, and flexible payment options."",Low Investment"
"C0637,59,F,USA,California,Individual,Home,No,Website,4,1602478.07,1296.5625,2.0,3,Growth-Oriented Investors,""Recommend commercial properties, portfolio diversification opportunities, rental yield analysis, and investment seminars."",High Investment"
"C0638,51,M,USA,Ohio,Individual,Home,Yes,Website,4,1347045.42,1204.4975,5.0,3,Growth-Oriented Investors,""Recommend commercial properties, portfolio diversification opportunities, rental yield analysis, and investment seminars."",Medium Investment"
"C0639,65,M,UK,Scotland,Individual,Home,Yes,Website,3,861670.72,1008.1300000000001,3.0,1,International Diversified Buyers,""Offer mortgage assistance, virtual property tours, overseas investment support, and flexible payment options."",Low Investment"
"C0640,59,F,USA,Utah,Individual,Home,No,Agency,3,772950.1699999999,915.6366666666667,3.0,3,Growth-Oriented Investors,""Recommend commercial properties, portfolio diversification opportunities, rental yield analysis, and investment seminars."",Low Investment"
"C0641,32,M,USA,Arizona,Company,Home,No,Agency,3,1217213.26,1240.6066666666666,2.0,3,Growth-Oriented Investors,""Recommend commercial properties, portfolio diversification opportunities, rental yield analysis, and investment seminars."",Medium Investment"
"C0642,59,F,USA,California,Individual,Home,No,Website,3,1027140.61,1161.5433333333333,4.0,3,Growth-Oriented Investors,""Recommend commercial properties, portfolio diversification opportunities, rental yield analysis, and investment seminars."",Low Investment"
"C0643,52,F,USA,California,Individual,Home,No,Website,3,928645.01,1016.5033333333334,5.0,3,Growth-Oriented Investors,""Recommend commercial properties, portfolio diversification opportunities, rental yield analysis, and investment seminars."",Low Investment"
"C0644,70,F,USA,California,Individual,Home,Yes,Agency,3,1549624.23,1630.1366666666665,4.0,3,Growth-Oriented Investors,""Recommend commercial properties, portfolio diversification opportunities, rental yield analysis, and investment seminars."",High Investment"
"C0645,38,M,USA,Nevada,Individual,Home,No,Client,3,731453.53,862.11,2.0,3,Growth-Oriented Investors,""Recommend commercial properties, portfolio diversification opportunities, rental yield analysis, and investment seminars."",Low Investment"
"C0646,31,F,USA,Arizona,Individual,Investment,No,Agency,3,1325311.83,1464.0166666666667,5.0,3,Growth-Oriented Investors,""Recommend commercial properties, portfolio diversification opportunities, rental yield analysis, and investment seminars."",Medium Investment"
"C0647,80,F,USA,California,Individual,Home,No,Agency,4,2115520.42,1676.3825,4.0,3,Growth-Oriented Investors,""Recommend commercial properties, portfolio diversification opportunities, rental yield analysis, and investment seminars."",High Investment"
"C0648,27,F,USA,California,Individual,Home,Yes,Website,4,1142985.38,984.6475,1.0,3,Growth-Oriented Investors,""Recommend commercial properties, portfolio diversification opportunities, rental yield analysis, and investment seminars."",Medium Investment"
"C0649,31,F,USA,California,Individual,Home,No,Agency,4,1401448.51,1136.6925,4.0,3,Growth-Oriented Investors,""Recommend commercial properties, portfolio diversification opportunities, rental yield analysis, and investment seminars."",High Investment"
"C0650,50,M,France,Occitanie,Company,Home,Yes,Client,3,799742.26,932.37,3.0,1,International Diversified Buyers,""Offer mortgage assistance, virtual property tours, overseas investment support, and flexible payment options."",Low Investment"
"C0651,33,M,USA,Washington,Company,Home,No,Agency,4,1077094.73,948.7574999999999,1.0,3,Growth-Oriented Investors,""Recommend commercial properties, portfolio diversification opportunities, rental yield analysis, and investment seminars."",Low Investment"
"C0652,33,F,USA,Washington,Individual,Home,No,Website,3,904157.22,985.5433333333334,2.0,3,Growth-Oriented Investors,""Recommend commercial properties, portfolio diversification opportunities, rental yield analysis, and investment seminars."",Low Investment"
"C0653,56,M,USA,Ohio,Individual,Home,No,Client,4,1215543.15,1053.27,2.0,3,Growth-Oriented Investors,""Recommend commercial properties, portfolio diversification opportunities, rental yield analysis, and investment seminars."",Medium Investment"
"C0654,66,M,USA,New York,Individual,Home,Yes,Website,3,865293.89,1015.9399999999999,2.0,0,Stable Home Buyers,""Recommend residential apartments, family villas, loyalty rewards, and simplified online booking services."",Low Investment"
"C0655,76,F,USA,Nevada,Individual,Home,Yes,Agency,3,1071763.22,1138.4233333333334,1.0,3,Growth-Oriented Investors,""Recommend commercial properties, portfolio diversification opportunities, rental yield analysis, and investment seminars."",Low Investment"
"C0656,49,F,USA,Colorado,Individual,Home,No,Client,4,1288383.38,1190.4075,5.0,3,Growth-Oriented Investors,""Recommend commercial properties, portfolio diversification opportunities, rental yield analysis, and investment seminars."",Medium Investment"
"C0657,70,M,USA,California,Individual,Home,No,Agency,3,1258111.3199999998,1338.1466666666668,2.0,3,Growth-Oriented Investors,""Recommend commercial properties, portfolio diversification opportunities, rental yield analysis, and investment seminars."",Medium Investment"
"C0658,27,F,USA,Virginia,Individual,Home,Yes,Agency,3,1122021.28,1271.67,3.0,3,Growth-Oriented Investors,""Recommend commercial properties, portfolio diversification opportunities, rental yield analysis, and investment seminars."",Medium Investment"
"C0659,38,F,USA,California,Individual,Home,Yes,Agency,4,1000550.86,832.615,4.0,3,Growth-Oriented Investors,""Recommend commercial properties, portfolio diversification opportunities, rental yield analysis, and investment seminars."",Low Investment"
"C0660,35,M,USA,Arizona,Individual,Home,Yes,Client,3,1148308.35,1337.0533333333333,4.0,3,Growth-Oriented Investors,""Recommend commercial properties, portfolio diversification opportunities, rental yield analysis, and investment seminars."",Medium Investment"
"C0661,65,F,Canada,Manitoba,Individual,Home,No,Website,4,1627713.0499999998,1299.3274999999999,3.0,1,International Diversified Buyers,""Offer mortgage assistance, virtual property tours, overseas investment support, and flexible payment options."",High Investment"
"C0662,69,F,USA,California,Individual,Investment,No,Website,4,1520239.97,1175.235,3.0,3,Growth-Oriented Investors,""Recommend commercial properties, portfolio diversification opportunities, rental yield analysis, and investment seminars."",High Investment"
"C0663,68,M,USA,California,Individual,Home,Yes,Agency,4,1544313.34,1234.8075,2.0,3,Growth-Oriented Investors,""Recommend commercial properties, portfolio diversification opportunities, rental yield analysis, and investment seminars."",High Investment"
"C0664,68,M,Canada,Alberta,Individual,Investment,Yes,Website,4,1063024.57,897.47,5.0,1,International Diversified Buyers,""Offer mortgage assistance, virtual property tours, overseas investment support, and flexible payment options."",Low Investment"
"C0665,67,M,USA,Colorado,Individual,Investment,No,Agency,3,704886.02,765.68,1.0,3,Growth-Oriented Investors,""Recommend commercial properties, portfolio diversification opportunities, rental yield analysis, and investment seminars."",Low Investment"
"C0666,78,F,USA,California,Individual,Investment,No,Website,4,1532074.27,1271.345,1.0,3,Growth-Oriented Investors,""Recommend commercial properties, portfolio diversification opportunities, rental yield analysis, and investment seminars."",High Investment"
"C0667,60,M,USA,Arizona,Individual,Investment,No,Agency,4,1486560.06,1295.2649999999999,2.0,3,Growth-Oriented Investors,""Recommend commercial properties, portfolio diversification opportunities, rental yield analysis, and investment seminars."",High Investment"
"C0668,48,F,France,Ile-de-France,Individual,Investment,Yes,Website,4,987175.01,824.2025,4.0,1,International Diversified Buyers,""Offer mortgage assistance, virtual property tours, overseas investment support, and flexible payment options."",Low Investment"
"C0669,68,F,Canada,British Columbia,Individual,Home,No,Agency,3,1366533.49,1599.3433333333332,3.0,1,International Diversified Buyers,""Offer mortgage assistance, virtual property tours, overseas investment support, and flexible payment options."",High Investment"
"C0670,50,M,USA,Nevada,Company,Investment,No,Website,3,1631973.5499999998,1800.45,4.0,3,Growth-Oriented Investors,""Recommend commercial properties, portfolio diversification opportunities, rental yield analysis, and investment seminars."",High Investment"
"C0671,85,M,USA,Colorado,Individual,Home,Yes,Client,3,759678.12,849.6366666666667,4.0,3,Growth-Oriented Investors,""Recommend commercial properties, portfolio diversification opportunities, rental yield analysis, and investment seminars."",Low Investment"
"C0672,59,F,USA,California,Individual,Home,No,Website,3,1301968.05,1452.2633333333333,2.0,3,Growth-Oriented Investors,""Recommend commercial properties, portfolio diversification opportunities, rental yield analysis, and investment seminars."",Medium Investment"
"C0673,61,F,USA,California,Individual,Home,No,Website,3,870503.9000000001,1012.96,4.0,3,Growth-Oriented Investors,""Recommend commercial properties, portfolio diversification opportunities, rental yield analysis, and investment seminars."",Low Investment"
"C0674,40,F,USA,California,Individual,Investment,No,Website,4,1733438.52,1365.9450000000002,4.0,3,Growth-Oriented Investors,""Recommend commercial properties, portfolio diversification opportunities, rental yield analysis, and investment seminars."",High Investment"
"C0675,57,F,USA,Texas,Individual,Home,No,Website,3,1117159.17,1113.29,5.0,3,Growth-Oriented Investors,""Recommend commercial properties, portfolio diversification opportunities, rental yield analysis, and investment seminars."",Medium Investment"
"C0676,84,F,USA,Nevada,Individual,Home,No,Agency,3,1022396.03,989.0566666666667,2.0,3,Growth-Oriented Investors,""Recommend commercial properties, portfolio diversification opportunities, rental yield analysis, and investment seminars."",Low Investment"
"C0677,45,M,USA,Arizona,Individual,Investment,No,Agency,4,1217015.1099999999,1024.3375,2.0,3,Growth-Oriented Investors,""Recommend commercial properties, portfolio diversification opportunities, rental yield analysis, and investment seminars."",Medium Investment"
"C0678,54,M,USA,California,Individual,Home,Yes,Website,3,904050.87,897.3100000000001,4.0,3,Growth-Oriented Investors,""Recommend commercial properties, portfolio diversification opportunities, rental yield analysis, and investment seminars."",Low Investment"
"C0679,62,F,USA,Nevada,Individual,Home,No,Agency,4,1945371.6800000002,1726.0575,1.0,3,Growth-Oriented Investors,""Recommend commercial properties, portfolio diversification opportunities, rental yield analysis, and investment seminars."",High Investment"
"C0680,61,M,USA,Utah,Individual,Investment,No,Agency,4,1533727.71,1333.2775,2.0,3,Growth-Oriented Investors,""Recommend commercial properties, portfolio diversification opportunities, rental yield analysis, and investment seminars."",High Investment"
"C0681,49,F,USA,California,Company,Home,No,Agency,4,736696.97,658.8625,3.0,3,Growth-Oriented Investors,""Recommend commercial properties, portfolio diversification opportunities, rental yield analysis, and investment seminars."",Low Investment"
"C0682,53,M,USA,California,Individual,Home,No,Website,4,1436006.22,1214.5625,5.0,3,Growth-Oriented Investors,""Recommend commercial properties, portfolio diversification opportunities, rental yield analysis, and investment seminars."",High Investment"
"C0683,78,M,USA,Colorado,Individual,Home,Yes,Agency,3,1216565.53,1463.22,2.0,3,Growth-Oriented Investors,""Recommend commercial properties, portfolio diversification opportunities, rental yield analysis, and investment seminars."",Medium Investment"
"C0684,41,M,USA,California,Individual,Home,No,Agency,4,1402625.45,1120.62,1.0,3,Growth-Oriented Investors,""Recommend commercial properties, portfolio diversification opportunities, rental yield analysis, and investment seminars."",High Investment"
"C0685,39,F,USA,Washington,Individual,Home,No,Agency,3,1129835.06,1228.5033333333333,5.0,3,Growth-Oriented Investors,""Recommend commercial properties, portfolio diversification opportunities, rental yield analysis, and investment seminars."",Medium Investment"
"C0686,63,M,USA,California,Individual,Home,Yes,Website,3,1250166.33,1369.7300000000002,1.0,3,Growth-Oriented Investors,""Recommend commercial properties, portfolio diversification opportunities, rental yield analysis, and investment seminars."",Medium Investment"
"C0687,67,F,USA,Utah,Individual,Home,Yes,Website,4,1532604.0,1210.7375000000002,3.0,3,Growth-Oriented Investors,""Recommend commercial properties, portfolio diversification opportunities, rental yield analysis, and investment seminars."",High Investment"
"C0688,58,F,USA,Colorado,Individual,Investment,Yes,Website,4,1093762.42,868.5725,5.0,3,Growth-Oriented Investors,""Recommend commercial properties, portfolio diversification opportunities, rental yield analysis, and investment seminars."",Medium Investment"
"C0689,28,F,USA,California,Individual,Home,No,Website,3,1051259.37,1186.05,4.0,3,Growth-Oriented Investors,""Recommend commercial properties, portfolio diversification opportunities, rental yield analysis, and investment seminars."",Low Investment"
"C0690,41,F,USA,Oregon,Individual,Home,Yes,Agency,4,1402023.24,1150.3275,4.0,3,Growth-Oriented Investors,""Recommend commercial properties, portfolio diversification opportunities, rental yield analysis, and investment seminars."",High Investment"
"C0691,83,M,USA,California,Individual,Investment,No,Agency,4,948552.89,816.16,4.0,3,Growth-Oriented Investors,""Recommend commercial properties, portfolio diversification opportunities, rental yield analysis, and investment seminars."",Low Investment"
"C0692,62,M,USA,Georgia,Individual,Investment,No,Agency,4,1206585.87,1011.5875,3.0,3,Growth-Oriented Investors,""Recommend commercial properties, portfolio diversification opportunities, rental yield analysis, and investment seminars."",Medium Investment"
"C0693,69,M,USA,California,Individual,Investment,Yes,Agency,4,1831502.92,1498.6825,5.0,3,Growth-Oriented Investors,""Recommend commercial properties, portfolio diversification opportunities, rental yield analysis, and investment seminars."",High Investment"
"C0694,37,M,UK,Scotland,Company,Investment,No,Website,4,1287767.07,1063.04,2.0,1,International Diversified Buyers,""Offer mortgage assistance, virtual property tours, overseas investment support, and flexible payment options."",Medium Investment"
"C0695,79,M,USA,Washington,Individual,Home,No,Website,3,870451.65,934.8733333333333,4.0,3,Growth-Oriented Investors,""Recommend commercial properties, portfolio diversification opportunities, rental yield analysis, and investment seminars."",Low Investment"
"C0696,32,F,USA,Washington,Individual,Investment,Yes,Agency,4,1417025.49,1246.6175,5.0,3,Growth-Oriented Investors,""Recommend commercial properties, portfolio diversification opportunities, rental yield analysis, and investment seminars."",High Investment"
"C0697,40,M,USA,California,Individual,Investment,Yes,Agency,4,1203571.2,1036.6525,4.0,3,Growth-Oriented Investors,""Recommend commercial properties, portfolio diversification opportunities, rental yield analysis, and investment seminars."",Medium Investment"
"C0698,80,F,USA,California,Individual,Home,Yes,Website,4,1560635.51,1286.9575,2.0,3,Growth-Oriented Investors,""Recommend commercial properties, portfolio diversification opportunities, rental yield analysis, and investment seminars."",High Investment"
"C0699,40,M,USA,Washington,Individual,Home,Yes,Agency,3,1292445.15,1357.1933333333334,1.0,3,Growth-Oriented Investors,""Recommend commercial properties, portfolio diversification opportunities, rental yield analysis, and investment seminars."",Medium Investment"
"C0700,82,F,USA,Washington,Individual,Home,No,Website,3,724453.7,851.4266666666667,5.0,3,Growth-Oriented Investors,""Recommend commercial properties, portfolio diversification opportunities, rental yield analysis, and investment seminars."",Low Investment"
"C0701,64,F,UK,England,Individual,Investment,No,Website,4,1318537.76,1050.5725,1.0,1,International Diversified Buyers,""Offer mortgage assistance, virtual property tours, overseas investment support, and flexible payment options."",Medium Investment"
"C0702,60,M,USA,Arizona,Individual,Home,No,Agency,3,1215022.0,1303.7766666666666,5.0,3,Growth-Oriented Investors,""Recommend commercial properties, portfolio diversification opportunities, rental yield analysis, and investment seminars."",Medium Investment"
"C0703,42,M,USA,Colorado,Company,Home,No,Website,3,938073.5700000001,1023.8800000000001,3.0,3,Growth-Oriented Investors,""Recommend commercial properties, portfolio diversification opportunities, rental yield analysis, and investment seminars."",Low Investment"
"C0704,84,F,USA,Georgia,Individual,Home,No,Agency,3,1130778.86,1194.9266666666665,4.0,3,Growth-Oriented Investors,""Recommend commercial properties, portfolio diversification opportunities, rental yield analysis, and investment seminars."",Medium Investment"
"C0705,86,M,USA,Nevada,Individual,Home,No,Website,3,1643383.67,1680.5266666666666,3.0,3,Growth-Oriented Investors,""Recommend commercial properties, portfolio diversification opportunities, rental yield analysis, and investment seminars."",High Investment"
"C0706,42,M,UK,England,Individual,Investment,No,Client,3,1034954.84,1162.6166666666666,2.0,1,International Diversified Buyers,""Offer mortgage assistance, virtual property tours, overseas investment support, and flexible payment options."",Low Investment"
"C0707,31,M,USA,Virginia,Individual,Home,Yes,Website,4,1171255.22,956.935,5.0,3,Growth-Oriented Investors,""Recommend commercial properties, portfolio diversification opportunities, rental yield analysis, and investment seminars."",Medium Investment"
"C0708,62,M,USA,California,Individual,Home,No,Client,3,1539340.8699999999,1523.6933333333334,2.0,3,Growth-Oriented Investors,""Recommend commercial properties, portfolio diversification opportunities, rental yield analysis, and investment seminars."",High Investment"
"C0709,44,F,USA,Georgia,Individual,Home,Yes,Agency,4,1233960.52,1009.23,2.0,3,Growth-Oriented Investors,""Recommend commercial properties, portfolio diversification opportunities, rental yield analysis, and investment seminars."",Medium Investment"
"C0710,80,M,USA,Oregon,Individual,Home,Yes,Agency,4,1158001.3599999999,939.3575,2.0,3,Growth-Oriented Investors,""Recommend commercial properties, portfolio diversification opportunities, rental yield analysis, and investment seminars."",Medium Investment"
"C0711,31,F,USA,California,Individual,Investment,No,Agency,4,1045658.54,905.7525,3.0,3,Growth-Oriented Investors,""Recommend commercial properties, portfolio diversification opportunities, rental yield analysis, and investment seminars."",Low Investment"
"C0712,35,M,USA,California,Individual,Home,No,Agency,3,701688.31,842.68,1.0,3,Growth-Oriented Investors,""Recommend commercial properties, portfolio diversification opportunities, rental yield analysis, and investment seminars."",Low Investment"
"C0713,29,F,USA,California,Individual,Investment,No,Agency,3,946537.74,1125.17,3.0,3,Growth-Oriented Investors,""Recommend commercial properties, portfolio diversification opportunities, rental yield analysis, and investment seminars."",Low Investment"
"C0714,49,M,Russia,Saint Petersburg,Individual,Home,No,Website,3,1520218.18,1680.5266666666666,3.0,1,International Diversified Buyers,""Offer mortgage assistance, virtual property tours, overseas investment support, and flexible payment options."",High Investment"
"C0715,44,F,USA,Utah,Individual,Home,No,Website,3,1151372.75,1340.7666666666667,3.0,3,Growth-Oriented Investors,""Recommend commercial properties, portfolio diversification opportunities, rental yield analysis, and investment seminars."",Medium Investment"
"C0716,32,M,UK,Northern Ireland,Individual,Home,No,Client,3,1173245.74,1334.1000000000001,1.0,1,International Diversified Buyers,""Offer mortgage assistance, virtual property tours, overseas investment support, and flexible payment options."",Medium Investment"
"C0717,80,F,USA,Arizona,Individual,Investment,Yes,Agency,3,1000529.6699999999,1156.5633333333333,3.0,3,Growth-Oriented Investors,""Recommend commercial properties, portfolio diversification opportunities, rental yield analysis, and investment seminars."",Low Investment"
"C0718,82,F,France,Ile-de-France,Individual,Home,Yes,Website,3,900157.9099999999,1123.8033333333333,2.0,1,International Diversified Buyers,""Offer mortgage assistance, virtual property tours, overseas investment support, and flexible payment options."",Low Investment"
"C0719,52,M,USA,California,Individual,Investment,Yes,Agency,3,912916.77,1023.8800000000001,2.0,3,Growth-Oriented Investors,""Recommend commercial properties, portfolio diversification opportunities, rental yield analysis, and investment seminars."",Low Investment"
"C0720,45,F,USA,California,Individual,Investment,Yes,Agency,4,844316.69,678.3725,1.0,3,Growth-Oriented Investors,""Recommend commercial properties, portfolio diversification opportunities, rental yield analysis, and investment seminars."",Low Investment"
"C0721,27,F,USA,Florida,Individual,Home,No,Website,4,1167212.02,939.4875,4.0,2,Premium Independent Buyers,""Recommend luxury residences, VIP investment consultations, premium memberships, and exclusive project launches."",Medium Investment"
"C0722,83,F,USA,Texas,Individual,Home,No,Website,3,936104.05,1033.4833333333333,1.0,3,Growth-Oriented Investors,""Recommend commercial properties, portfolio diversification opportunities, rental yield analysis, and investment seminars."",Low Investment"
"C0723,27,F,Germany,North Rhine-Westphalia,Individual,Home,Yes,Website,3,1554043.79,1671.7666666666667,3.0,1,International Diversified Buyers,""Offer mortgage assistance, virtual property tours, overseas investment support, and flexible payment options."",High Investment"
"C0724,66,M,USA,Arizona,Individual,Investment,Yes,Agency,4,1564795.28,1255.1325000000002,4.0,3,Growth-Oriented Investors,""Recommend commercial properties, portfolio diversification opportunities, rental yield analysis, and investment seminars."",High Investment"
"C0725,43,F,USA,New York,Individual,Home,No,Website,3,1557779.53,1733.68,3.0,0,Stable Home Buyers,""Recommend residential apartments, family villas, loyalty rewards, and simplified online booking services."",High Investment"
"C0726,49,F,USA,Georgia,Individual,Home,No,Website,4,1055406.17,901.245,4.0,3,Growth-Oriented Investors,""Recommend commercial properties, portfolio diversification opportunities, rental yield analysis, and investment seminars."",Low Investment"
"C0727,85,M,USA,California,Individual,Investment,Yes,Client,4,1924218.25,1425.7675,3.0,3,Growth-Oriented Investors,""Recommend commercial properties, portfolio diversification opportunities, rental yield analysis, and investment seminars."",High Investment"
"C0728,55,M,USA,California,Individual,Home,Yes,Agency,3,896046.43,934.8733333333333,3.0,3,Growth-Oriented Investors,""Recommend commercial properties, portfolio diversification opportunities, rental yield analysis, and investment seminars."",Low Investment"
"C0729,82,M,USA,Washington,Individual,Investment,Yes,Agency,3,1100578.42,1280.28,3.0,3,Growth-Oriented Investors,""Recommend commercial properties, portfolio diversification opportunities, rental yield analysis, and investment seminars."",Medium Investment"
"C0730,38,M,USA,California,Individual,Investment,No,Website,3,1395460.54,1435.6633333333332,4.0,3,Growth-Oriented Investors,""Recommend commercial properties, portfolio diversification opportunities, rental yield analysis, and investment seminars."",High Investment"
"C0731,26,M,USA,California,Individual,Home,No,Agency,4,2163873.35,1699.3675,5.0,3,Growth-Oriented Investors,""Recommend commercial properties, portfolio diversification opportunities, rental yield analysis, and investment seminars."",High Investment"
"C0732,41,M,USA,Oregon,Individual,Home,No,Website,4,1763602.47,1454.35,5.0,3,Growth-Oriented Investors,""Recommend commercial properties, portfolio diversification opportunities, rental yield analysis, and investment seminars."",High Investment"
"C0733,50,F,USA,Nevada,Individual,Home,No,Agency,3,1610480.1,1609.0333333333335,5.0,3,Growth-Oriented Investors,""Recommend commercial properties, portfolio diversification opportunities, rental yield analysis, and investment seminars."",High Investment"
"C0734,45,F,USA,Virginia,Individual,Investment,Yes,Client,3,894573.22,1077.3333333333333,5.0,3,Growth-Oriented Investors,""Recommend commercial properties, portfolio diversification opportunities, rental yield analysis, and investment seminars."",Low Investment"
"C0735,32,M,Germany,Hesse,Individual,Investment,No,Website,3,1082670.51,1129.1766666666665,4.0,1,International Diversified Buyers,""Offer mortgage assistance, virtual property tours, overseas investment support, and flexible payment options."",Low Investment"
"C0736,84,M,USA,Utah,Individual,Investment,No,Agency,3,961660.45,1049.5133333333333,3.0,3,Growth-Oriented Investors,""Recommend commercial properties, portfolio diversification opportunities, rental yield analysis, and investment seminars."",Low Investment"
"C0737,48,M,USA,California,Individual,Investment,No,Agency,3,1271295.42,1435.6633333333332,3.0,3,Growth-Oriented Investors,""Recommend commercial properties, portfolio diversification opportunities, rental yield analysis, and investment seminars."",Medium Investment"
"C0738,46,M,USA,Texas,Individual,Home,No,Website,4,1217179.49,955.7625,5.0,3,Growth-Oriented Investors,""Recommend commercial properties, portfolio diversification opportunities, rental yield analysis, and investment seminars."",Medium Investment"
"C0739,61,M,USA,California,Individual,Home,No,Agency,4,1239915.48,1096.12,2.0,3,Growth-Oriented Investors,""Recommend commercial properties, portfolio diversification opportunities, rental yield analysis, and investment seminars."",Medium Investment"
"C0740,60,F,USA,Utah,Individual,Investment,No,Client,3,1150084.72,1176.2366666666667,1.0,3,Growth-Oriented Investors,""Recommend commercial properties, portfolio diversification opportunities, rental yield analysis, and investment seminars."",Medium Investment"
"C0741,64,F,USA,California,Individual,Home,No,Website,3,808100.3,952.0733333333334,2.0,3,Growth-Oriented Investors,""Recommend commercial properties, portfolio diversification opportunities, rental yield analysis, and investment seminars."",Low Investment"
"C0742,46,M,UK,Wales,Individual,Home,Yes,Website,3,943082.4199999999,1078.7866666666666,1.0,1,International Diversified Buyers,""Offer mortgage assistance, virtual property tours, overseas investment support, and flexible payment options."",Low Investment"
"C0743,54,M,USA,Oregon,Individual,Investment,Yes,Website,3,973707.31,1145.4666666666665,4.0,3,Growth-Oriented Investors,""Recommend commercial properties, portfolio diversification opportunities, rental yield analysis, and investment seminars."",Low Investment"
"C0744,76,F,USA,Virginia,Individual,Home,No,Website,3,947393.7,939.3299999999999,1.0,3,Growth-Oriented Investors,""Recommend commercial properties, portfolio diversification opportunities, rental yield analysis, and investment seminars."",Low Investment"
"C0745,29,F,USA,California,Individual,Investment,No,Website,4,1137226.12,940.485,5.0,3,Growth-Oriented Investors,""Recommend commercial properties, portfolio diversification opportunities, rental yield analysis, and investment seminars."",Medium Investment"
"C0746,70,M,UK,Scotland,Individual,Home,No,Website,4,1485041.45,1120.62,4.0,1,International Diversified Buyers,""Offer mortgage assistance, virtual property tours, overseas investment support, and flexible payment options."",High Investment"
"C0747,34,M,USA,Florida,Individual,Home,Yes,Website,3,1321142.35,1435.6633333333332,4.0,2,Premium Independent Buyers,""Recommend luxury residences, VIP investment consultations, premium memberships, and exclusive project launches."",Medium Investment"
"C0748,52,F,USA,California,Company,Home,Yes,Client,3,1188736.23,1332.34,1.0,3,Growth-Oriented Investors,""Recommend commercial properties, portfolio diversification opportunities, rental yield analysis, and investment seminars."",Medium Investment"
"C0749,34,F,USA,New York,Individual,Home,No,Agency,3,1170883.93,1258.6899999999998,5.0,0,Stable Home Buyers,""Recommend residential apartments, family villas, loyalty rewards, and simplified online booking services."",Medium Investment"
"C0750,50,F,USA,Nevada,Individual,Investment,No,Agency,3,887696.78,964.2666666666665,1.0,3,Growth-Oriented Investors,""Recommend commercial properties, portfolio diversification opportunities, rental yield analysis, and investment seminars."",Low Investment"
"C0751,52,M,USA,California,Individual,Home,No,Client,4,1055948.97,967.0,5.0,3,Growth-Oriented Investors,""Recommend commercial properties, portfolio diversification opportunities, rental yield analysis, and investment seminars."",Low Investment"
"C0752,72,F,Belgium,Brussels,Individual,Investment,No,Agency,4,836214.24,725.4225,3.0,3,Growth-Oriented Investors,""Recommend commercial properties, portfolio diversification opportunities, rental yield analysis, and investment seminars."",Low Investment"
"C0753,66,M,Germany,Hamburg,Individual,Home,No,Website,4,1053102.32,868.5725,5.0,1,International Diversified Buyers,""Offer mortgage assistance, virtual property tours, overseas investment support, and flexible payment options."",Low Investment"
"C0754,56,F,USA,Arizona,Individual,Investment,No,Website,4,1300009.56,1037.4175,3.0,3,Growth-Oriented Investors,""Recommend commercial properties, portfolio diversification opportunities, rental yield analysis, and investment seminars."",Medium Investment"
"C0755,59,F,USA,California,Company,Home,No,Website,3,1040997.25,1286.4833333333333,5.0,3,Growth-Oriented Investors,""Recommend commercial properties, portfolio diversification opportunities, rental yield analysis, and investment seminars."",Low Investment"
"C0756,63,F,USA,Utah,Individual,Home,Yes,Website,3,785768.09,934.8733333333333,5.0,3,Growth-Oriented Investors,""Recommend commercial properties, portfolio diversification opportunities, rental yield analysis, and investment seminars."",Low Investment"
"C0757,80,M,USA,Oregon,Individual,Home,Yes,Website,4,1392690.1199999999,1053.27,3.0,3,Growth-Oriented Investors,""Recommend commercial properties, portfolio diversification opportunities, rental yield analysis, and investment seminars."",High Investment"
"C0758,68,M,USA,California,Individual,Investment,No,Website,4,1135189.16,928.1775,2.0,3,Growth-Oriented Investors,""Recommend commercial properties, portfolio diversification opportunities, rental yield analysis, and investment seminars."",Medium Investment"
"C0759,35,M,USA,Florida,Individual,Home,No,Website,3,1327801.32,1451.5366666666666,4.0,2,Premium Independent Buyers,""Recommend luxury residences, VIP investment consultations, premium memberships, and exclusive project launches."",Medium Investment"
"C0760,62,F,USA,California,Individual,Investment,No,Website,4,1288008.21,1133.69,3.0,3,Growth-Oriented Investors,""Recommend commercial properties, portfolio diversification opportunities, rental yield analysis, and investment seminars."",Medium Investment"
"C0761,45,F,Belgium,Flanders,Individual,Home,No,Agency,4,1387948.07,1134.4225000000001,2.0,3,Growth-Oriented Investors,""Recommend commercial properties, portfolio diversification opportunities, rental yield analysis, and investment seminars."",High Investment"
"C0762,59,F,USA,Ohio,Individual,Home,No,Website,4,1456185.33,1313.38,4.0,3,Growth-Oriented Investors,""Recommend commercial properties, portfolio diversification opportunities, rental yield analysis, and investment seminars."",High Investment"
"C0763,55,F,USA,Georgia,Company,Home,No,Agency,3,1036781.97,1152.5966666666666,3.0,3,Growth-Oriented Investors,""Recommend commercial properties, portfolio diversification opportunities, rental yield analysis, and investment seminars."",Low Investment"
"C0764,43,F,UK,Northern Ireland,Individual,Investment,No,Client,4,1670624.74,1441.655,4.0,1,International Diversified Buyers,""Offer mortgage assistance, virtual property tours, overseas investment support, and flexible payment options."",High Investment"
"C0765,59,M,France,Brittany,Individual,Home,No,Website,4,1516418.29,1260.0625,3.0,1,International Diversified Buyers,""Offer mortgage assistance, virtual property tours, overseas investment support, and flexible payment options."",High Investment"
"C0766,32,M,Germany,North Rhine-Westphalia,Individual,Home,Yes,Client,4,1601876.1400000001,1286.2725,3.0,1,International Diversified Buyers,""Offer mortgage assistance, virtual property tours, overseas investment support, and flexible payment options."",High Investment"
"C0767,65,M,Canada,British Columbia,Individual,Investment,No,Agency,4,1403932.48,1242.0825,2.0,1,International Diversified Buyers,""Offer mortgage assistance, virtual property tours, overseas investment support, and flexible payment options."",High Investment"
"C0768,34,M,Denmark,Southern Denmark,Individual,Investment,Yes,Website,3,1048127.47,1163.8866666666665,5.0,1,International Diversified Buyers,""Offer mortgage assistance, virtual property tours, overseas investment support, and flexible payment options."",Low Investment"
"C0769,68,F,USA,Ohio,Individual,Home,No,Agency,3,675607.7899999999,753.3133333333334,4.0,3,Growth-Oriented Investors,""Recommend commercial properties, portfolio diversification opportunities, rental yield analysis, and investment seminars."",Low Investment"
"C0770,75,F,Russia,Krasnodar Krai,Individual,Home,No,Website,3,984598.73,1104.51,4.0,1,International Diversified Buyers,""Offer mortgage assistance, virtual property tours, overseas investment support, and flexible payment options."",Low Investment"
"C0771,42,M,USA,California,Company,Home,No,Website,4,1856997.08,1408.3274999999999,1.0,3,Growth-Oriented Investors,""Recommend commercial properties, portfolio diversification opportunities, rental yield analysis, and investment seminars."",High Investment"
"C0772,35,M,USA,California,Individual,Investment,No,Client,3,911164.52,1038.2,1.0,3,Growth-Oriented Investors,""Recommend commercial properties, portfolio diversification opportunities, rental yield analysis, and investment seminars."",Low Investment"
"C0773,62,M,Russia,Saint Petersburg,Individual,Home,No,Website,4,1451465.46,1153.0825,1.0,1,International Diversified Buyers,""Offer mortgage assistance, virtual property tours, overseas investment support, and flexible payment options."",High Investment"
"C0774,43,M,USA,Georgia,Individual,Home,Yes,Agency,3,999792.6799999999,1144.8033333333333,5.0,3,Growth-Oriented Investors,""Recommend commercial properties, portfolio diversification opportunities, rental yield analysis, and investment seminars."",Low Investment"
"C0775,51,F,USA,Arizona,Individual,Home,No,Agency,4,1043608.37,900.39,1.0,3,Growth-Oriented Investors,""Recommend commercial properties, portfolio diversification opportunities, rental yield analysis, and investment seminars."",Low Investment"
"C0776,60,F,Germany,Bavaria,Individual,Home,Yes,Agency,3,914465.3300000001,980.8699999999999,4.0,1,International Diversified Buyers,""Offer mortgage assistance, virtual property tours, overseas investment support, and flexible payment options."",Low Investment"
"C0777,44,M,USA,Arizona,Company,Home,No,Client,3,1130759.4100000001,1313.16,1.0,3,Growth-Oriented Investors,""Recommend commercial properties, portfolio diversification opportunities, rental yield analysis, and investment seminars."",Medium Investment"
"C0778,28,M,USA,California,Individual,Investment,Yes,Agency,4,1646921.92,1334.8775,4.0,3,Growth-Oriented Investors,""Recommend commercial properties, portfolio diversification opportunities, rental yield analysis, and investment seminars."",High Investment"
"C0779,73,F,USA,California,Individual,Home,Yes,Agency,3,1221957.12,1325.0800000000002,5.0,3,Growth-Oriented Investors,""Recommend commercial properties, portfolio diversification opportunities, rental yield analysis, and investment seminars."",Medium Investment"
"C0780,79,F,USA,California,Individual,Home,No,Website,3,708761.6900000001,849.6366666666667,3.0,3,Growth-Oriented Investors,""Recommend commercial properties, portfolio diversification opportunities, rental yield analysis, and investment seminars."",Low Investment"
"C0781,86,M,USA,California,Individual,Investment,Yes,Website,4,1181206.69,1030.635,5.0,3,Growth-Oriented Investors,""Recommend commercial properties, portfolio diversification opportunities, rental yield analysis, and investment seminars."",Medium Investment"
"C0782,56,M,USA,Utah,Individual,Investment,Yes,Website,4,1166638.1600000001,905.0375,2.0,3,Growth-Oriented Investors,""Recommend commercial properties, portfolio diversification opportunities, rental yield analysis, and investment seminars."",Medium Investment"
"C0783,65,F,Canada,Alberta,Individual,Home,Yes,Agency,3,1031472.36,1156.5633333333333,1.0,1,International Diversified Buyers,""Offer mortgage assistance, virtual property tours, overseas investment support, and flexible payment options."",Low Investment"
"C0784,53,M,Mexico,Baja California,Individual,Investment,No,Website,3,1172514.65,1356.7466666666667,4.0,1,International Diversified Buyers,""Offer mortgage assistance, virtual property tours, overseas investment support, and flexible payment options."",Medium Investment"
"C0785,55,F,USA,California,Company,Home,No,Website,4,1047112.48,860.9325,2.0,3,Growth-Oriented Investors,""Recommend commercial properties, portfolio diversification opportunities, rental yield analysis, and investment seminars."",Low Investment"
"C0786,43,F,USA,California,Individual,Investment,No,Website,3,663797.37,724.0866666666667,3.0,3,Growth-Oriented Investors,""Recommend commercial properties, portfolio diversification opportunities, rental yield analysis, and investment seminars."",Low Investment"
"C0787,76,M,USA,Washington,Individual,Home,No,Website,3,1405947.6600000001,1527.8633333333335,1.0,3,Growth-Oriented Investors,""Recommend commercial properties, portfolio diversification opportunities, rental yield analysis, and investment seminars."",High Investment"
"C0788,82,M,France,Brittany,Individual,Investment,No,Website,4,1799447.01,1482.5875,4.0,1,International Diversified Buyers,""Offer mortgage assistance, virtual property tours, overseas investment support, and flexible payment options."",High Investment"
"C0789,52,F,Canada,Ontario,Individual,Investment,No,Website,3,1125271.6,1228.9099999999999,1.0,1,International Diversified Buyers,""Offer mortgage assistance, virtual property tours, overseas investment support, and flexible payment options."",Medium Investment"
"C0790,52,M,USA,California,Individual,Home,Yes,Agency,4,1521440.8599999999,1227.17,5.0,3,Growth-Oriented Investors,""Recommend commercial properties, portfolio diversification opportunities, rental yield analysis, and investment seminars."",High Investment"
"C0791,43,M,USA,Texas,Individual,Home,No,Website,4,1424465.81,1159.9675,4.0,3,Growth-Oriented Investors,""Recommend commercial properties, portfolio diversification opportunities, rental yield analysis, and investment seminars."",High Investment"
"C0792,44,M,USA,California,Individual,Investment,Yes,Website,4,1559979.82,1219.85,4.0,3,Growth-Oriented Investors,""Recommend commercial properties, portfolio diversification opportunities, rental yield analysis, and investment seminars."",High Investment"
"C0793,57,M,USA,New York,Individual,Home,No,Agency,4,1245234.35,1048.44,4.0,0,Stable Home Buyers,""Recommend residential apartments, family villas, loyalty rewards, and simplified online booking services."",Medium Investment"
"C0794,75,M,USA,California,Individual,Home,Yes,Website,3,1120488.77,1308.5133333333333,4.0,3,Growth-Oriented Investors,""Recommend commercial properties, portfolio diversification opportunities, rental yield analysis, and investment seminars."",Medium Investment"
"C0795,57,M,USA,California,Individual,Investment,Yes,Website,3,1170869.0899999999,1169.0466666666669,4.0,3,Growth-Oriented Investors,""Recommend commercial properties, portfolio diversification opportunities, rental yield analysis, and investment seminars."",Medium Investment"
"C0796,43,F,USA,California,Individual,Investment,Yes,Website,3,559596.54,607.4466666666667,5.0,3,Growth-Oriented Investors,""Recommend commercial properties, portfolio diversification opportunities, rental yield analysis, and investment seminars."",Low Investment"
"C0797,36,F,USA,Oregon,Individual,Home,Yes,Agency,3,881179.3,851.8699999999999,5.0,3,Growth-Oriented Investors,""Recommend commercial properties, portfolio diversification opportunities, rental yield analysis, and investment seminars."",Low Investment"
"C0798,61,M,USA,Nevada,Company,Home,Yes,Agency,4,987267.48,840.8725,4.0,3,Growth-Oriented Investors,""Recommend commercial properties, portfolio diversification opportunities, rental yield analysis, and investment seminars."",Low Investment"
"C0799,72,F,USA,California,Individual,Home,No,Website,4,1108935.8599999999,972.245,4.0,3,Growth-Oriented Investors,""Recommend commercial properties, portfolio diversification opportunities, rental yield analysis, and investment seminars."",Medium Investment"
"C0800,52,M,USA,Virginia,Individual,Investment,Yes,Website,3,983573.1799999999,1151.5466666666666,5.0,3,Growth-Oriented Investors,""Recommend commercial properties, portfolio diversification opportunities, rental yield analysis, and investment seminars."",Low Investment"
"C0801,57,F,USA,Washington,Individual,Home,Yes,Website,3,1361712.2999999998,1435.6633333333332,4.0,3,Growth-Oriented Investors,""Recommend commercial properties, portfolio diversification opportunities, rental yield analysis, and investment seminars."",Medium Investment"
"C0802,56,M,USA,Virginia,Individual,Home,No,Agency,3,1074480.81,1217.58,5.0,3,Growth-Oriented Investors,""Recommend commercial properties, portfolio diversification opportunities, rental yield analysis, and investment seminars."",Low Investment"
"C0803,81,F,USA,Texas,Individual,Home,No,Agency,4,1542819.53,1329.5925,4.0,3,Growth-Oriented Investors,""Recommend commercial properties, portfolio diversification opportunities, rental yield analysis, and investment seminars."",High Investment"
"C0804,59,M,USA,Washington,Individual,Home,No,Agency,3,1223755.92,1464.8466666666666,5.0,3,Growth-Oriented Investors,""Recommend commercial properties, portfolio diversification opportunities, rental yield analysis, and investment seminars."",Medium Investment"
"C0805,73,M,Germany,Berlin,Individual,Home,Yes,Website,3,940964.73,995.5099999999999,1.0,1,International Diversified Buyers,""Offer mortgage assistance, virtual property tours, overseas investment support, and flexible payment options."",Low Investment"
"C0806,37,M,France,Ile-de-France,Individual,Home,No,Client,4,1485168.27,1220.42,5.0,1,International Diversified Buyers,""Offer mortgage assistance, virtual property tours, overseas investment support, and flexible payment options."",High Investment"
"C0807,33,F,Mexico,Mexico City,Individual,Investment,No,Website,4,1635419.92,1412.375,5.0,1,International Diversified Buyers,""Offer mortgage assistance, virtual property tours, overseas investment support, and flexible payment options."",High Investment"
"C0808,83,M,Germany,Berlin,Individual,Home,Yes,Website,3,885158.15,1003.3133333333334,3.0,1,International Diversified Buyers,""Offer mortgage assistance, virtual property tours, overseas investment support, and flexible payment options."",Low Investment"
"C0809,59,F,France,Occitanie,Individual,Home,Yes,Agency,3,1386118.19,1464.8466666666666,5.0,1,International Diversified Buyers,""Offer mortgage assistance, virtual property tours, overseas investment support, and flexible payment options."",High Investment"
"C0810,31,M,USA,California,Individual,Home,Yes,Website,3,922597.5800000001,915.6366666666667,1.0,3,Growth-Oriented Investors,""Recommend commercial properties, portfolio diversification opportunities, rental yield analysis, and investment seminars."",Low Investment"
"C0811,81,M,UK,Wales,Individual,Home,No,Agency,3,1515201.05,1471.8999999999999,3.0,1,International Diversified Buyers,""Offer mortgage assistance, virtual property tours, overseas investment support, and flexible payment options."",High Investment"
"C0812,52,M,UK,Northern Ireland,Individual,Home,Yes,Website,4,1443224.01,1248.58,3.0,1,International Diversified Buyers,""Offer mortgage assistance, virtual property tours, overseas investment support, and flexible payment options."",High Investment"
"C0813,52,M,UK,Scotland,Individual,Investment,No,Agency,4,1314024.52,1099.4925,3.0,1,International Diversified Buyers,""Offer mortgage assistance, virtual property tours, overseas investment support, and flexible payment options."",Medium Investment"
"C0814,62,F,USA,California,Individual,Home,No,Website,3,674363.74,706.7266666666666,2.0,3,Growth-Oriented Investors,""Recommend commercial properties, portfolio diversification opportunities, rental yield analysis, and investment seminars."",Low Investment"
"C0815,61,F,USA,Nevada,Company,Home,Yes,Agency,3,962374.6499999999,1205.9633333333334,4.0,3,Growth-Oriented Investors,""Recommend commercial properties, portfolio diversification opportunities, rental yield analysis, and investment seminars."",Low Investment"
"C0816,79,F,Germany,Hamburg,Individual,Home,Yes,Website,3,1003090.8500000001,1151.5466666666666,2.0,1,International Diversified Buyers,""Offer mortgage assistance, virtual property tours, overseas investment support, and flexible payment options."",Low Investment"
"C0817,54,F,USA,California,Individual,Investment,No,Website,3,1338281.0,1448.82,1.0,3,Growth-Oriented Investors,""Recommend commercial properties, portfolio diversification opportunities, rental yield analysis, and investment seminars."",Medium Investment"
"C0818,35,F,USA,Colorado,Company,Home,No,Website,4,760443.3500000001,677.79,2.0,3,Growth-Oriented Investors,""Recommend commercial properties, portfolio diversification opportunities, rental yield analysis, and investment seminars."",Low Investment"
"C0819,75,M,USA,California,Individual,Home,No,Website,3,1239378.27,1313.16,5.0,3,Growth-Oriented Investors,""Recommend commercial properties, portfolio diversification opportunities, rental yield analysis, and investment seminars."",Medium Investment"
"C0820,86,F,USA,Texas,Individual,Investment,No,Agency,3,920197.78,976.2833333333333,4.0,3,Growth-Oriented Investors,""Recommend commercial properties, portfolio diversification opportunities, rental yield analysis, and investment seminars."",Low Investment"
"C0821,69,F,USA,California,Individual,Home,Yes,Agency,3,1371213.26,1467.89,5.0,3,Growth-Oriented Investors,""Recommend commercial properties, portfolio diversification opportunities, rental yield analysis, and investment seminars."",High Investment"
"C0822,67,F,USA,California,Individual,Investment,Yes,Website,3,1407630.29,1563.9733333333334,3.0,3,Growth-Oriented Investors,""Recommend commercial properties, portfolio diversification opportunities, rental yield analysis, and investment seminars."",High Investment"
"C0823,51,F,USA,Oregon,Individual,Investment,Yes,Agency,4,1722388.8900000001,1338.9,5.0,3,Growth-Oriented Investors,""Recommend commercial properties, portfolio diversification opportunities, rental yield analysis, and investment seminars."",High Investment"
"C0824,50,M,USA,California,Individual,Home,No,Agency,3,1234378.85,1435.6633333333332,3.0,3,Growth-Oriented Investors,""Recommend commercial properties, portfolio diversification opportunities, rental yield analysis, and investment seminars."",Medium Investment"
"C0825,44,F,Mexico,Nuevo Leon,Individual,Home,Yes,Agency,4,1246198.0,1075.0475000000001,4.0,1,International Diversified Buyers,""Offer mortgage assistance, virtual property tours, overseas investment support, and flexible payment options."",Medium Investment"
"C0826,56,M,USA,Ohio,Individual,Investment,Yes,Website,4,1255265.82,996.1925,4.0,3,Growth-Oriented Investors,""Recommend commercial properties, portfolio diversification opportunities, rental yield analysis, and investment seminars."",Medium Investment"
"C0827,61,F,USA,Washington,Individual,Home,Yes,Website,4,1176467.77,1025.3225,2.0,3,Growth-Oriented Investors,""Recommend commercial properties, portfolio diversification opportunities, rental yield analysis, and investment seminars."",Medium Investment"
"C0828,79,F,USA,Arizona,Individual,Investment,Yes,Website,4,1313574.2,1122.0925,4.0,3,Growth-Oriented Investors,""Recommend commercial properties, portfolio diversification opportunities, rental yield analysis, and investment seminars."",Medium Investment"
"C0829,66,M,USA,Utah,Individual,Investment,No,Website,4,1296844.19,1102.08,3.0,3,Growth-Oriented Investors,""Recommend commercial properties, portfolio diversification opportunities, rental yield analysis, and investment seminars."",Medium Investment"
"C0830,74,M,USA,Oregon,Individual,Investment,No,Agency,4,1518798.69,1169.615,3.0,3,Growth-Oriented Investors,""Recommend commercial properties, portfolio diversification opportunities, rental yield analysis, and investment seminars."",High Investment"
"C0831,49,F,USA,California,Individual,Home,No,Website,3,909532.47,979.0866666666667,2.0,3,Growth-Oriented Investors,""Recommend commercial properties, portfolio diversification opportunities, rental yield analysis, and investment seminars."",Low Investment"
"C0832,36,F,USA,Nevada,Individual,Investment,Yes,Website,3,1290741.99,1336.61,3.0,3,Growth-Oriented Investors,""Recommend commercial properties, portfolio diversification opportunities, rental yield analysis, and investment seminars."",Medium Investment"
"C0833,75,M,Denmark,Southern Denmark,Individual,Home,No,Website,3,1422486.6099999999,1623.3,5.0,1,International Diversified Buyers,""Offer mortgage assistance, virtual property tours, overseas investment support, and flexible payment options."",High Investment"
"C0834,69,F,USA,California,Individual,Home,No,Website,4,1384660.54,1073.905,5.0,3,Growth-Oriented Investors,""Recommend commercial properties, portfolio diversification opportunities, rental yield analysis, and investment seminars."",High Investment"
"C0835,52,F,USA,California,Individual,Home,Yes,Website,4,1159317.69,941.61,5.0,3,Growth-Oriented Investors,""Recommend commercial properties, portfolio diversification opportunities, rental yield analysis, and investment seminars."",Medium Investment"
"C0836,84,M,USA,Ohio,Individual,Home,No,Website,3,1280715.29,1493.243333333333,4.0,3,Growth-Oriented Investors,""Recommend commercial properties, portfolio diversification opportunities, rental yield analysis, and investment seminars."",Medium Investment"
"C0837,59,M,France,Brittany,Individual,Home,No,Website,4,1415445.71,1253.3075,1.0,1,International Diversified Buyers,""Offer mortgage assistance, virtual property tours, overseas investment support, and flexible payment options."",High Investment"
"C0838,34,M,USA,Nevada,Individual,Investment,Yes,Website,3,837604.3,853.8133333333334,1.0,3,Growth-Oriented Investors,""Recommend commercial properties, portfolio diversification opportunities, rental yield analysis, and investment seminars."",Low Investment"
"C0839,32,F,UK,England,Individual,Home,Yes,Agency,3,1123967.69,1308.5133333333333,5.0,1,International Diversified Buyers,""Offer mortgage assistance, virtual property tours, overseas investment support, and flexible payment options."",Medium Investment"
"C0840,45,F,Belgium,Brussels,Individual,Home,No,Website,4,1508352.25,1329.5925,1.0,3,Growth-Oriented Investors,""Recommend commercial properties, portfolio diversification opportunities, rental yield analysis, and investment seminars."",High Investment"
"C0841,27,M,Belgium,Wallonia,Individual,Home,No,Website,4,1344816.1,1167.105,5.0,3,Growth-Oriented Investors,""Recommend commercial properties, portfolio diversification opportunities, rental yield analysis, and investment seminars."",Medium Investment"
"C0842,30,M,USA,Washington,Individual,Home,Yes,Client,4,1082477.8199999998,928.745,5.0,3,Growth-Oriented Investors,""Recommend commercial properties, portfolio diversification opportunities, rental yield analysis, and investment seminars."",Low Investment"
"C0843,26,F,USA,Georgia,Individual,Home,No,Agency,3,1377127.37,1500.72,4.0,3,Growth-Oriented Investors,""Recommend commercial properties, portfolio diversification opportunities, rental yield analysis, and investment seminars."",High Investment"
"C0844,79,F,USA,California,Individual,Home,No,Website,4,1363201.96,1187.8925000000002,2.0,3,Growth-Oriented Investors,""Recommend commercial properties, portfolio diversification opportunities, rental yield analysis, and investment seminars."",High Investment"
"C0845,33,F,USA,Washington,Individual,Home,No,Client,3,1355270.16,1471.4466666666667,3.0,3,Growth-Oriented Investors,""Recommend commercial properties, portfolio diversification opportunities, rental yield analysis, and investment seminars."",Medium Investment"
"C0846,50,F,Canada,Quebec,Individual,Investment,No,Agency,3,1069033.77,1135.5233333333333,3.0,1,International Diversified Buyers,""Offer mortgage assistance, virtual property tours, overseas investment support, and flexible payment options."",Low Investment"
"C0847,38,F,USA,Utah,Individual,Home,Yes,Agency,4,1258765.46,1011.5875,2.0,3,Growth-Oriented Investors,""Recommend commercial properties, portfolio diversification opportunities, rental yield analysis, and investment seminars."",Medium Investment"
"C0848,59,M,USA,California,Individual,Home,No,Agency,4,1366788.33,1184.9475000000002,4.0,3,Growth-Oriented Investors,""Recommend commercial properties, portfolio diversification opportunities, rental yield analysis, and investment seminars."",High Investment"
"C0849,49,M,USA,Oregon,Individual,Home,Yes,Website,4,1262931.66,995.0275,1.0,3,Growth-Oriented Investors,""Recommend commercial properties, portfolio diversification opportunities, rental yield analysis, and investment seminars."",Medium Investment"
"C0850,43,F,USA,Colorado,Individual,Investment,No,Agency,3,528432.48,610.62,5.0,3,Growth-Oriented Investors,""Recommend commercial properties, portfolio diversification opportunities, rental yield analysis, and investment seminars."",Low Investment"
"C0851,33,M,USA,California,Individual,Investment,Yes,Website,4,1482957.8800000001,1259.95,2.0,3,Growth-Oriented Investors,""Recommend commercial properties, portfolio diversification opportunities, rental yield analysis, and investment seminars."",High Investment"
"C0852,37,M,Germany,North Rhine-Westphalia,Individual,Home,No,Agency,4,1368458.37,1222.37,2.0,1,International Diversified Buyers,""Offer mortgage assistance, virtual property tours, overseas investment support, and flexible payment options."",High Investment"
"C0853,76,M,USA,Utah,Individual,Home,No,Website,4,1293562.22,1092.085,4.0,3,Growth-Oriented Investors,""Recommend commercial properties, portfolio diversification opportunities, rental yield analysis, and investment seminars."",Medium Investment"
"C0854,82,M,USA,California,Individual,Home,No,Website,3,1419031.6099999999,1454.4099999999999,4.0,3,Growth-Oriented Investors,""Recommend commercial properties, portfolio diversification opportunities, rental yield analysis, and investment seminars."",High Investment"
"C0855,53,F,Australia,Queensland,Individual,Home,No,Website,4,1198702.15,1114.2125,4.0,1,International Diversified Buyers,""Offer mortgage assistance, virtual property tours, overseas investment support, and flexible payment options."",Medium Investment"
"C0856,62,F,USA,Florida,Individual,Home,Yes,Website,4,1565508.99,1226.185,5.0,2,Premium Independent Buyers,""Recommend luxury residences, VIP investment consultations, premium memberships, and exclusive project launches."",High Investment"
"C0857,75,F,USA,California,Individual,Investment,Yes,Website,4,1431064.56,1146.2825,1.0,3,Growth-Oriented Investors,""Recommend commercial properties, portfolio diversification opportunities, rental yield analysis, and investment seminars."",High Investment"
"C0858,32,M,USA,Nevada,Individual,Home,No,Website,3,972150.6,1156.5633333333333,1.0,3,Growth-Oriented Investors,""Recommend commercial properties, portfolio diversification opportunities, rental yield analysis, and investment seminars."",Low Investment"
"C0859,84,F,USA,California,Individual,Home,Yes,Agency,4,1440623.8900000001,1154.105,2.0,3,Growth-Oriented Investors,""Recommend commercial properties, portfolio diversification opportunities, rental yield analysis, and investment seminars."",High Investment"
"C0860,58,F,USA,Utah,Individual,Home,Yes,Website,4,1362579.84,1148.025,5.0,3,Growth-Oriented Investors,""Recommend commercial properties, portfolio diversification opportunities, rental yield analysis, and investment seminars."",High Investment"
"C0861,32,F,France,Brittany,Individual,Investment,No,Agency,3,1527460.57,1635.6233333333332,2.0,1,International Diversified Buyers,""Offer mortgage assistance, virtual property tours, overseas investment support, and flexible payment options."",High Investment"
"C0862,45,F,USA,Colorado,Individual,Investment,No,Website,3,1354421.9100000001,1527.8633333333335,1.0,3,Growth-Oriented Investors,""Recommend commercial properties, portfolio diversification opportunities, rental yield analysis, and investment seminars."",Medium Investment"
"C0863,51,M,Belgium,Wallonia,Individual,Home,Yes,Agency,4,1107744.96,984.6475,5.0,3,Growth-Oriented Investors,""Recommend commercial properties, portfolio diversification opportunities, rental yield analysis, and investment seminars."",Medium Investment"
"C0864,56,M,USA,Texas,Individual,Home,No,Website,3,1085548.02,1156.5633333333333,3.0,3,Growth-Oriented Investors,""Recommend commercial properties, portfolio diversification opportunities, rental yield analysis, and investment seminars."",Low Investment"
"C0865,51,F,USA,Colorado,Individual,Investment,Yes,Website,4,1268059.13,1008.395,5.0,3,Growth-Oriented Investors,""Recommend commercial properties, portfolio diversification opportunities, rental yield analysis, and investment seminars."",Medium Investment"
"C0866,39,M,Belgium,Brussels,Individual,Home,No,Agency,4,1331713.08,1148.025,3.0,3,Growth-Oriented Investors,""Recommend commercial properties, portfolio diversification opportunities, rental yield analysis, and investment seminars."",Medium Investment"
"C0867,59,F,USA,California,Individual,Home,No,Agency,3,1028747.3,1146.2633333333333,2.0,3,Growth-Oriented Investors,""Recommend commercial properties, portfolio diversification opportunities, rental yield analysis, and investment seminars."",Low Investment"
"C0868,81,F,USA,Florida,Individual,Home,Yes,Agency,3,987211.1699999999,1049.3799999999999,3.0,2,Premium Independent Buyers,""Recommend luxury residences, VIP investment consultations, premium memberships, and exclusive project launches."",Low Investment"
"C0869,33,M,USA,California,Individual,Home,No,Agency,3,858807.13,1012.96,4.0,3,Growth-Oriented Investors,""Recommend commercial properties, portfolio diversification opportunities, rental yield analysis, and investment seminars."",Low Investment"
"C0870,60,F,UK,Northern Ireland,Company,Home,Yes,Website,4,1097902.26,909.9825,2.0,1,International Diversified Buyers,""Offer mortgage assistance, virtual property tours, overseas investment support, and flexible payment options."",Medium Investment"
"C0871,37,F,USA,Virginia,Individual,Home,Yes,Website,4,1939848.53,1524.2725,1.0,3,Growth-Oriented Investors,""Recommend commercial properties, portfolio diversification opportunities, rental yield analysis, and investment seminars."",High Investment"
"C0872,83,F,UK,England,Individual,Home,No,Website,4,1462320.39,1326.2525,4.0,1,International Diversified Buyers,""Offer mortgage assistance, virtual property tours, overseas investment support, and flexible payment options."",High Investment"
"C0873,86,M,USA,New York,Individual,Home,No,Website,3,1325777.78,1463.22,2.0,0,Stable Home Buyers,""Recommend residential apartments, family villas, loyalty rewards, and simplified online booking services."",Medium Investment"
"C0874,73,F,Belgium,Flanders,Individual,Investment,No,Website,4,1490289.1099999999,1186.5225,2.0,3,Growth-Oriented Investors,""Recommend commercial properties, portfolio diversification opportunities, rental yield analysis, and investment seminars."",High Investment"
"C0875,54,M,Canada,Manitoba,Individual,Home,No,Website,3,1308981.48,1370.5533333333333,4.0,1,International Diversified Buyers,""Offer mortgage assistance, virtual property tours, overseas investment support, and flexible payment options."",Medium Investment"
"C0876,53,M,USA,California,Individual,Home,No,Client,3,873771.52,971.1899999999999,3.0,3,Growth-Oriented Investors,""Recommend commercial properties, portfolio diversification opportunities, rental yield analysis, and investment seminars."",Low Investment"
"C0877,28,F,USA,Utah,Individual,Investment,Yes,Agency,3,1407650.4,1493.243333333333,2.0,3,Growth-Oriented Investors,""Recommend commercial properties, portfolio diversification opportunities, rental yield analysis, and investment seminars."",High Investment"
"C0878,81,F,USA,Nevada,Individual,Home,Yes,Website,3,970670.1499999999,1008.13,4.0,3,Growth-Oriented Investors,""Recommend commercial properties, portfolio diversification opportunities, rental yield analysis, and investment seminars."",Low Investment"
"C0879,81,M,UK,Northern Ireland,Individual,Home,Yes,Website,3,1349121.32,1463.22,4.0,1,International Diversified Buyers,""Offer mortgage assistance, virtual property tours, overseas investment support, and flexible payment options."",Medium Investment"
"C0880,85,F,USA,New York,Individual,Home,No,Website,4,1390002.6400000001,1151.37,2.0,0,Stable Home Buyers,""Recommend residential apartments, family villas, loyalty rewards, and simplified online booking services."",High Investment"
"C0881,72,F,USA,Colorado,Individual,Investment,No,Website,4,1247321.2,1136.6925,1.0,3,Growth-Oriented Investors,""Recommend commercial properties, portfolio diversification opportunities, rental yield analysis, and investment seminars."",Medium Investment"
"C0882,26,M,UK,Wales,Individual,Home,No,Website,3,1142828.1400000001,1435.6633333333332,3.0,1,International Diversified Buyers,""Offer mortgage assistance, virtual property tours, overseas investment support, and flexible payment options."",Medium Investment"
"C0883,80,M,USA,Texas,Individual,Home,No,Client,4,1979258.27,1699.3675,4.0,3,Growth-Oriented Investors,""Recommend commercial properties, portfolio diversification opportunities, rental yield analysis, and investment seminars."",High Investment"
"C0884,77,M,USA,Nevada,Individual,Home,No,Website,3,1021697.5,1209.64,2.0,3,Growth-Oriented Investors,""Recommend commercial properties, portfolio diversification opportunities, rental yield analysis, and investment seminars."",Low Investment"
"C0885,85,M,Canada,British Columbia,Individual,Investment,Yes,Agency,3,1540844.02,1671.7666666666667,2.0,1,International Diversified Buyers,""Offer mortgage assistance, virtual property tours, overseas investment support, and flexible payment options."",High Investment"
"C0886,65,M,USA,California,Individual,Home,Yes,Agency,3,807556.47,941.2099999999999,3.0,3,Growth-Oriented Investors,""Recommend commercial properties, portfolio diversification opportunities, rental yield analysis, and investment seminars."",Low Investment"
"C0887,33,F,USA,California,Individual,Home,No,Agency,4,1247287.09,1012.5575,3.0,3,Growth-Oriented Investors,""Recommend commercial properties, portfolio diversification opportunities, rental yield analysis, and investment seminars."",Medium Investment"
"C0888,39,F,Germany,Berlin,Individual,Home,Yes,Website,4,1104713.19,933.355,4.0,1,International Diversified Buyers,""Offer mortgage assistance, virtual property tours, overseas investment support, and flexible payment options."",Medium Investment"
"C0889,41,M,USA,Nevada,Individual,Investment,Yes,Website,3,1339350.5899999999,1451.2533333333333,4.0,3,Growth-Oriented Investors,""Recommend commercial properties, portfolio diversification opportunities, rental yield analysis, and investment seminars."",Medium Investment"
"C0890,71,F,USA,Virginia,Individual,Investment,Yes,Website,4,1138394.29,922.66,3.0,3,Growth-Oriented Investors,""Recommend commercial properties, portfolio diversification opportunities, rental yield analysis, and investment seminars."",Medium Investment"
"C0891,56,M,Germany,North Rhine-Westphalia,Individual,Investment,Yes,Website,4,1340373.08,1154.105,1.0,1,International Diversified Buyers,""Offer mortgage assistance, virtual property tours, overseas investment support, and flexible payment options."",Medium Investment"
"C0892,68,F,USA,California,Individual,Investment,Yes,Website,3,984121.3999999999,1167.24,2.0,3,Growth-Oriented Investors,""Recommend commercial properties, portfolio diversification opportunities, rental yield analysis, and investment seminars."",Low Investment"
"C0893,31,F,USA,Colorado,Individual,Home,Yes,Website,4,1695839.47,1329.5925,3.0,3,Growth-Oriented Investors,""Recommend commercial properties, portfolio diversification opportunities, rental yield analysis, and investment seminars."",High Investment"
"C0894,73,M,USA,Georgia,Individual,Home,No,Website,3,882067.47,932.37,5.0,3,Growth-Oriented Investors,""Recommend commercial properties, portfolio diversification opportunities, rental yield analysis, and investment seminars."",Low Investment"
"C0895,73,F,USA,Arizona,Individual,Investment,Yes,Website,3,1127680.6,1280.28,4.0,3,Growth-Oriented Investors,""Recommend commercial properties, portfolio diversification opportunities, rental yield analysis, and investment seminars."",Medium Investment"
"C0896,56,M,France,Brittany,Individual,Home,Yes,Agency,4,1157933.44,935.765,4.0,1,International Diversified Buyers,""Offer mortgage assistance, virtual property tours, overseas investment support, and flexible payment options."",Medium Investment"
"C0897,55,F,Australia,Victoria,Individual,Home,No,Website,3,745691.65,801.46,1.0,1,International Diversified Buyers,""Offer mortgage assistance, virtual property tours, overseas investment support, and flexible payment options."",Low Investment"
"C0898,73,F,USA,Arizona,Individual,Investment,Yes,Agency,4,836494.02,706.0875,5.0,3,Growth-Oriented Investors,""Recommend commercial properties, portfolio diversification opportunities, rental yield analysis, and investment seminars."",Low Investment"
"C0899,38,F,USA,Washington,Company,Investment,No,Website,3,1050407.63,1076.6899999999998,2.0,3,Growth-Oriented Investors,""Recommend commercial properties, portfolio diversification opportunities, rental yield analysis, and investment seminars."",Low Investment"
"C0900,27,F,Germany,North Rhine-Westphalia,Individual,Home,No,Agency,3,606058.22,753.3133333333334,4.0,1,International Diversified Buyers,""Offer mortgage assistance, virtual property tours, overseas investment support, and flexible payment options."",Low Investment"
"C0901,27,M,France,Brittany,Individual,Investment,No,Agency,3,909138.8400000001,909.0566666666667,4.0,1,International Diversified Buyers,""Offer mortgage assistance, virtual property tours, overseas investment support, and flexible payment options."",Low Investment"
"C0902,62,F,UK,Northern Ireland,Company,Home,Yes,Agency,4,1281064.76,1068.57,3.0,1,International Diversified Buyers,""Offer mortgage assistance, virtual property tours, overseas investment support, and flexible payment options."",Medium Investment"
"C0903,34,F,USA,Texas,Individual,Investment,No,Website,3,1108147.6099999999,1240.6066666666666,3.0,3,Growth-Oriented Investors,""Recommend commercial properties, portfolio diversification opportunities, rental yield analysis, and investment seminars."",Medium Investment"
"C0904,42,F,Russia,Saint Petersburg,Individual,Home,Yes,Website,4,1050355.29,883.805,1.0,1,International Diversified Buyers,""Offer mortgage assistance, virtual property tours, overseas investment support, and flexible payment options."",Low Investment"
"C0905,33,F,USA,Virginia,Individual,Home,Yes,Website,3,877477.72,927.6066666666666,5.0,3,Growth-Oriented Investors,""Recommend commercial properties, portfolio diversification opportunities, rental yield analysis, and investment seminars."",Low Investment"
"C0906,57,F,USA,California,Individual,Investment,No,Website,4,1757967.56,1458.93,5.0,3,Growth-Oriented Investors,""Recommend commercial properties, portfolio diversification opportunities, rental yield analysis, and investment seminars."",High Investment"
"C0907,53,F,USA,California,Individual,Home,No,Agency,3,1375380.46,1459.1899999999998,3.0,3,Growth-Oriented Investors,""Recommend commercial properties, portfolio diversification opportunities, rental yield analysis, and investment seminars."",High Investment"
"C0908,66,M,USA,California,Individual,Home,Yes,Agency,4,1129941.35,825.1325,4.0,3,Growth-Oriented Investors,""Recommend commercial properties, portfolio diversification opportunities, rental yield analysis, and investment seminars."",Medium Investment"
"C0909,59,M,USA,California,Individual,Investment,Yes,Agency,4,1529455.73,1183.04,1.0,3,Growth-Oriented Investors,""Recommend commercial properties, portfolio diversification opportunities, rental yield analysis, and investment seminars."",High Investment"
"C0910,55,F,USA,Texas,Individual,Home,Yes,Agency,3,1293598.48,1238.36,3.0,3,Growth-Oriented Investors,""Recommend commercial properties, portfolio diversification opportunities, rental yield analysis, and investment seminars."",Medium Investment"
"C0911,37,M,USA,California,Individual,Home,No,Website,4,1310405.32,972.335,4.0,3,Growth-Oriented Investors,""Recommend commercial properties, portfolio diversification opportunities, rental yield analysis, and investment seminars."",Medium Investment"
"C0912,77,F,USA,California,Individual,Home,No,Agency,3,1322130.05,1351.4633333333334,1.0,3,Growth-Oriented Investors,""Recommend commercial properties, portfolio diversification opportunities, rental yield analysis, and investment seminars."",Medium Investment"
"C0913,27,M,USA,California,Individual,Home,No,Agency,4,1935637.92,1552.15,4.0,3,Growth-Oriented Investors,""Recommend commercial properties, portfolio diversification opportunities, rental yield analysis, and investment seminars."",High Investment"
"C0914,78,F,France,Provence,Individual,Investment,No,Website,4,1124290.78,984.6475,4.0,1,International Diversified Buyers,""Offer mortgage assistance, virtual property tours, overseas investment support, and flexible payment options."",Medium Investment"
"C0915,78,M,USA,Florida,Individual,Home,No,Agency,3,1309768.71,1283.46,2.0,2,Premium Independent Buyers,""Recommend luxury residences, VIP investment consultations, premium memberships, and exclusive project launches."",Medium Investment"
"C0916,38,M,Russia,Moscow Oblast,Individual,Home,No,Website,4,1377591.46,1114.105,2.0,1,International Diversified Buyers,""Offer mortgage assistance, virtual property tours, overseas investment support, and flexible payment options."",High Investment"
"C0917,57,M,USA,Arizona,Individual,Home,Yes,Agency,3,756785.49,851.4266666666667,2.0,3,Growth-Oriented Investors,""Recommend commercial properties, portfolio diversification opportunities, rental yield analysis, and investment seminars."",Low Investment"
"C0918,26,F,Australia,Western Australia,Individual,Home,No,Client,3,1461361.8699999999,1583.2166666666665,4.0,1,International Diversified Buyers,""Offer mortgage assistance, virtual property tours, overseas investment support, and flexible payment options."",High Investment"
"C0919,51,F,Canada,Quebec,Individual,Investment,No,Agency,3,1059524.55,1179.5233333333333,5.0,1,International Diversified Buyers,""Offer mortgage assistance, virtual property tours, overseas investment support, and flexible payment options."",Low Investment"
"C0920,53,M,USA,California,Individual,Home,No,Website,3,878368.79,934.4333333333334,4.0,3,Growth-Oriented Investors,""Recommend commercial properties, portfolio diversification opportunities, rental yield analysis, and investment seminars."",Low Investment"
"C0921,27,F,Australia,New South Wales,Individual,Home,No,Agency,3,802736.76,900.46,4.0,1,International Diversified Buyers,""Offer mortgage assistance, virtual property tours, overseas investment support, and flexible payment options."",Low Investment"
"C0922,84,M,Australia,Victoria,Individual,Investment,Yes,Website,3,1105753.98,1200.3500000000001,4.0,1,International Diversified Buyers,""Offer mortgage assistance, virtual property tours, overseas investment support, and flexible payment options."",Medium Investment"
"C0923,76,F,USA,Oregon,Individual,Home,No,Client,4,1183422.85,1035.1925,3.0,3,Growth-Oriented Investors,""Recommend commercial properties, portfolio diversification opportunities, rental yield analysis, and investment seminars."",Medium Investment"
"C0924,38,F,USA,California,Individual,Home,No,Website,4,1558670.83,1313.38,4.0,3,Growth-Oriented Investors,""Recommend commercial properties, portfolio diversification opportunities, rental yield analysis, and investment seminars."",High Investment"
"C0925,82,M,Germany,Hamburg,Individual,Home,No,Website,3,1308035.02,1471.8999999999999,2.0,1,International Diversified Buyers,""Offer mortgage assistance, virtual property tours, overseas investment support, and flexible payment options."",Medium Investment"
"C0926,65,F,USA,California,Individual,Home,No,Website,3,1078841.73,1207.6466666666668,3.0,3,Growth-Oriented Investors,""Recommend commercial properties, portfolio diversification opportunities, rental yield analysis, and investment seminars."",Low Investment"
"C0927,64,F,France,Ile-de-France,Individual,Home,No,Client,3,933499.38,952.2633333333333,4.0,1,International Diversified Buyers,""Offer mortgage assistance, virtual property tours, overseas investment support, and flexible payment options."",Low Investment"
"C0928,76,M,USA,California,Individual,Home,Yes,Agency,3,758070.13,883.7466666666666,1.0,3,Growth-Oriented Investors,""Recommend commercial properties, portfolio diversification opportunities, rental yield analysis, and investment seminars."",Low Investment"
"C0929,72,M,USA,Washington,Individual,Home,No,Website,3,1167841.72,1117.9399999999998,4.0,3,Growth-Oriented Investors,""Recommend commercial properties, portfolio diversification opportunities, rental yield analysis, and investment seminars."",Medium Investment"
"C0930,33,F,USA,Washington,Individual,Investment,Yes,Agency,3,924305.53,1110.6233333333332,1.0,3,Growth-Oriented Investors,""Recommend commercial properties, portfolio diversification opportunities, rental yield analysis, and investment seminars."",Low Investment"
"C0931,49,M,USA,Nevada,Individual,Investment,Yes,Client,3,997418.61,1090.9466666666667,2.0,3,Growth-Oriented Investors,""Recommend commercial properties, portfolio diversification opportunities, rental yield analysis, and investment seminars."",Low Investment"
"C0932,77,F,USA,New York,Individual,Home,No,Website,4,1468310.6600000001,1196.9724999999999,5.0,0,Stable Home Buyers,""Recommend residential apartments, family villas, loyalty rewards, and simplified online booking services."",High Investment"
"C0933,71,F,USA,California,Individual,Home,No,Website,3,1077170.94,1155.4633333333334,4.0,3,Growth-Oriented Investors,""Recommend commercial properties, portfolio diversification opportunities, rental yield analysis, and investment seminars."",Low Investment"
"C0934,83,F,UK,Northern Ireland,Individual,Investment,Yes,Website,3,912489.5900000001,1086.9833333333333,5.0,1,International Diversified Buyers,""Offer mortgage assistance, virtual property tours, overseas investment support, and flexible payment options."",Low Investment"
"C0935,26,F,Canada,Manitoba,Individual,Home,No,Agency,3,1133032.49,1221.6766666666665,4.0,1,International Diversified Buyers,""Offer mortgage assistance, virtual property tours, overseas investment support, and flexible payment options."",Medium Investment"
"C0936,75,F,USA,California,Individual,Home,No,Client,3,782945.97,879.3433333333332,3.0,3,Growth-Oriented Investors,""Recommend commercial properties, portfolio diversification opportunities, rental yield analysis, and investment seminars."",Low Investment"
"C0937,44,M,USA,Arizona,Individual,Home,No,Client,4,1370340.9100000001,1127.3175,5.0,3,Growth-Oriented Investors,""Recommend commercial properties, portfolio diversification opportunities, rental yield analysis, and investment seminars."",High Investment"
"C0938,63,M,Russia,Krasnodar Krai,Individual,Home,No,Website,3,854217.7,851.87,4.0,1,International Diversified Buyers,""Offer mortgage assistance, virtual property tours, overseas investment support, and flexible payment options."",Low Investment"
"C0939,48,F,Belgium,Brussels,Individual,Investment,No,Website,4,1190833.68,996.3625,1.0,3,Growth-Oriented Investors,""Recommend commercial properties, portfolio diversification opportunities, rental yield analysis, and investment seminars."",Medium Investment"
"C0940,41,M,USA,Virginia,Individual,Investment,No,Website,4,1628937.85,1332.2825,5.0,3,Growth-Oriented Investors,""Recommend commercial properties, portfolio diversification opportunities, rental yield analysis, and investment seminars."",High Investment"
"C0941,71,F,Mexico,Jalisco,Individual,Home,No,Agency,3,1028314.09,1089.46,1.0,1,International Diversified Buyers,""Offer mortgage assistance, virtual property tours, overseas investment support, and flexible payment options."",Low Investment"
"C0942,35,F,USA,California,Individual,Home,No,Website,4,1402631.76,1008.6625,1.0,3,Growth-Oriented Investors,""Recommend commercial properties, portfolio diversification opportunities, rental yield analysis, and investment seminars."",High Investment"
"C0943,69,F,Canada,Manitoba,Individual,Investment,No,Website,3,975048.28,1129.1766666666665,5.0,1,International Diversified Buyers,""Offer mortgage assistance, virtual property tours, overseas investment support, and flexible payment options."",Low Investment"
"C0944,70,F,USA,Florida,Individual,Home,No,Website,3,1256722.03,1283.46,2.0,2,Premium Independent Buyers,""Recommend luxury residences, VIP investment consultations, premium memberships, and exclusive project launches."",Medium Investment"
"C0945,81,F,France,Provence,Individual,Home,No,Website,3,973406.55,1102.8633333333335,4.0,1,International Diversified Buyers,""Offer mortgage assistance, virtual property tours, overseas investment support, and flexible payment options."",Low Investment"
"C0946,80,F,USA,Nevada,Individual,Investment,Yes,Agency,3,827605.63,897.3100000000001,3.0,3,Growth-Oriented Investors,""Recommend commercial properties, portfolio diversification opportunities, rental yield analysis, and investment seminars."",Low Investment"
"C0947,45,F,USA,Texas,Individual,Home,No,Website,3,1096583.29,1190.3133333333333,2.0,3,Growth-Oriented Investors,""Recommend commercial properties, portfolio diversification opportunities, rental yield analysis, and investment seminars."",Medium Investment"
"C0948,37,F,USA,California,Individual,Investment,Yes,Website,4,1532000.51,1299.3675,3.0,3,Growth-Oriented Investors,""Recommend commercial properties, portfolio diversification opportunities, rental yield analysis, and investment seminars."",High Investment"
"C0949,83,F,USA,Colorado,Individual,Investment,Yes,Client,4,1397057.95,1102.2725,5.0,3,Growth-Oriented Investors,""Recommend commercial properties, portfolio diversification opportunities, rental yield analysis, and investment seminars."",High Investment"
"C0950,35,F,USA,Texas,Individual,Investment,No,Website,4,1418212.48,1146.9925,5.0,3,Growth-Oriented Investors,""Recommend commercial properties, portfolio diversification opportunities, rental yield analysis, and investment seminars."",High Investment"
"C0951,28,F,Mexico,Nuevo Leon,Individual,Home,Yes,Client,4,1658301.92,1290.8,1.0,1,International Diversified Buyers,""Offer mortgage assistance, virtual property tours, overseas investment support, and flexible payment options."",High Investment"
"C0952,67,F,USA,Oregon,Individual,Home,No,Website,4,1886501.9300000002,1510.65,5.0,3,Growth-Oriented Investors,""Recommend commercial properties, portfolio diversification opportunities, rental yield analysis, and investment seminars."",High Investment"
"C0953,31,M,USA,Washington,Company,Home,Yes,Website,3,639815.0,839.1433333333334,5.0,3,Growth-Oriented Investors,""Recommend commercial properties, portfolio diversification opportunities, rental yield analysis, and investment seminars."",Low Investment"
"C0954,76,M,France,Brittany,Individual,Investment,Yes,Agency,4,1493788.0,1204.4975,4.0,1,International Diversified Buyers,""Offer mortgage assistance, virtual property tours, overseas investment support, and flexible payment options."",High Investment"
"C0955,57,F,USA,California,Individual,Home,No,Website,3,1098111.78,1205.9633333333334,1.0,3,Growth-Oriented Investors,""Recommend commercial properties, portfolio diversification opportunities, rental yield analysis, and investment seminars."",Medium Investment"
"C0956,60,M,USA,California,Individual,Home,Yes,Website,4,1647197.45,1294.645,1.0,3,Growth-Oriented Investors,""Recommend commercial properties, portfolio diversification opportunities, rental yield analysis, and investment seminars."",High Investment"
"C0957,65,M,USA,Oregon,Company,Home,Yes,Client,4,1295242.02,1072.5575,2.0,3,Growth-Oriented Investors,""Recommend commercial properties, portfolio diversification opportunities, rental yield analysis, and investment seminars."",Medium Investment"
"C0958,35,F,USA,Nevada,Individual,Home,Yes,Website,4,936091.4500000001,834.6575,1.0,3,Growth-Oriented Investors,""Recommend commercial properties, portfolio diversification opportunities, rental yield analysis, and investment seminars."",Low Investment"
"C0959,74,M,USA,California,Individual,Home,No,Agency,4,1840159.66,1572.79,3.0,3,Growth-Oriented Investors,""Recommend commercial properties, portfolio diversification opportunities, rental yield analysis, and investment seminars."",High Investment"
"C0960,66,F,USA,Arizona,Individual,Investment,Yes,Client,4,1380084.58,1148.2475,1.0,3,Growth-Oriented Investors,""Recommend commercial properties, portfolio diversification opportunities, rental yield analysis, and investment seminars."",High Investment"
"C0961,52,M,UK,Wales,Individual,Home,Yes,Website,4,1681311.67,1271.345,2.0,1,International Diversified Buyers,""Offer mortgage assistance, virtual property tours, overseas investment support, and flexible payment options."",High Investment"
"C0962,86,M,USA,California,Individual,Home,No,Website,4,1335726.82,1114.2125,4.0,3,Growth-Oriented Investors,""Recommend commercial properties, portfolio diversification opportunities, rental yield analysis, and investment seminars."",Medium Investment"
"C0963,85,M,Canada,Alberta,Individual,Home,No,Agency,3,598874.99,678.9699999999999,4.0,1,International Diversified Buyers,""Offer mortgage assistance, virtual property tours, overseas investment support, and flexible payment options."",Low Investment"
"C0964,73,F,USA,California,Individual,Home,No,Website,3,1015121.6900000001,1168.3833333333334,4.0,3,Growth-Oriented Investors,""Recommend commercial properties, portfolio diversification opportunities, rental yield analysis, and investment seminars."",Low Investment"
"C0965,65,F,USA,New York,Individual,Investment,No,Website,3,840199.6100000001,862.1066666666666,3.0,0,Stable Home Buyers,""Recommend residential apartments, family villas, loyalty rewards, and simplified online booking services."",Low Investment"
"C0966,31,M,USA,California,Company,Investment,No,Website,4,1606785.0499999998,1510.34,3.0,3,Growth-Oriented Investors,""Recommend commercial properties, portfolio diversification opportunities, rental yield analysis, and investment seminars."",High Investment"
"C0967,67,F,USA,California,Individual,Home,No,Agency,3,705599.66,879.3433333333332,2.0,3,Growth-Oriented Investors,""Recommend commercial properties, portfolio diversification opportunities, rental yield analysis, and investment seminars."",Low Investment"
"C0968,31,F,USA,Arizona,Individual,Home,No,Website,3,1089074.71,1168.3833333333334,4.0,3,Growth-Oriented Investors,""Recommend commercial properties, portfolio diversification opportunities, rental yield analysis, and investment seminars."",Low Investment"
"C0969,50,F,Russia,Tatarstan,Individual,Investment,Yes,Agency,3,1118760.19,1186.4366666666667,1.0,1,International Diversified Buyers,""Offer mortgage assistance, virtual property tours, overseas investment support, and flexible payment options."",Medium Investment"
"C0970,40,M,Denmark,North Denmark,Individual,Home,Yes,Website,4,1596404.25,1313.38,3.0,1,International Diversified Buyers,""Offer mortgage assistance, virtual property tours, overseas investment support, and flexible payment options."",High Investment"
"C0971,57,F,USA,Colorado,Individual,Investment,Yes,Website,4,1278450.05,1011.23,5.0,3,Growth-Oriented Investors,""Recommend commercial properties, portfolio diversification opportunities, rental yield analysis, and investment seminars."",Medium Investment"
"C0972,62,F,USA,Arizona,Individual,Home,No,Agency,4,1298009.03,1072.985,5.0,3,Growth-Oriented Investors,""Recommend commercial properties, portfolio diversification opportunities, rental yield analysis, and investment seminars."",Medium Investment"
"C0973,34,M,USA,California,Individual,Investment,No,Client,4,1595817.1600000001,1210.7375000000002,2.0,3,Growth-Oriented Investors,""Recommend commercial properties, portfolio diversification opportunities, rental yield analysis, and investment seminars."",High Investment"
"C0974,65,M,USA,New York,Individual,Home,No,Agency,4,1210990.11,1008.395,1.0,0,Stable Home Buyers,""Recommend residential apartments, family villas, loyalty rewards, and simplified online booking services."",Medium Investment"
"C0975,80,M,USA,Utah,Individual,Home,No,Website,3,941310.61,1050.08,4.0,3,Growth-Oriented Investors,""Recommend commercial properties, portfolio diversification opportunities, rental yield analysis, and investment seminars."",Low Investment"
"C0976,43,M,USA,California,Individual,Home,Yes,Website,4,1206149.98,947.7475000000001,4.0,3,Growth-Oriented Investors,""Recommend commercial properties, portfolio diversification opportunities, rental yield analysis, and investment seminars."",Medium Investment"
"C0977,30,M,USA,California,Individual,Home,No,Agency,3,944672.95,1092.5066666666667,1.0,3,Growth-Oriented Investors,""Recommend commercial properties, portfolio diversification opportunities, rental yield analysis, and investment seminars."",Low Investment"
"C0978,63,F,USA,California,Individual,Home,Yes,Website,3,1449360.9100000001,1526.9566666666667,4.0,3,Growth-Oriented Investors,""Recommend commercial properties, portfolio diversification opportunities, rental yield analysis, and investment seminars."",High Investment"
"C0979,86,F,Canada,Quebec,Individual,Investment,No,Website,3,864661.4500000001,939.3299999999999,4.0,1,International Diversified Buyers,""Offer mortgage assistance, virtual property tours, overseas investment support, and flexible payment options."",Low Investment"
"C0980,84,M,USA,New York,Individual,Investment,Yes,Website,3,1156326.6400000001,1392.5566666666666,1.0,0,Stable Home Buyers,""Recommend residential apartments, family villas, loyalty rewards, and simplified online booking services."",Medium Investment"
"C0981,65,F,USA,California,Individual,Investment,No,Website,4,2048324.19,1555.2975000000001,1.0,3,Growth-Oriented Investors,""Recommend commercial properties, portfolio diversification opportunities, rental yield analysis, and investment seminars."",High Investment"
"C0982,65,F,Canada,Manitoba,Individual,Investment,Yes,Agency,3,1443503.73,1456.36,5.0,1,International Diversified Buyers,""Offer mortgage assistance, virtual property tours, overseas investment support, and flexible payment options."",High Investment"
"C0983,32,F,Germany,North Rhine-Westphalia,Individual,Home,No,Website,3,803219.7,899.62,4.0,1,International Diversified Buyers,""Offer mortgage assistance, virtual property tours, overseas investment support, and flexible payment options."",Low Investment"
"C0984,64,M,Canada,British Columbia,Individual,Home,Yes,Agency,3,1206529.21,1337.1733333333334,5.0,1,International Diversified Buyers,""Offer mortgage assistance, virtual property tours, overseas investment support, and flexible payment options."",Medium Investment"
"C0985,72,F,USA,California,Individual,Home,Yes,Website,3,886990.72,934.4333333333334,1.0,3,Growth-Oriented Investors,""Recommend commercial properties, portfolio diversification opportunities, rental yield analysis, and investment seminars."",Low Investment"
"C0986,45,F,Russia,Saint Petersburg,Individual,Home,No,Website,3,1445226.07,1510.3766666666668,2.0,1,International Diversified Buyers,""Offer mortgage assistance, virtual property tours, overseas investment support, and flexible payment options."",High Investment"
"C0987,59,F,Germany,North Rhine-Westphalia,Individual,Home,Yes,Agency,4,1086018.36,984.12,1.0,1,International Diversified Buyers,""Offer mortgage assistance, virtual property tours, overseas investment support, and flexible payment options."",Low Investment"
"C0988,38,M,USA,Texas,Individual,Home,Yes,Agency,3,695033.8,724.0866666666667,3.0,3,Growth-Oriented Investors,""Recommend commercial properties, portfolio diversification opportunities, rental yield analysis, and investment seminars."",Low Investment"
"C0989,80,F,USA,Oregon,Individual,Home,No,Website,4,1129907.31,1035.1925,4.0,3,Growth-Oriented Investors,""Recommend commercial properties, portfolio diversification opportunities, rental yield analysis, and investment seminars."",Medium Investment"
"C0990,84,M,USA,Utah,Individual,Home,No,Website,4,1588383.3599999999,1321.76,4.0,3,Growth-Oriented Investors,""Recommend commercial properties, portfolio diversification opportunities, rental yield analysis, and investment seminars."",High Investment"
"C0991,51,F,USA,Nevada,Individual,Home,No,Website,3,1223116.15,1464.8466666666666,1.0,3,Growth-Oriented Investors,""Recommend commercial properties, portfolio diversification opportunities, rental yield analysis, and investment seminars."",Medium Investment"
"C0992,38,M,Denmark,Capital Region,Individual,Home,Yes,Website,4,1478482.61,1205.465,1.0,1,International Diversified Buyers,""Offer mortgage assistance, virtual property tours, overseas investment support, and flexible payment options."",High Investment"
"C0993,72,M,USA,California,Individual,Home,Yes,Website,3,530494.44,610.62,2.0,3,Growth-Oriented Investors,""Recommend commercial properties, portfolio diversification opportunities, rental yield analysis, and investment seminars."",Low Investment"
"C0994,50,M,USA,California,Individual,Home,No,Website,4,1379902.8699999999,1187.8925000000002,3.0,3,Growth-Oriented Investors,""Recommend commercial properties, portfolio diversification opportunities, rental yield analysis, and investment seminars."",High Investment"
"C0995,77,F,Australia,New South Wales,Individual,Home,Yes,Website,3,1004120.77,1037.11,1.0,1,International Diversified Buyers,""Offer mortgage assistance, virtual property tours, overseas investment support, and flexible payment options."",Low Investment"
"C0996,70,M,Canada,Manitoba,Individual,Home,Yes,Client,3,888968.0,941.2099999999999,2.0,1,International Diversified Buyers,""Offer mortgage assistance, virtual property tours, overseas investment support, and flexible payment options."",Low Investment"
"C0997,76,M,USA,California,Individual,Investment,Yes,Agency,3,1607877.07,1654.4733333333334,3.0,3,Growth-Oriented Investors,""Recommend commercial properties, portfolio diversification opportunities, rental yield analysis, and investment seminars."",High Investment"
"C0998,57,F,USA,Virginia,Company,Home,No,Agency,4,1230552.15,1053.27,4.0,3,Growth-Oriented Investors,""Recommend commercial properties, portfolio diversification opportunities, rental yield analysis, and investment seminars."",Medium Investment"
"C0999,57,F,USA,California,Individual,Investment,No,Agency,3,661984.35,753.3133333333334,3.0,3,Growth-Oriented Investors,""Recommend commercial properties, portfolio diversification opportunities, rental yield analysis, and investment seminars."",Low Investment"
"C1000,63,F,USA,Utah,Individual,Home,Yes,Website,4,1629372.23,1316.6550000000002,2.0,3,Growth-Oriented Investors,""Recommend commercial properties, portfolio diversification opportunities, rental yield analysis, and investment seminars."",High Investment"
"C1001,45,M,USA,California,Individual,Home,No,Website,4,1650296.94,1326.3725,3.0,3,Growth-Oriented Investors,""Recommend commercial properties, portfolio diversification opportunities, rental yield analysis, and investment seminars."",High Investment"
"C1002,59,M,USA,California,Individual,Home,No,Website,3,1064050.72,1052.0866666666668,5.0,3,Growth-Oriented Investors,""Recommend commercial properties, portfolio diversification opportunities, rental yield analysis, and investment seminars."",Low Investment"
"C1003,49,F,USA,Nevada,Individual,Home,No,Website,3,1164909.23,1303.7766666666666,2.0,3,Growth-Oriented Investors,""Recommend commercial properties, portfolio diversification opportunities, rental yield analysis, and investment seminars."",Medium Investment"
"C1004,44,M,USA,Oregon,Individual,Home,Yes,Website,4,1553467.6600000001,1254.045,3.0,3,Growth-Oriented Investors,""Recommend commercial properties, portfolio diversification opportunities, rental yield analysis, and investment seminars."",High Investment"
"C1005,38,F,Germany,Hamburg,Individual,Home,No,Client,3,778101.6000000001,993.0033333333334,3.0,1,International Diversified Buyers,""Offer mortgage assistance, virtual property tours, overseas investment support, and flexible payment options."",Low Investment"
"C1006,34,F,USA,Georgia,Individual,Home,No,Website,3,738938.8,828.39,1.0,3,Growth-Oriented Investors,""Recommend commercial properties, portfolio diversification opportunities, rental yield analysis, and investment seminars."",Low Investment"
"C1007,78,F,UK,England,Individual,Home,No,Agency,3,813104.68,847.0366666666667,4.0,1,International Diversified Buyers,""Offer mortgage assistance, virtual property tours, overseas investment support, and flexible payment options."",Low Investment"
"C1008,39,M,USA,California,Company,Home,No,Website,4,1018262.69,849.79,2.0,3,Growth-Oriented Investors,""Recommend commercial properties, portfolio diversification opportunities, rental yield analysis, and investment seminars."",Low Investment"
"C1009,76,F,USA,Nevada,Individual,Investment,Yes,Agency,3,741160.04,971.1899999999999,4.0,3,Growth-Oriented Investors,""Recommend commercial properties, portfolio diversification opportunities, rental yield analysis, and investment seminars."",Low Investment"
"C1010,62,M,Mexico,Jalisco,Individual,Home,No,Website,4,1331479.73,1077.195,4.0,1,International Diversified Buyers,""Offer mortgage assistance, virtual property tours, overseas investment support, and flexible payment options."",Medium Investment"
"C1011,74,F,USA,California,Individual,Investment,No,Website,4,1281389.3900000001,1075.505,1.0,3,Growth-Oriented Investors,""Recommend commercial properties, portfolio diversification opportunities, rental yield analysis, and investment seminars."",Medium Investment"
"C1012,66,M,USA,New York,Individual,Home,Yes,Website,3,1690270.5,1736.0333333333335,4.0,0,Stable Home Buyers,""Recommend residential apartments, family villas, loyalty rewards, and simplified online booking services."",High Investment"
"C1013,32,F,USA,Oregon,Individual,Home,Yes,Website,4,1627907.97,1298.145,1.0,3,Growth-Oriented Investors,""Recommend commercial properties, portfolio diversification opportunities, rental yield analysis, and investment seminars."",High Investment"
"C1014,57,M,USA,California,Individual,Home,Yes,Website,3,1278106.36,1523.6933333333334,3.0,3,Growth-Oriented Investors,""Recommend commercial properties, portfolio diversification opportunities, rental yield analysis, and investment seminars."",Medium Investment"
"C1015,49,M,USA,California,Individual,Home,Yes,Website,3,884426.51,973.09,4.0,3,Growth-Oriented Investors,""Recommend commercial properties, portfolio diversification opportunities, rental yield analysis, and investment seminars."",Low Investment"
"C1016,50,F,USA,California,Individual,Home,Yes,Agency,4,1542774.6099999999,1214.5625,4.0,3,Growth-Oriented Investors,""Recommend commercial properties, portfolio diversification opportunities, rental yield analysis, and investment seminars."",High Investment"
"C1017,58,F,USA,California,Individual,Home,Yes,Agency,4,1116371.43,928.745,1.0,3,Growth-Oriented Investors,""Recommend commercial properties, portfolio diversification opportunities, rental yield analysis, and investment seminars."",Medium Investment"
"C1018,59,F,USA,Colorado,Individual,Home,Yes,Client,3,845680.5700000001,1033.4833333333333,5.0,3,Growth-Oriented Investors,""Recommend commercial properties, portfolio diversification opportunities, rental yield analysis, and investment seminars."",Low Investment"
"C1019,51,F,USA,Nevada,Individual,Home,No,Client,3,1167255.18,1325.0800000000002,2.0,3,Growth-Oriented Investors,""Recommend commercial properties, portfolio diversification opportunities, rental yield analysis, and investment seminars."",Medium Investment"
"C1020,32,F,USA,California,Individual,Home,No,Agency,4,1248826.8599999999,994.0725,3.0,3,Growth-Oriented Investors,""Recommend commercial properties, portfolio diversification opportunities, rental yield analysis, and investment seminars."",Medium Investment"
"C1021,52,M,USA,California,Individual,Investment,No,Client,4,1554739.9,1340.7775000000001,1.0,3,Growth-Oriented Investors,""Recommend commercial properties, portfolio diversification opportunities, rental yield analysis, and investment seminars."",High Investment"
"C1022,42,F,USA,Colorado,Individual,Home,No,Agency,4,1389709.13,1122.0925,1.0,3,Growth-Oriented Investors,""Recommend commercial properties, portfolio diversification opportunities, rental yield analysis, and investment seminars."",High Investment"
"C1023,73,F,USA,Nevada,Individual,Home,Yes,Website,3,1336237.87,1599.3433333333332,1.0,3,Growth-Oriented Investors,""Recommend commercial properties, portfolio diversification opportunities, rental yield analysis, and investment seminars."",Medium Investment"
"C1024,57,M,USA,Arizona,Individual,Investment,No,Agency,3,1351032.92,1510.3766666666668,2.0,3,Growth-Oriented Investors,""Recommend commercial properties, portfolio diversification opportunities, rental yield analysis, and investment seminars."",Medium Investment"
"C1025,79,F,USA,California,Individual,Home,No,Client,3,738424.1799999999,735.3566666666667,1.0,3,Growth-Oriented Investors,""Recommend commercial properties, portfolio diversification opportunities, rental yield analysis, and investment seminars."",Low Investment"
"C1026,35,M,USA,California,Individual,Investment,No,Agency,3,1440775.1,1452.2633333333333,1.0,3,Growth-Oriented Investors,""Recommend commercial properties, portfolio diversification opportunities, rental yield analysis, and investment seminars."",High Investment"
"C1027,50,M,USA,California,Individual,Investment,Yes,Client,3,1554407.81,1649.26,1.0,3,Growth-Oriented Investors,""Recommend commercial properties, portfolio diversification opportunities, rental yield analysis, and investment seminars."",High Investment"
"C1028,84,M,USA,California,Individual,Home,Yes,Website,4,1143826.71,984.12,1.0,3,Growth-Oriented Investors,""Recommend commercial properties, portfolio diversification opportunities, rental yield analysis, and investment seminars."",Medium Investment"
"C1029,77,M,Australia,Victoria,Individual,Home,No,Agency,3,946560.97,1049.3799999999999,1.0,1,International Diversified Buyers,""Offer mortgage assistance, virtual property tours, overseas investment support, and flexible payment options."",Low Investment"
"C1030,66,F,USA,Ohio,Individual,Home,No,Website,4,1353543.06,1070.475,4.0,3,Growth-Oriented Investors,""Recommend commercial properties, portfolio diversification opportunities, rental yield analysis, and investment seminars."",Medium Investment"
"C1031,37,M,UK,England,Individual,Home,No,Website,3,1011333.2,1088.5866666666668,1.0,1,International Diversified Buyers,""Offer mortgage assistance, virtual property tours, overseas investment support, and flexible payment options."",Low Investment"
"C1032,49,M,USA,Nevada,Individual,Home,No,Website,4,1494289.73,1086.2275,5.0,3,Growth-Oriented Investors,""Recommend commercial properties, portfolio diversification opportunities, rental yield analysis, and investment seminars."",High Investment"
"C1033,64,M,France,Ile-de-France,Individual,Home,No,Website,4,1496120.51,1313.38,2.0,1,International Diversified Buyers,""Offer mortgage assistance, virtual property tours, overseas investment support, and flexible payment options."",High Investment"
"C1034,47,F,USA,Colorado,Individual,Home,No,Client,4,1200049.6,970.375,5.0,3,Growth-Oriented Investors,""Recommend commercial properties, portfolio diversification opportunities, rental yield analysis, and investment seminars."",Medium Investment"
"C1035,65,M,USA,Virginia,Individual,Home,No,Website,4,1528550.1300000001,1227.17,2.0,3,Growth-Oriented Investors,""Recommend commercial properties, portfolio diversification opportunities, rental yield analysis, and investment seminars."",High Investment"
"C1036,38,F,USA,Oregon,Individual,Home,No,Agency,3,1176436.08,1350.4933333333333,2.0,3,Growth-Oriented Investors,""Recommend commercial properties, portfolio diversification opportunities, rental yield analysis, and investment seminars."",Medium Investment"
"C1037,56,M,Mexico,Baja California,Company,Home,Yes,Website,3,1115637.13,1190.3133333333333,2.0,1,International Diversified Buyers,""Offer mortgage assistance, virtual property tours, overseas investment support, and flexible payment options."",Medium Investment"
"C1038,67,M,USA,California,Individual,Investment,No,Website,3,907128.2000000001,939.3299999999999,3.0,3,Growth-Oriented Investors,""Recommend commercial properties, portfolio diversification opportunities, rental yield analysis, and investment seminars."",Low Investment"
"C1039,64,M,USA,California,Individual,Home,Yes,Agency,4,1428452.94,1210.7375000000002,1.0,3,Growth-Oriented Investors,""Recommend commercial properties, portfolio diversification opportunities, rental yield analysis, and investment seminars."",High Investment"
"C1040,86,M,USA,California,Individual,Investment,Yes,Website,3,901095.79,992.2199999999999,5.0,3,Growth-Oriented Investors,""Recommend commercial properties, portfolio diversification opportunities, rental yield analysis, and investment seminars."",Low Investment"
"C1041,36,F,USA,Nevada,Individual,Home,Yes,Website,3,1150040.79,1303.7766666666666,5.0,3,Growth-Oriented Investors,""Recommend commercial properties, portfolio diversification opportunities, rental yield analysis, and investment seminars."",Medium Investment"
"C1042,81,F,USA,Nevada,Individual,Home,No,Agency,4,1325783.46,1122.0925,2.0,3,Growth-Oriented Investors,""Recommend commercial properties, portfolio diversification opportunities, rental yield analysis, and investment seminars."",Medium Investment"
"C1043,27,F,USA,Washington,Individual,Home,No,Website,3,1067911.8599999999,1357.1933333333334,5.0,3,Growth-Oriented Investors,""Recommend commercial properties, portfolio diversification opportunities, rental yield analysis, and investment seminars."",Low Investment"
"C1044,55,M,USA,Nevada,Individual,Investment,No,Website,4,1368036.3900000001,1145.535,5.0,3,Growth-Oriented Investors,""Recommend commercial properties, portfolio diversification opportunities, rental yield analysis, and investment seminars."",High Investment"
"C1045,84,F,USA,New York,Individual,Home,No,Website,3,974840.03,1060.1133333333335,3.0,0,Stable Home Buyers,""Recommend residential apartments, family villas, loyalty rewards, and simplified online booking services."",Low Investment"
"C1046,57,F,Canada,Quebec,Individual,Home,Yes,Website,4,1301128.39,1049.6999999999998,4.0,1,International Diversified Buyers,""Offer mortgage assistance, virtual property tours, overseas investment support, and flexible payment options."",Medium Investment"
"C1047,42,M,USA,Virginia,Individual,Home,No,Website,3,1333737.83,1454.5733333333335,3.0,3,Growth-Oriented Investors,""Recommend commercial properties, portfolio diversification opportunities, rental yield analysis, and investment seminars."",Medium Investment"
"C1048,56,F,USA,Oregon,Individual,Investment,No,Agency,3,1349339.41,1439.256666666667,1.0,3,Growth-Oriented Investors,""Recommend commercial properties, portfolio diversification opportunities, rental yield analysis, and investment seminars."",Medium Investment"
"C1049,86,F,USA,California,Individual,Investment,No,Website,3,1214294.1600000001,1451.5366666666669,5.0,3,Growth-Oriented Investors,""Recommend commercial properties, portfolio diversification opportunities, rental yield analysis, and investment seminars."",Medium Investment"
"C1050,71,M,USA,Georgia,Individual,Home,Yes,Website,4,1274655.09,1192.72,4.0,3,Growth-Oriented Investors,""Recommend commercial properties, portfolio diversification opportunities, rental yield analysis, and investment seminars."",Medium Investment"
"C1051,68,F,USA,Virginia,Individual,Home,Yes,Agency,3,894972.26,1016.7433333333333,1.0,3,Growth-Oriented Investors,""Recommend commercial properties, portfolio diversification opportunities, rental yield analysis, and investment seminars."",Low Investment"
"C1052,73,F,USA,Utah,Individual,Home,Yes,Agency,4,1008000.54,836.9425,1.0,3,Growth-Oriented Investors,""Recommend commercial properties, portfolio diversification opportunities, rental yield analysis, and investment seminars."",Low Investment"
"C1053,52,M,Mexico,Nuevo Leon,Individual,Home,Yes,Website,3,1280976.9,1336.61,2.0,1,International Diversified Buyers,""Offer mortgage assistance, virtual property tours, overseas investment support, and flexible payment options."",Medium Investment"
"C1054,37,M,USA,Arizona,Individual,Home,Yes,Website,3,837920.5800000001,879.3433333333332,2.0,3,Growth-Oriented Investors,""Recommend commercial properties, portfolio diversification opportunities, rental yield analysis, and investment seminars."",Low Investment"
"C1055,54,M,USA,New York,Individual,Investment,Yes,Website,3,811498.78,926.3966666666666,2.0,0,Stable Home Buyers,""Recommend residential apartments, family villas, loyalty rewards, and simplified online booking services."",Low Investment"
"C1056,47,M,USA,Colorado,Individual,Home,Yes,Website,3,1436352.77,1754.9366666666667,1.0,3,Growth-Oriented Investors,""Recommend commercial properties, portfolio diversification opportunities, rental yield analysis, and investment seminars."",High Investment"
"C1057,32,M,USA,Nevada,Individual,Investment,No,Website,4,1430593.53,1301.4,5.0,3,Growth-Oriented Investors,""Recommend commercial properties, portfolio diversification opportunities, rental yield analysis, and investment seminars."",High Investment"
"C1058,53,F,Germany,Bavaria,Individual,Home,Yes,Website,4,1526007.8199999998,1190.4075,3.0,1,International Diversified Buyers,""Offer mortgage assistance, virtual property tours, overseas investment support, and flexible payment options."",High Investment"
"C1059,48,F,USA,California,Individual,Home,No,Website,3,1266979.76,1422.97,4.0,3,Growth-Oriented Investors,""Recommend commercial properties, portfolio diversification opportunities, rental yield analysis, and investment seminars."",Medium Investment"
"C1060,86,M,USA,Nevada,Individual,Home,No,Agency,3,1167625.18,1321.5033333333333,5.0,3,Growth-Oriented Investors,""Recommend commercial properties, portfolio diversification opportunities, rental yield analysis, and investment seminars."",Medium Investment"
"C1061,66,F,UK,Scotland,Individual,Home,No,Website,4,1689767.29,1422.9925,1.0,1,International Diversified Buyers,""Offer mortgage assistance, virtual property tours, overseas investment support, and flexible payment options."",High Investment"
"C1062,51,M,USA,California,Individual,Home,No,Agency,4,1766882.53,1406.6075,4.0,3,Growth-Oriented Investors,""Recommend commercial properties, portfolio diversification opportunities, rental yield analysis, and investment seminars."",High Investment"
"C1063,38,F,USA,New York,Individual,Investment,Yes,Website,3,1315820.94,1354.2933333333333,5.0,0,Stable Home Buyers,""Recommend residential apartments, family villas, loyalty rewards, and simplified online booking services."",Medium Investment"
"C1064,81,M,USA,California,Individual,Home,Yes,Website,3,695434.77,883.7466666666668,5.0,3,Growth-Oriented Investors,""Recommend commercial properties, portfolio diversification opportunities, rental yield analysis, and investment seminars."",Low Investment"
"C1065,71,M,USA,Georgia,Individual,Home,Yes,Client,3,1107631.34,1263.5766666666666,3.0,3,Growth-Oriented Investors,""Recommend commercial properties, portfolio diversification opportunities, rental yield analysis, and investment seminars."",Medium Investment"
"C1066,85,F,Australia,Victoria,Individual,Home,No,Website,4,1208868.77,990.9875000000001,1.0,1,International Diversified Buyers,""Offer mortgage assistance, virtual property tours, overseas investment support, and flexible payment options."",Medium Investment"
"C1067,84,M,Mexico,Jalisco,Individual,Investment,No,Agency,3,849001.36,904.0466666666667,4.0,1,International Diversified Buyers,""Offer mortgage assistance, virtual property tours, overseas investment support, and flexible payment options."",Low Investment"
"C1068,42,F,USA,California,Individual,Home,No,Agency,3,1403831.31,1609.0333333333335,3.0,3,Growth-Oriented Investors,""Recommend commercial properties, portfolio diversification opportunities, rental yield analysis, and investment seminars."",High Investment"
"C1069,34,M,USA,Virginia,Individual,Home,Yes,Agency,3,1323760.8399999999,1413.0600000000002,3.0,3,Growth-Oriented Investors,""Recommend commercial properties, portfolio diversification opportunities, rental yield analysis, and investment seminars."",Medium Investment"
"C1070,75,F,Germany,Bavaria,Individual,Home,No,Agency,3,1286265.1400000001,1471.8999999999999,5.0,1,International Diversified Buyers,""Offer mortgage assistance, virtual property tours, overseas investment support, and flexible payment options."",Medium Investment"
"C1071,60,M,USA,Texas,Individual,Home,No,Agency,4,1047375.62,874.6275,2.0,3,Growth-Oriented Investors,""Recommend commercial properties, portfolio diversification opportunities, rental yield analysis, and investment seminars."",Low Investment"
"C1072,64,F,USA,Utah,Individual,Home,No,Agency,3,829884.93,979.0866666666667,3.0,3,Growth-Oriented Investors,""Recommend commercial properties, portfolio diversification opportunities, rental yield analysis, and investment seminars."",Low Investment"
"C1073,71,M,USA,California,Individual,Investment,No,Website,4,1197808.83,952.0525,2.0,3,Growth-Oriented Investors,""Recommend commercial properties, portfolio diversification opportunities, rental yield analysis, and investment seminars."",Medium Investment"
"C1074,72,M,UK,Northern Ireland,Individual,Home,No,Website,3,1004700.45,1092.5400000000002,1.0,1,International Diversified Buyers,""Offer mortgage assistance, virtual property tours, overseas investment support, and flexible payment options."",Low Investment"
"C1075,51,F,Mexico,Baja California,Individual,Home,No,Website,4,1178400.08,984.9525,3.0,1,International Diversified Buyers,""Offer mortgage assistance, virtual property tours, overseas investment support, and flexible payment options."",Medium Investment"
"C1076,46,F,USA,Florida,Individual,Investment,No,Agency,3,884169.44,976.8166666666666,3.0,2,Premium Independent Buyers,""Recommend luxury residences, VIP investment consultations, premium memberships, and exclusive project launches."",Low Investment"
"C1077,44,M,USA,Texas,Individual,Investment,No,Agency,4,1467449.24,1245.935,2.0,3,Growth-Oriented Investors,""Recommend commercial properties, portfolio diversification opportunities, rental yield analysis, and investment seminars."",High Investment"
"C1078,86,M,USA,Ohio,Individual,Home,No,Agency,3,1247337.58,1303.7766666666666,1.0,3,Growth-Oriented Investors,""Recommend commercial properties, portfolio diversification opportunities, rental yield analysis, and investment seminars."",Medium Investment"
"C1079,67,M,USA,California,Individual,Investment,Yes,Website,3,1151228.31,1336.61,4.0,3,Growth-Oriented Investors,""Recommend commercial properties, portfolio diversification opportunities, rental yield analysis, and investment seminars."",Medium Investment"
"C1080,70,F,UK,England,Individual,Investment,No,Agency,4,1594795.52,1425.28,4.0,1,International Diversified Buyers,""Offer mortgage assistance, virtual property tours, overseas investment support, and flexible payment options."",High Investment"
"C1081,52,M,Russia,Novosibirsk,Company,Home,Yes,Agency,3,1006584.7,1203.39,4.0,1,International Diversified Buyers,""Offer mortgage assistance, virtual property tours, overseas investment support, and flexible payment options."",Low Investment"
"C1082,33,F,USA,Oregon,Individual,Investment,Yes,Website,3,829499.85,953.1133333333333,5.0,3,Growth-Oriented Investors,""Recommend commercial properties, portfolio diversification opportunities, rental yield analysis, and investment seminars."",Low Investment"
"C1083,76,F,USA,Colorado,Individual,Investment,No,Agency,4,1145122.1,939.4875,4.0,3,Growth-Oriented Investors,""Recommend commercial properties, portfolio diversification opportunities, rental yield analysis, and investment seminars."",Medium Investment"
"C1084,37,F,France,Ile-de-France,Individual,Home,No,Agency,4,1357921.15,1136.6925,4.0,1,International Diversified Buyers,""Offer mortgage assistance, virtual property tours, overseas investment support, and flexible payment options."",Medium Investment"
"C1085,79,F,Australia,Queensland,Individual,Investment,No,Client,3,797675.03,994.8266666666667,1.0,1,International Diversified Buyers,""Offer mortgage assistance, virtual property tours, overseas investment support, and flexible payment options."",Low Investment"
"C1086,70,M,USA,Colorado,Individual,Home,Yes,Website,4,1339827.27,1030.21,1.0,3,Growth-Oriented Investors,""Recommend commercial properties, portfolio diversification opportunities, rental yield analysis, and investment seminars."",Medium Investment"
"C1087,42,M,USA,Colorado,Individual,Home,No,Website,4,1878433.21,1575.1075,3.0,3,Growth-Oriented Investors,""Recommend commercial properties, portfolio diversification opportunities, rental yield analysis, and investment seminars."",High Investment"
"C1088,28,M,USA,Utah,Individual,Home,Yes,Agency,3,802271.19,883.7466666666666,4.0,3,Growth-Oriented Investors,""Recommend commercial properties, portfolio diversification opportunities, rental yield analysis, and investment seminars."",Low Investment"
"C1089,64,F,USA,Utah,Individual,Home,Yes,Website,4,959344.08,828.375,1.0,3,Growth-Oriented Investors,""Recommend commercial properties, portfolio diversification opportunities, rental yield analysis, and investment seminars."",Low Investment"
"C1090,64,F,Canada,Alberta,Individual,Home,Yes,Client,3,1217272.58,1396.0966666666666,3.0,1,International Diversified Buyers,""Offer mortgage assistance, virtual property tours, overseas investment support, and flexible payment options."",Medium Investment"
"C1091,42,M,USA,Nevada,Individual,Home,Yes,Agency,3,741797.49,853.6566666666668,1.0,3,Growth-Oriented Investors,""Recommend commercial properties, portfolio diversification opportunities, rental yield analysis, and investment seminars."",Low Investment"
"C1092,30,M,USA,Oregon,Individual,Investment,No,Website,3,1213248.05,1452.2633333333333,2.0,3,Growth-Oriented Investors,""Recommend commercial properties, portfolio diversification opportunities, rental yield analysis, and investment seminars."",Medium Investment"
"C1093,46,M,USA,Oregon,Individual,Home,Yes,Website,3,805402.8300000001,900.46,1.0,3,Growth-Oriented Investors,""Recommend commercial properties, portfolio diversification opportunities, rental yield analysis, and investment seminars."",Low Investment"
"C1094,66,F,USA,Washington,Individual,Home,Yes,Website,4,1631407.56,1273.5475000000001,2.0,3,Growth-Oriented Investors,""Recommend commercial properties, portfolio diversification opportunities, rental yield analysis, and investment seminars."",High Investment"
"C1095,86,F,USA,California,Individual,Home,No,Agency,4,1454366.24,1264.0125,3.0,3,Growth-Oriented Investors,""Recommend commercial properties, portfolio diversification opportunities, rental yield analysis, and investment seminars."",High Investment"
"C1096,61,F,USA,New York,Individual,Home,No,Client,4,1756661.91,1339.695,2.0,0,Stable Home Buyers,""Recommend residential apartments, family villas, loyalty rewards, and simplified online booking services."",High Investment"
"C1097,64,F,Canada,Alberta,Individual,Home,Yes,Agency,3,1064342.81,1162.6166666666666,3.0,1,International Diversified Buyers,""Offer mortgage assistance, virtual property tours, overseas investment support, and flexible payment options."",Low Investment"
"C1098,50,M,USA,California,Individual,Investment,No,Client,3,1187774.23,1290.0866666666668,3.0,3,Growth-Oriented Investors,""Recommend commercial properties, portfolio diversification opportunities, rental yield analysis, and investment seminars."",Medium Investment"
"C1099,54,F,USA,Colorado,Individual,Home,No,Agency,4,1426501.12,1153.0825,3.0,3,Growth-Oriented Investors,""Recommend commercial properties, portfolio diversification opportunities, rental yield analysis, and investment seminars."",High Investment"
"C1100,86,M,Russia,Novosibirsk,Individual,Home,No,Website,4,1314225.5899999999,1042.1725000000001,1.0,1,International Diversified Buyers,""Offer mortgage assistance, virtual property tours, overseas investment support, and flexible payment options."",Medium Investment"
"C1101,62,M,Belgium,Flanders,Individual,Home,No,Website,4,1037914.4299999999,868.5725,5.0,3,Growth-Oriented Investors,""Recommend commercial properties, portfolio diversification opportunities, rental yield analysis, and investment seminars."",Low Investment"
"C1102,66,M,Germany,Berlin,Company,Home,No,Agency,4,1248456.03,993.0625,2.0,1,International Diversified Buyers,""Offer mortgage assistance, virtual property tours, overseas investment support, and flexible payment options."",Medium Investment"
"C1103,65,M,Belgium,Wallonia,Individual,Home,No,Agency,4,1206840.81,997.415,4.0,3,Growth-Oriented Investors,""Recommend commercial properties, portfolio diversification opportunities, rental yield analysis, and investment seminars."",Medium Investment"
"C1104,28,M,USA,Utah,Individual,Investment,Yes,Website,3,893996.19,1025.0133333333333,5.0,3,Growth-Oriented Investors,""Recommend commercial properties, portfolio diversification opportunities, rental yield analysis, and investment seminars."",Low Investment"
"C1105,86,M,USA,Nevada,Individual,Home,Yes,Website,4,1623510.31,1365.9450000000002,3.0,3,Growth-Oriented Investors,""Recommend commercial properties, portfolio diversification opportunities, rental yield analysis, and investment seminars."",High Investment"
"C1106,44,M,USA,California,Individual,Home,No,Agency,3,773499.85,842.68,1.0,3,Growth-Oriented Investors,""Recommend commercial properties, portfolio diversification opportunities, rental yield analysis, and investment seminars."",Low Investment"
"C1107,78,M,Canada,British Columbia,Individual,Home,No,Website,3,1156527.59,1268.0466666666669,1.0,1,International Diversified Buyers,""Offer mortgage assistance, virtual property tours, overseas investment support, and flexible payment options."",Medium Investment"
"C1108,32,F,Australia,South Australia,Individual,Home,No,Website,3,1069904.1,1238.36,4.0,1,International Diversified Buyers,""Offer mortgage assistance, virtual property tours, overseas investment support, and flexible payment options."",Low Investment"
"C1109,59,F,USA,California,Individual,Home,Yes,Client,4,1756965.37,1458.93,1.0,3,Growth-Oriented Investors,""Recommend commercial properties, portfolio diversification opportunities, rental yield analysis, and investment seminars."",High Investment"
"C1110,49,M,USA,New York,Individual,Home,Yes,Website,4,1445458.33,1152.9099999999999,5.0,0,Stable Home Buyers,""Recommend residential apartments, family villas, loyalty rewards, and simplified online booking services."",High Investment"
"C1111,59,M,USA,California,Company,Home,Yes,Website,3,885146.14,897.3100000000001,4.0,3,Growth-Oriented Investors,""Recommend commercial properties, portfolio diversification opportunities, rental yield analysis, and investment seminars."",Low Investment"
"C1112,44,M,USA,Nevada,Individual,Investment,Yes,Website,3,961599.4199999999,975.9433333333333,3.0,3,Growth-Oriented Investors,""Recommend commercial properties, portfolio diversification opportunities, rental yield analysis, and investment seminars."",Low Investment"
"C1113,52,F,USA,Texas,Individual,Investment,No,Client,4,1162770.88,942.0350000000001,2.0,3,Growth-Oriented Investors,""Recommend commercial properties, portfolio diversification opportunities, rental yield analysis, and investment seminars."",Medium Investment"
"C1114,34,F,USA,California,Individual,Home,No,Website,3,872825.73,1072.7266666666667,3.0,3,Growth-Oriented Investors,""Recommend commercial properties, portfolio diversification opportunities, rental yield analysis, and investment seminars."",Low Investment"
"C1115,53,M,USA,Colorado,Individual,Home,Yes,Agency,3,1054599.19,1108.9966666666667,3.0,3,Growth-Oriented Investors,""Recommend commercial properties, portfolio diversification opportunities, rental yield analysis, and investment seminars."",Low Investment"
"C1116,35,F,USA,California,Individual,Home,Yes,Agency,3,766951.9500000001,879.3433333333332,1.0,3,Growth-Oriented Investors,""Recommend commercial properties, portfolio diversification opportunities, rental yield analysis, and investment seminars."",Low Investment"
"C1117,71,F,Mexico,Mexico City,Individual,Home,Yes,Website,4,1149629.49,1047.99,5.0,1,International Diversified Buyers,""Offer mortgage assistance, virtual property tours, overseas investment support, and flexible payment options."",Medium Investment"
"C1118,57,M,UK,Scotland,Company,Investment,Yes,Website,3,859368.99,983.3166666666666,2.0,1,International Diversified Buyers,""Offer mortgage assistance, virtual property tours, overseas investment support, and flexible payment options."",Low Investment"
"C1119,85,M,USA,Oregon,Individual,Home,Yes,Website,3,938703.6599999999,949.9033333333333,1.0,3,Growth-Oriented Investors,""Recommend commercial properties, portfolio diversification opportunities, rental yield analysis, and investment seminars."",Low Investment"
"C1120,47,F,USA,Arizona,Individual,Home,No,Website,4,1371211.29,1123.6174999999998,1.0,3,Growth-Oriented Investors,""Recommend commercial properties, portfolio diversification opportunities, rental yield analysis, and investment seminars."",High Investment"
"C1121,41,F,USA,California,Individual,Home,No,Client,3,1014661.78,1124.5,1.0,3,Growth-Oriented Investors,""Recommend commercial properties, portfolio diversification opportunities, rental yield analysis, and investment seminars."",Low Investment"
"C1122,84,F,USA,California,Individual,Home,No,Website,4,1558949.2,1208.8775,4.0,3,Growth-Oriented Investors,""Recommend commercial properties, portfolio diversification opportunities, rental yield analysis, and investment seminars."",High Investment"
"C1123,75,M,USA,Virginia,Individual,Home,No,Agency,3,1241771.44,1283.7066666666667,5.0,3,Growth-Oriented Investors,""Recommend commercial properties, portfolio diversification opportunities, rental yield analysis, and investment seminars."",Medium Investment"
"C1124,50,F,USA,Oregon,Individual,Investment,Yes,Website,4,1272190.01,1040.8899999999999,5.0,3,Growth-Oriented Investors,""Recommend commercial properties, portfolio diversification opportunities, rental yield analysis, and investment seminars."",Medium Investment"
"C1125,85,M,USA,Oregon,Individual,Home,No,Agency,3,1186907.08,1332.34,3.0,3,Growth-Oriented Investors,""Recommend commercial properties, portfolio diversification opportunities, rental yield analysis, and investment seminars."",Medium Investment"
"C1126,43,M,USA,Virginia,Company,Home,Yes,Website,3,893488.2,1015.9399999999999,1.0,3,Growth-Oriented Investors,""Recommend commercial properties, portfolio diversification opportunities, rental yield analysis, and investment seminars."",Low Investment"
"C1127,83,F,UK,England,Individual,Investment,No,Website,3,838728.4,932.37,1.0,1,International Diversified Buyers,""Offer mortgage assistance, virtual property tours, overseas investment support, and flexible payment options."",Low Investment"
"C1128,43,M,USA,California,Individual,Investment,No,Website,3,1186634.53,1330.8533333333332,1.0,3,Growth-Oriented Investors,""Recommend commercial properties, portfolio diversification opportunities, rental yield analysis, and investment seminars."",Medium Investment"
"C1129,81,F,USA,Colorado,Individual,Investment,No,Agency,4,1463125.26,1219.4375,5.0,3,Growth-Oriented Investors,""Recommend commercial properties, portfolio diversification opportunities, rental yield analysis, and investment seminars."",High Investment"
"C1130,39,F,USA,Arizona,Individual,Home,No,Website,4,1326217.01,1009.23,5.0,3,Growth-Oriented Investors,""Recommend commercial properties, portfolio diversification opportunities, rental yield analysis, and investment seminars."",Medium Investment"
"C1131,42,F,USA,California,Individual,Investment,No,Website,3,1210500.79,1317.7333333333333,3.0,3,Growth-Oriented Investors,""Recommend commercial properties, portfolio diversification opportunities, rental yield analysis, and investment seminars."",Medium Investment"
"C1132,44,M,USA,New York,Individual,Home,Yes,Website,3,1383901.27,1448.82,2.0,0,Stable Home Buyers,""Recommend residential apartments, family villas, loyalty rewards, and simplified online booking services."",High Investment"
"C1133,33,M,USA,Oregon,Individual,Investment,No,Website,4,1427019.92,1210.7375000000002,3.0,3,Growth-Oriented Investors,""Recommend commercial properties, portfolio diversification opportunities, rental yield analysis, and investment seminars."",High Investment"
"C1134,83,F,USA,California,Individual,Investment,No,Website,4,1088583.78,905.0375,1.0,3,Growth-Oriented Investors,""Recommend commercial properties, portfolio diversification opportunities, rental yield analysis, and investment seminars."",Low Investment"
"C1135,27,F,Russia,Moscow Oblast,Individual,Investment,Yes,Client,3,1186082.75,1303.4733333333334,5.0,1,International Diversified Buyers,""Offer mortgage assistance, virtual property tours, overseas investment support, and flexible payment options."",Medium Investment"
"C1136,61,F,USA,California,Individual,Home,Yes,Agency,3,1016844.64,1023.8800000000001,3.0,3,Growth-Oriented Investors,""Recommend commercial properties, portfolio diversification opportunities, rental yield analysis, and investment seminars."",Low Investment"
"C1137,40,F,USA,Nevada,Individual,Home,Yes,Agency,3,1114902.43,1140.1733333333334,4.0,3,Growth-Oriented Investors,""Recommend commercial properties, portfolio diversification opportunities, rental yield analysis, and investment seminars."",Medium Investment"
"C1138,62,M,USA,Oregon,Individual,Home,No,Website,3,840602.9199999999,952.0733333333334,1.0,3,Growth-Oriented Investors,""Recommend commercial properties, portfolio diversification opportunities, rental yield analysis, and investment seminars."",Low Investment"
"C1139,30,F,USA,California,Individual,Home,Yes,Client,3,1297382.59,1439.256666666667,4.0,3,Growth-Oriented Investors,""Recommend commercial properties, portfolio diversification opportunities, rental yield analysis, and investment seminars."",Medium Investment"
"C1140,50,M,USA,Florida,Individual,Home,Yes,Website,3,1275809.71,1277.2733333333333,1.0,2,Premium Independent Buyers,""Recommend luxury residences, VIP investment consultations, premium memberships, and exclusive project launches."",Medium Investment"
"C1141,26,F,USA,Arizona,Individual,Investment,No,Website,3,990242.33,1101.55,3.0,3,Growth-Oriented Investors,""Recommend commercial properties, portfolio diversification opportunities, rental yield analysis, and investment seminars."",Low Investment"
"C1142,78,F,USA,Colorado,Individual,Home,Yes,Agency,4,1492680.13,1222.37,2.0,3,Growth-Oriented Investors,""Recommend commercial properties, portfolio diversification opportunities, rental yield analysis, and investment seminars."",High Investment"
"C1143,32,M,USA,Arizona,Individual,Home,Yes,Website,3,1108329.67,1343.8166666666666,2.0,3,Growth-Oriented Investors,""Recommend commercial properties, portfolio diversification opportunities, rental yield analysis, and investment seminars."",Medium Investment"
"C1144,48,F,USA,Georgia,Individual,Investment,No,Client,4,1244666.12,1027.0725,4.0,3,Growth-Oriented Investors,""Recommend commercial properties, portfolio diversification opportunities, rental yield analysis, and investment seminars."",Medium Investment"
"C1145,33,M,USA,Nevada,Individual,Home,No,Website,3,1118850.31,1267.4066666666668,5.0,3,Growth-Oriented Investors,""Recommend commercial properties, portfolio diversification opportunities, rental yield analysis, and investment seminars."",Medium Investment"
"C1146,35,M,USA,California,Individual,Investment,No,Website,3,1037824.43,1136.0866666666668,2.0,3,Growth-Oriented Investors,""Recommend commercial properties, portfolio diversification opportunities, rental yield analysis, and investment seminars."",Low Investment"
"C1147,48,F,USA,Utah,Individual,Home,No,Website,3,905314.84,1010.5300000000001,3.0,3,Growth-Oriented Investors,""Recommend commercial properties, portfolio diversification opportunities, rental yield analysis, and investment seminars."",Low Investment"
"C1148,35,M,Australia,New South Wales,Individual,Home,Yes,Agency,3,1083677.57,1221.3833333333334,1.0,1,International Diversified Buyers,""Offer mortgage assistance, virtual property tours, overseas investment support, and flexible payment options."",Low Investment"
"C1149,46,F,Russia,Tatarstan,Individual,Home,No,Agency,4,1277449.99,1053.27,3.0,1,International Diversified Buyers,""Offer mortgage assistance, virtual property tours, overseas investment support, and flexible payment options."",Medium Investment"
"C1150,34,F,USA,Nevada,Individual,Investment,No,Agency,3,1476970.3,1550.1266666666668,4.0,3,Growth-Oriented Investors,""Recommend commercial properties, portfolio diversification opportunities, rental yield analysis, and investment seminars."",High Investment"
"C1151,63,M,USA,Arizona,Individual,Investment,No,Website,4,1760000.3399999999,1350.2175,2.0,3,Growth-Oriented Investors,""Recommend commercial properties, portfolio diversification opportunities, rental yield analysis, and investment seminars."",High Investment"
"C1152,49,M,USA,Georgia,Individual,Home,No,Website,4,1654928.32,1374.585,1.0,3,Growth-Oriented Investors,""Recommend commercial properties, portfolio diversification opportunities, rental yield analysis, and investment seminars."",High Investment"
"C1153,35,M,USA,California,Individual,Home,No,Website,3,1007630.0,1170.3533333333332,1.0,3,Growth-Oriented Investors,""Recommend commercial properties, portfolio diversification opportunities, rental yield analysis, and investment seminars."",Low Investment"
"C1154,70,M,USA,Utah,Individual,Home,Yes,Agency,4,1373889.96,1135.325,5.0,3,Growth-Oriented Investors,""Recommend commercial properties, portfolio diversification opportunities, rental yield analysis, and investment seminars."",High Investment"
"C1155,49,M,USA,California,Individual,Home,No,Website,3,1577625.0,1679.1066666666666,5.0,3,Growth-Oriented Investors,""Recommend commercial properties, portfolio diversification opportunities, rental yield analysis, and investment seminars."",High Investment"
"C1156,70,F,USA,Virginia,Individual,Home,No,Agency,3,859956.66,1008.13,4.0,3,Growth-Oriented Investors,""Recommend commercial properties, portfolio diversification opportunities, rental yield analysis, and investment seminars."",Low Investment"
"C1157,82,M,Canada,Alberta,Individual,Investment,No,Website,4,894080.38,716.4525,2.0,1,International Diversified Buyers,""Offer mortgage assistance, virtual property tours, overseas investment support, and flexible payment options."",Low Investment"
"C1158,71,F,USA,California,Individual,Investment,No,Website,3,941360.29,972.0533333333333,2.0,3,Growth-Oriented Investors,""Recommend commercial properties, portfolio diversification opportunities, rental yield analysis, and investment seminars."",Low Investment"
"C1159,86,M,USA,Nevada,Individual,Investment,Yes,Website,3,1170550.92,1175.6833333333334,1.0,3,Growth-Oriented Investors,""Recommend commercial properties, portfolio diversification opportunities, rental yield analysis, and investment seminars."",Medium Investment"
"C1160,46,M,USA,Florida,Individual,Home,Yes,Website,4,1359425.8599999999,1101.9875,2.0,2,Premium Independent Buyers,""Recommend luxury residences, VIP investment consultations, premium memberships, and exclusive project launches."",Medium Investment"
"C1161,32,M,Canada,Alberta,Individual,Investment,Yes,Website,4,2022416.31,1486.3274999999999,3.0,1,International Diversified Buyers,""Offer mortgage assistance, virtual property tours, overseas investment support, and flexible payment options."",High Investment"
"C1162,64,M,USA,California,Individual,Investment,No,Website,4,1116223.63,872.6800000000001,2.0,3,Growth-Oriented Investors,""Recommend commercial properties, portfolio diversification opportunities, rental yield analysis, and investment seminars."",Medium Investment"
"C1163,28,M,USA,California,Individual,Home,Yes,Website,4,1202709.18,1059.8375,3.0,3,Growth-Oriented Investors,""Recommend commercial properties, portfolio diversification opportunities, rental yield analysis, and investment seminars."",Medium Investment"
"C1164,58,F,Belgium,Wallonia,Individual,Home,Yes,Agency,4,1315287.03,1169.615,3.0,3,Growth-Oriented Investors,""Recommend commercial properties, portfolio diversification opportunities, rental yield analysis, and investment seminars."",Medium Investment"
"C1165,32,F,Russia,Moscow Oblast,Individual,Home,No,Website,3,970705.3999999999,1079.9266666666665,1.0,1,International Diversified Buyers,""Offer mortgage assistance, virtual property tours, overseas investment support, and flexible payment options."",Low Investment"
"C1166,35,M,USA,New York,Individual,Investment,No,Website,4,1163601.79,939.4875,1.0,0,Stable Home Buyers,""Recommend residential apartments, family villas, loyalty rewards, and simplified online booking services."",Medium Investment"
"C1167,59,M,UK,Scotland,Individual,Home,No,Website,3,1163104.83,1193.7733333333333,3.0,1,International Diversified Buyers,""Offer mortgage assistance, virtual property tours, overseas investment support, and flexible payment options."",Medium Investment"
"C1168,28,F,Germany,Hamburg,Individual,Home,Yes,Agency,4,1081069.19,901.245,2.0,1,International Diversified Buyers,""Offer mortgage assistance, virtual property tours, overseas investment support, and flexible payment options."",Low Investment"
"C1169,32,M,Russia,Saint Petersburg,Individual,Home,Yes,Agency,4,900300.22,832.615,5.0,1,International Diversified Buyers,""Offer mortgage assistance, virtual property tours, overseas investment support, and flexible payment options."",Low Investment"
"C1170,36,F,USA,Nevada,Individual,Home,Yes,Website,4,1165955.62,1009.9325,1.0,3,Growth-Oriented Investors,""Recommend commercial properties, portfolio diversification opportunities, rental yield analysis, and investment seminars."",Medium Investment"
"C1171,42,F,USA,California,Individual,Investment,Yes,Website,4,1561809.25,1276.9875,4.0,3,Growth-Oriented Investors,""Recommend commercial properties, portfolio diversification opportunities, rental yield analysis, and investment seminars."",High Investment"
"C1172,84,F,USA,Nevada,Individual,Home,No,Website,4,1240274.79,990.4475,5.0,3,Growth-Oriented Investors,""Recommend commercial properties, portfolio diversification opportunities, rental yield analysis, and investment seminars."",Medium Investment"
"C1173,42,F,Canada,Manitoba,Individual,Investment,No,Website,4,1261072.17,1014.9825,1.0,1,International Diversified Buyers,""Offer mortgage assistance, virtual property tours, overseas investment support, and flexible payment options."",Medium Investment"
"C1174,44,M,USA,Nevada,Individual,Home,No,Agency,4,1414798.99,1244.8049999999998,2.0,3,Growth-Oriented Investors,""Recommend commercial properties, portfolio diversification opportunities, rental yield analysis, and investment seminars."",High Investment"
"C1175,67,F,USA,California,Individual,Home,No,Website,4,1766232.62,1449.3775,2.0,3,Growth-Oriented Investors,""Recommend commercial properties, portfolio diversification opportunities, rental yield analysis, and investment seminars."",High Investment"
"C1176,51,F,USA,California,Individual,Investment,Yes,Agency,3,1003328.89,1170.3533333333332,4.0,3,Growth-Oriented Investors,""Recommend commercial properties, portfolio diversification opportunities, rental yield analysis, and investment seminars."",Low Investment"
"C1177,28,M,USA,California,Individual,Investment,No,Agency,4,1047224.2699999999,816.1600000000001,2.0,3,Growth-Oriented Investors,""Recommend commercial properties, portfolio diversification opportunities, rental yield analysis, and investment seminars."",Low Investment"
"C1178,76,F,USA,California,Individual,Home,No,Agency,3,744651.07,801.46,1.0,3,Growth-Oriented Investors,""Recommend commercial properties, portfolio diversification opportunities, rental yield analysis, and investment seminars."",Low Investment"
"C1179,35,F,USA,California,Individual,Home,No,Agency,3,848152.02,1045.8666666666668,4.0,3,Growth-Oriented Investors,""Recommend commercial properties, portfolio diversification opportunities, rental yield analysis, and investment seminars."",Low Investment"
"C1180,31,F,Belgium,Brussels,Individual,Home,Yes,Website,4,1111089.24,1050.5725,2.0,3,Growth-Oriented Investors,""Recommend commercial properties, portfolio diversification opportunities, rental yield analysis, and investment seminars."",Medium Investment"
"C1181,70,F,USA,Nevada,Individual,Investment,No,Website,3,743723.3099999999,939.3299999999999,5.0,3,Growth-Oriented Investors,""Recommend commercial properties, portfolio diversification opportunities, rental yield analysis, and investment seminars."",Low Investment"
"C1182,65,M,Germany,Bavaria,Individual,Investment,Yes,Website,4,1522183.38,1269.065,3.0,1,International Diversified Buyers,""Offer mortgage assistance, virtual property tours, overseas investment support, and flexible payment options."",High Investment"
"C1183,33,M,USA,Arizona,Individual,Investment,No,Website,4,1364593.88,1088.3825,1.0,3,Growth-Oriented Investors,""Recommend commercial properties, portfolio diversification opportunities, rental yield analysis, and investment seminars."",High Investment"
"C1184,73,M,France,Ile-de-France,Individual,Home,No,Website,3,500255.63,624.2366666666667,2.0,1,International Diversified Buyers,""Offer mortgage assistance, virtual property tours, overseas investment support, and flexible payment options."",Low Investment"
"C1185,26,M,USA,California,Individual,Home,No,Website,4,1218570.99,1029.9125,3.0,3,Growth-Oriented Investors,""Recommend commercial properties, portfolio diversification opportunities, rental yield analysis, and investment seminars."",Medium Investment"
"C1186,48,F,USA,Nevada,Individual,Home,Yes,Website,3,1141153.96,1221.6766666666665,3.0,3,Growth-Oriented Investors,""Recommend commercial properties, portfolio diversification opportunities, rental yield analysis, and investment seminars."",Medium Investment"
"C1187,64,F,USA,Nevada,Individual,Home,No,Website,3,1097539.23,1092.5066666666667,4.0,3,Growth-Oriented Investors,""Recommend commercial properties, portfolio diversification opportunities, rental yield analysis, and investment seminars."",Medium Investment"
"C1188,31,M,Canada,Alberta,Individual,Home,No,Client,4,1437535.25,1190.4075,1.0,1,International Diversified Buyers,""Offer mortgage assistance, virtual property tours, overseas investment support, and flexible payment options."",High Investment"
"C1189,63,M,USA,Florida,Individual,Home,Yes,Client,4,1180295.09,989.2175,2.0,2,Premium Independent Buyers,""Recommend luxury residences, VIP investment consultations, premium memberships, and exclusive project launches."",Medium Investment"
"C1190,80,F,USA,Texas,Individual,Home,No,Client,4,1358669.02,1115.61,4.0,3,Growth-Oriented Investors,""Recommend commercial properties, portfolio diversification opportunities, rental yield analysis, and investment seminars."",Medium Investment"
"C1191,76,F,USA,California,Individual,Investment,No,Website,3,1095538.81,1357.1933333333334,3.0,3,Growth-Oriented Investors,""Recommend commercial properties, portfolio diversification opportunities, rental yield analysis, and investment seminars."",Medium Investment"
"C1192,26,M,USA,Florida,Individual,Home,No,Website,4,1111237.94,941.135,5.0,2,Premium Independent Buyers,""Recommend luxury residences, VIP investment consultations, premium memberships, and exclusive project launches."",Medium Investment"
"C1193,51,F,UK,England,Individual,Home,No,Website,4,946796.24,716.4525,1.0,1,International Diversified Buyers,""Offer mortgage assistance, virtual property tours, overseas investment support, and flexible payment options."",Low Investment"
"C1194,83,F,USA,Colorado,Individual,Home,No,Website,3,1084957.53,1263.8633333333335,1.0,3,Growth-Oriented Investors,""Recommend commercial properties, portfolio diversification opportunities, rental yield analysis, and investment seminars."",Low Investment"
"C1195,36,F,USA,California,Individual,Home,Yes,Agency,4,1118238.91,910.925,4.0,3,Growth-Oriented Investors,""Recommend commercial properties, portfolio diversification opportunities, rental yield analysis, and investment seminars."",Medium Investment"
"C1196,71,M,USA,Nevada,Individual,Home,No,Agency,4,1731153.76,1356.32,2.0,3,Growth-Oriented Investors,""Recommend commercial properties, portfolio diversification opportunities, rental yield analysis, and investment seminars."",High Investment"
"C1197,67,F,USA,Arizona,Individual,Home,No,Website,3,1439595.57,1471.4466666666667,4.0,3,Growth-Oriented Investors,""Recommend commercial properties, portfolio diversification opportunities, rental yield analysis, and investment seminars."",High Investment"
"C1198,66,F,USA,New York,Individual,Home,No,Agency,3,1415391.5899999999,1493.243333333333,1.0,0,Stable Home Buyers,""Recommend residential apartments, family villas, loyalty rewards, and simplified online booking services."",High Investment"
"C1199,83,M,USA,Colorado,Individual,Home,No,Website,4,1013002.89,910.2925,2.0,3,Growth-Oriented Investors,""Recommend commercial properties, portfolio diversification opportunities, rental yield analysis, and investment seminars."",Low Investment"
"C1200,57,M,USA,Utah,Individual,Home,No,Agency,4,1789601.3299999998,1422.9925,4.0,3,Growth-Oriented Investors,""Recommend commercial properties, portfolio diversification opportunities, rental yield analysis, and investment seminars."",High Investment"
"C1201,26,M,USA,Oregon,Individual,Investment,Yes,Website,4,1063833.91,896.2525,1.0,3,Growth-Oriented Investors,""Recommend commercial properties, portfolio diversification opportunities, rental yield analysis, and investment seminars."",Low Investment"
"C1202,41,M,Canada,Quebec,Company,Investment,Yes,Website,4,1527115.1600000001,1263.775,5.0,1,International Diversified Buyers,""Offer mortgage assistance, virtual property tours, overseas investment support, and flexible payment options."",High Investment"
"C1203,64,F,USA,Arizona,Individual,Home,Yes,Website,3,1083378.55,1329.57,2.0,3,Growth-Oriented Investors,""Recommend commercial properties, portfolio diversification opportunities, rental yield analysis, and investment seminars."",Low Investment"
"C1204,34,M,Mexico,Puebla,Individual,Investment,Yes,Website,3,1231356.24,1280.28,2.0,1,International Diversified Buyers,""Offer mortgage assistance, virtual property tours, overseas investment support, and flexible payment options."",Medium Investment"
"C1205,67,M,Belgium,Flanders,Individual,Home,No,Website,3,968123.38,1076.69,4.0,3,Growth-Oriented Investors,""Recommend commercial properties, portfolio diversification opportunities, rental yield analysis, and investment seminars."",Low Investment"
"C1206,69,F,USA,California,Individual,Investment,No,Website,3,941726.19,1140.3999999999999,5.0,3,Growth-Oriented Investors,""Recommend commercial properties, portfolio diversification opportunities, rental yield analysis, and investment seminars."",Low Investment"
"C1207,53,F,USA,Texas,Individual,Home,Yes,Agency,4,1084392.98,1010.095,5.0,3,Growth-Oriented Investors,""Recommend commercial properties, portfolio diversification opportunities, rental yield analysis, and investment seminars."",Low Investment"
"C1208,49,M,USA,Colorado,Individual,Home,No,Website,3,1277019.82,1477.03,1.0,3,Growth-Oriented Investors,""Recommend commercial properties, portfolio diversification opportunities, rental yield analysis, and investment seminars."",Medium Investment"
"C1209,48,F,USA,California,Individual,Home,Yes,Website,4,1201633.01,1123.3175,4.0,3,Growth-Oriented Investors,""Recommend commercial properties, portfolio diversification opportunities, rental yield analysis, and investment seminars."",Medium Investment"
"C1210,35,M,USA,California,Individual,Investment,No,Website,4,1146800.83,897.47,1.0,3,Growth-Oriented Investors,""Recommend commercial properties, portfolio diversification opportunities, rental yield analysis, and investment seminars."",Medium Investment"
"C1211,30,F,Canada,British Columbia,Individual,Home,Yes,Website,4,1447927.02,1167.105,5.0,1,International Diversified Buyers,""Offer mortgage assistance, virtual property tours, overseas investment support, and flexible payment options."",High Investment"
"C1212,69,M,USA,California,Individual,Home,No,Agency,4,1052290.76,904.0100000000001,1.0,3,Growth-Oriented Investors,""Recommend commercial properties, portfolio diversification opportunities, rental yield analysis, and investment seminars."",Low Investment"
"C1213,33,F,Canada,Manitoba,Individual,Home,No,Website,3,829461.56,899.9899999999999,5.0,1,International Diversified Buyers,""Offer mortgage assistance, virtual property tours, overseas investment support, and flexible payment options."",Low Investment"
"C1214,26,F,USA,Florida,Individual,Home,No,Agency,4,1725018.4100000001,1446.1125,1.0,2,Premium Independent Buyers,""Recommend luxury residences, VIP investment consultations, premium memberships, and exclusive project launches."",High Investment"
"C1215,32,M,USA,California,Individual,Home,No,Website,3,1140423.3800000001,1104.51,3.0,3,Growth-Oriented Investors,""Recommend commercial properties, portfolio diversification opportunities, rental yield analysis, and investment seminars."",Medium Investment"
"C1216,29,F,France,Normandy,Individual,Home,No,Website,3,1191384.37,1464.8466666666666,4.0,1,International Diversified Buyers,""Offer mortgage assistance, virtual property tours, overseas investment support, and flexible payment options."",Medium Investment"
"C1217,29,M,USA,California,Individual,Investment,Yes,Website,3,1007204.78,1186.4366666666667,4.0,3,Growth-Oriented Investors,""Recommend commercial properties, portfolio diversification opportunities, rental yield analysis, and investment seminars."",Low Investment"
"C1218,85,F,USA,California,Individual,Home,Yes,Website,4,1308613.5699999998,1121.525,1.0,3,Growth-Oriented Investors,""Recommend commercial properties, portfolio diversification opportunities, rental yield analysis, and investment seminars."",Medium Investment"
"C1219,43,F,USA,Arizona,Individual,Home,Yes,Website,3,867409.27,1074.6233333333332,1.0,3,Growth-Oriented Investors,""Recommend commercial properties, portfolio diversification opportunities, rental yield analysis, and investment seminars."",Low Investment"
"C1220,59,F,USA,Colorado,Individual,Investment,Yes,Website,4,1471199.75,1254.045,4.0,3,Growth-Oriented Investors,""Recommend commercial properties, portfolio diversification opportunities, rental yield analysis, and investment seminars."",High Investment"
"C1221,42,F,USA,Nevada,Individual,Investment,No,Agency,3,1354868.93,1565.3233333333335,2.0,3,Growth-Oriented Investors,""Recommend commercial properties, portfolio diversification opportunities, rental yield analysis, and investment seminars."",Medium Investment"
"C1222,57,M,USA,Utah,Individual,Home,No,Website,3,1319349.8599999999,1362.3833333333334,4.0,3,Growth-Oriented Investors,""Recommend commercial properties, portfolio diversification opportunities, rental yield analysis, and investment seminars."",Medium Investment"
"C1223,74,F,USA,Washington,Individual,Home,No,Website,3,1072582.78,1369.7300000000002,4.0,3,Growth-Oriented Investors,""Recommend commercial properties, portfolio diversification opportunities, rental yield analysis, and investment seminars."",Low Investment"
"C1224,84,M,USA,New York,Individual,Investment,Yes,Client,3,827238.27,964.2666666666665,5.0,0,Stable Home Buyers,""Recommend residential apartments, family villas, loyalty rewards, and simplified online booking services."",Low Investment"
"C1225,36,M,USA,Oregon,Individual,Home,No,Website,3,1122587.7,1168.3366666666668,2.0,3,Growth-Oriented Investors,""Recommend commercial properties, portfolio diversification opportunities, rental yield analysis, and investment seminars."",Medium Investment"
"C1226,37,M,USA,Utah,Individual,Home,No,Website,3,972596.1300000001,1082.8966666666668,4.0,3,Growth-Oriented Investors,""Recommend commercial properties, portfolio diversification opportunities, rental yield analysis, and investment seminars."",Low Investment"
"C1227,39,M,USA,Colorado,Individual,Home,Yes,Agency,4,2151534.73,1676.3825,3.0,3,Growth-Oriented Investors,""Recommend commercial properties, portfolio diversification opportunities, rental yield analysis, and investment seminars."",High Investment"
"C1228,72,M,USA,California,Individual,Home,No,Website,3,1058718.77,1124.5,2.0,3,Growth-Oriented Investors,""Recommend commercial properties, portfolio diversification opportunities, rental yield analysis, and investment seminars."",Low Investment"
"C1229,32,F,UK,Scotland,Individual,Home,Yes,Website,3,1185126.78,1303.4733333333334,1.0,1,International Diversified Buyers,""Offer mortgage assistance, virtual property tours, overseas investment support, and flexible payment options."",Medium Investment"
"C1230,41,M,USA,California,Individual,Home,No,Client,3,759973.15,801.46,5.0,3,Growth-Oriented Investors,""Recommend commercial properties, portfolio diversification opportunities, rental yield analysis, and investment seminars."",Low Investment"
"C1231,72,F,USA,California,Individual,Home,No,Agency,3,859705.1699999999,922.6666666666666,2.0,3,Growth-Oriented Investors,""Recommend commercial properties, portfolio diversification opportunities, rental yield analysis, and investment seminars."",Low Investment"
"C1232,37,F,Canada,British Columbia,Individual,Home,No,Website,4,1527373.03,1173.8125,3.0,1,International Diversified Buyers,""Offer mortgage assistance, virtual property tours, overseas investment support, and flexible payment options."",High Investment"
"C1233,47,M,USA,Utah,Individual,Home,No,Website,3,936287.8,1078.7866666666666,4.0,3,Growth-Oriented Investors,""Recommend commercial properties, portfolio diversification opportunities, rental yield analysis, and investment seminars."",Low Investment"
"C1234,69,F,USA,Colorado,Individual,Investment,No,Website,4,1463190.28,1278.045,1.0,3,Growth-Oriented Investors,""Recommend commercial properties, portfolio diversification opportunities, rental yield analysis, and investment seminars."",High Investment"
"C1235,69,M,USA,Arizona,Individual,Home,No,Website,4,1271344.1099999999,1025.3225,2.0,3,Growth-Oriented Investors,""Recommend commercial properties, portfolio diversification opportunities, rental yield analysis, and investment seminars."",Medium Investment"
"C1236,54,M,USA,Arizona,Individual,Home,Yes,Website,4,1747766.02,1415.4825,4.0,3,Growth-Oriented Investors,""Recommend commercial properties, portfolio diversification opportunities, rental yield analysis, and investment seminars."",High Investment"
"C1237,83,F,UK,Wales,Individual,Investment,Yes,Website,3,688233.74,775.5666666666666,4.0,1,International Diversified Buyers,""Offer mortgage assistance, virtual property tours, overseas investment support, and flexible payment options."",Low Investment"
"C1238,80,M,USA,Nevada,Individual,Home,Yes,Agency,4,1648873.57,1343.6575,1.0,3,Growth-Oriented Investors,""Recommend commercial properties, portfolio diversification opportunities, rental yield analysis, and investment seminars."",High Investment"
"C1239,73,F,USA,Oregon,Individual,Home,No,Agency,4,1457041.08,1114.2125,3.0,3,Growth-Oriented Investors,""Recommend commercial properties, portfolio diversification opportunities, rental yield analysis, and investment seminars."",High Investment"
"C1240,42,F,USA,Nevada,Individual,Investment,Yes,Website,3,1018594.4400000001,1104.51,4.0,3,Growth-Oriented Investors,""Recommend commercial properties, portfolio diversification opportunities, rental yield analysis, and investment seminars."",Low Investment"
"C1241,53,F,USA,California,Individual,Home,No,Agency,4,1157084.5899999999,948.835,1.0,3,Growth-Oriented Investors,""Recommend commercial properties, portfolio diversification opportunities, rental yield analysis, and investment seminars."",Medium Investment"
"C1242,65,M,USA,California,Individual,Home,Yes,Website,3,1055842.78,1138.4233333333334,3.0,3,Growth-Oriented Investors,""Recommend commercial properties, portfolio diversification opportunities, rental yield analysis, and investment seminars."",Low Investment"
"C1243,78,M,USA,Colorado,Individual,Home,No,Website,4,1419502.04,1246.6175,1.0,3,Growth-Oriented Investors,""Recommend commercial properties, portfolio diversification opportunities, rental yield analysis, and investment seminars."",High Investment"
"C1244,34,M,USA,Utah,Individual,Investment,Yes,Website,3,1438309.93,1513.17,5.0,3,Growth-Oriented Investors,""Recommend commercial properties, portfolio diversification opportunities, rental yield analysis, and investment seminars."",High Investment"
"C1245,63,M,USA,California,Individual,Home,Yes,Agency,3,1422519.51,1529.4633333333334,3.0,3,Growth-Oriented Investors,""Recommend commercial properties, portfolio diversification opportunities, rental yield analysis, and investment seminars."",High Investment"
"C1246,83,F,Canada,Alberta,Individual,Home,No,Agency,3,859984.47,980.8699999999999,2.0,1,International Diversified Buyers,""Offer mortgage assistance, virtual property tours, overseas investment support, and flexible payment options."",Low Investment"
"C1247,69,F,USA,Nevada,Individual,Investment,No,Website,4,1774416.3199999998,1489.73,2.0,3,Growth-Oriented Investors,""Recommend commercial properties, portfolio diversification opportunities, rental yield analysis, and investment seminars."",High Investment"
"C1248,50,F,USA,Arizona,Individual,Home,No,Agency,3,786895.89,899.62,3.0,3,Growth-Oriented Investors,""Recommend commercial properties, portfolio diversification opportunities, rental yield analysis, and investment seminars."",Low Investment"
"C1249,55,F,USA,California,Individual,Investment,No,Website,4,1289938.6400000001,1146.0149999999999,1.0,3,Growth-Oriented Investors,""Recommend commercial properties, portfolio diversification opportunities, rental yield analysis, and investment seminars."",Medium Investment"
"C1250,76,M,USA,Nevada,Individual,Home,No,Agency,3,1582661.61,1674.54,5.0,3,Growth-Oriented Investors,""Recommend commercial properties, portfolio diversification opportunities, rental yield analysis, and investment seminars."",High Investment"
"C1251,51,M,USA,Texas,Individual,Investment,No,Website,4,1246714.37,967.0,5.0,3,Growth-Oriented Investors,""Recommend commercial properties, portfolio diversification opportunities, rental yield analysis, and investment seminars."",Medium Investment"
"C1252,64,F,USA,Arizona,Individual,Home,Yes,Website,3,1137673.55,1221.6766666666665,3.0,3,Growth-Oriented Investors,""Recommend commercial properties, portfolio diversification opportunities, rental yield analysis, and investment seminars."",Medium Investment"
"C1253,35,M,USA,California,Individual,Home,No,Agency,3,767162.2200000001,814.3533333333334,2.0,3,Growth-Oriented Investors,""Recommend commercial properties, portfolio diversification opportunities, rental yield analysis, and investment seminars."",Low Investment"
"C1254,70,M,USA,California,Individual,Home,Yes,Agency,4,1604050.8800000001,1279.9,5.0,3,Growth-Oriented Investors,""Recommend commercial properties, portfolio diversification opportunities, rental yield analysis, and investment seminars."",High Investment"
"C1255,27,M,USA,California,Individual,Home,No,Agency,4,1105130.19,942.035,3.0,3,Growth-Oriented Investors,""Recommend commercial properties, portfolio diversification opportunities, rental yield analysis, and investment seminars."",Medium Investment"
"C1256,54,F,USA,California,Company,Investment,No,Agency,3,1227293.02,1357.1933333333334,4.0,3,Growth-Oriented Investors,""Recommend commercial properties, portfolio diversification opportunities, rental yield analysis, and investment seminars."",Medium Investment"
"C1257,35,M,USA,California,Individual,Home,Yes,Agency,3,850550.13,893.3766666666667,5.0,3,Growth-Oriented Investors,""Recommend commercial properties, portfolio diversification opportunities, rental yield analysis, and investment seminars."",Low Investment"
"C1258,57,F,USA,Nevada,Individual,Home,No,Website,4,1015636.19,821.355,1.0,3,Growth-Oriented Investors,""Recommend commercial properties, portfolio diversification opportunities, rental yield analysis, and investment seminars."",Low Investment"
"C1259,55,M,USA,California,Individual,Investment,Yes,Agency,4,1256766.51,1004.1575,3.0,3,Growth-Oriented Investors,""Recommend commercial properties, portfolio diversification opportunities, rental yield analysis, and investment seminars."",Medium Investment"
"C1260,34,F,USA,California,Individual,Home,No,Agency,4,1633449.34,1423.1725,2.0,3,Growth-Oriented Investors,""Recommend commercial properties, portfolio diversification opportunities, rental yield analysis, and investment seminars."",High Investment"
"C1261,50,M,USA,Utah,Individual,Home,No,Client,3,1491163.72,1504.28,3.0,3,Growth-Oriented Investors,""Recommend commercial properties, portfolio diversification opportunities, rental yield analysis, and investment seminars."",High Investment"
"C1262,76,F,USA,California,Individual,Investment,No,Agency,3,961425.37,1077.3233333333335,4.0,3,Growth-Oriented Investors,""Recommend commercial properties, portfolio diversification opportunities, rental yield analysis, and investment seminars."",Low Investment"
"C1263,75,M,USA,California,Individual,Investment,No,Agency,4,1975384.2000000002,1602.67,3.0,3,Growth-Oriented Investors,""Recommend commercial properties, portfolio diversification opportunities, rental yield analysis, and investment seminars."",High Investment"
"C1264,27,F,USA,California,Individual,Investment,No,Agency,3,1287173.46,1452.2633333333333,1.0,3,Growth-Oriented Investors,""Recommend commercial properties, portfolio diversification opportunities, rental yield analysis, and investment seminars."",Medium Investment"
"C1265,83,M,USA,Washington,Individual,Home,Yes,Agency,3,1070432.96,1325.71,1.0,3,Growth-Oriented Investors,""Recommend commercial properties, portfolio diversification opportunities, rental yield analysis, and investment seminars."",Low Investment"
"C1266,74,M,UK,England,Individual,Home,No,Website,4,1204291.73,1101.9875,2.0,1,International Diversified Buyers,""Offer mortgage assistance, virtual property tours, overseas investment support, and flexible payment options."",Medium Investment"
"C1267,61,F,USA,Colorado,Individual,Home,Yes,Website,3,1399933.8800000001,1529.4633333333334,3.0,3,Growth-Oriented Investors,""Recommend commercial properties, portfolio diversification opportunities, rental yield analysis, and investment seminars."",High Investment"
"C1268,31,F,UK,Northern Ireland,Individual,Investment,Yes,Website,3,968928.25,1003.3133333333334,1.0,1,International Diversified Buyers,""Offer mortgage assistance, virtual property tours, overseas investment support, and flexible payment options."",Low Investment"
"C1269,62,M,USA,California,Individual,Home,No,Website,3,1046535.0,1169.0466666666669,5.0,3,Growth-Oriented Investors,""Recommend commercial properties, portfolio diversification opportunities, rental yield analysis, and investment seminars."",Low Investment"
"C1270,48,F,USA,Texas,Individual,Home,No,Agency,3,1310435.53,1465.92,4.0,3,Growth-Oriented Investors,""Recommend commercial properties, portfolio diversification opportunities, rental yield analysis, and investment seminars."",Medium Investment"
"C1271,34,M,USA,California,Individual,Home,Yes,Agency,4,1296911.85,1040.5175,2.0,3,Growth-Oriented Investors,""Recommend commercial properties, portfolio diversification opportunities, rental yield analysis, and investment seminars."",Medium Investment"
"C1272,85,M,France,Occitanie,Individual,Home,Yes,Website,3,778830.7999999999,899.62,1.0,1,International Diversified Buyers,""Offer mortgage assistance, virtual property tours, overseas investment support, and flexible payment options."",Low Investment"
"C1273,58,M,Canada,Alberta,Individual,Home,No,Website,3,1462080.32,1592.1233333333332,5.0,1,International Diversified Buyers,""Offer mortgage assistance, virtual property tours, overseas investment support, and flexible payment options."",High Investment"
"C1274,47,F,USA,California,Individual,Investment,Yes,Website,3,1038831.8500000001,1193.7733333333333,1.0,3,Growth-Oriented Investors,""Recommend commercial properties, portfolio diversification opportunities, rental yield analysis, and investment seminars."",Low Investment"
"C1275,57,F,USA,Georgia,Individual,Investment,No,Website,4,1737593.0,1312.8225,1.0,3,Growth-Oriented Investors,""Recommend commercial properties, portfolio diversification opportunities, rental yield analysis, and investment seminars."",High Investment"
"C1276,86,M,Australia,Victoria,Individual,Home,Yes,Agency,3,1635917.97,1754.9366666666667,1.0,1,International Diversified Buyers,""Offer mortgage assistance, virtual property tours, overseas investment support, and flexible payment options."",High Investment"
"C1277,45,F,USA,California,Individual,Investment,No,Agency,3,1270250.68,1267.4066666666668,2.0,3,Growth-Oriented Investors,""Recommend commercial properties, portfolio diversification opportunities, rental yield analysis, and investment seminars."",Medium Investment"
"C1278,29,M,USA,Utah,Individual,Home,No,Website,3,685587.81,791.0400000000001,4.0,3,Growth-Oriented Investors,""Recommend commercial properties, portfolio diversification opportunities, rental yield analysis, and investment seminars."",Low Investment"
"C1279,83,M,USA,California,Individual,Home,Yes,Website,3,1278123.59,1366.5633333333335,4.0,3,Growth-Oriented Investors,""Recommend commercial properties, portfolio diversification opportunities, rental yield analysis, and investment seminars."",Medium Investment"
"C1280,73,M,USA,Texas,Individual,Home,Yes,Website,3,1295836.68,1445.2933333333333,2.0,3,Growth-Oriented Investors,""Recommend commercial properties, portfolio diversification opportunities, rental yield analysis, and investment seminars."",Medium Investment"
"C1281,28,F,Canada,Manitoba,Individual,Investment,Yes,Website,3,889312.14,899.9899999999999,2.0,1,International Diversified Buyers,""Offer mortgage assistance, virtual property tours, overseas investment support, and flexible payment options."",Low Investment"
"C1282,30,F,USA,Colorado,Individual,Investment,Yes,Agency,4,1302998.6,1155.47,3.0,3,Growth-Oriented Investors,""Recommend commercial properties, portfolio diversification opportunities, rental yield analysis, and investment seminars."",Medium Investment"
"C1283,81,F,USA,New York,Individual,Home,No,Agency,4,1479050.94,1185.59,3.0,0,Stable Home Buyers,""Recommend residential apartments, family villas, loyalty rewards, and simplified online booking services."",High Investment"
"C1284,71,M,USA,California,Individual,Home,No,Website,4,1443865.51,1111.6475,2.0,3,Growth-Oriented Investors,""Recommend commercial properties, portfolio diversification opportunities, rental yield analysis, and investment seminars."",High Investment"
"C1285,72,M,USA,Utah,Individual,Home,Yes,Website,3,1609592.58,1680.5266666666666,4.0,3,Growth-Oriented Investors,""Recommend commercial properties, portfolio diversification opportunities, rental yield analysis, and investment seminars."",High Investment"
"C1286,63,M,USA,California,Individual,Home,No,Agency,3,1203306.91,1192.5933333333332,5.0,3,Growth-Oriented Investors,""Recommend commercial properties, portfolio diversification opportunities, rental yield analysis, and investment seminars."",Medium Investment"
"C1287,28,F,USA,California,Individual,Investment,No,Website,3,843581.37,901.6266666666667,4.0,3,Growth-Oriented Investors,""Recommend commercial properties, portfolio diversification opportunities, rental yield analysis, and investment seminars."",Low Investment"
"C1288,85,M,Belgium,Wallonia,Individual,Home,No,Agency,3,971136.6900000001,1155.4633333333334,3.0,3,Growth-Oriented Investors,""Recommend commercial properties, portfolio diversification opportunities, rental yield analysis, and investment seminars."",Low Investment"
"C1289,53,M,Mexico,Jalisco,Individual,Investment,Yes,Agency,4,1076161.8599999999,854.58,1.0,1,International Diversified Buyers,""Offer mortgage assistance, virtual property tours, overseas investment support, and flexible payment options."",Low Investment"
"C1290,53,F,USA,Washington,Individual,Home,Yes,Website,4,1332432.9100000001,1195.1875,3.0,3,Growth-Oriented Investors,""Recommend commercial properties, portfolio diversification opportunities, rental yield analysis, and investment seminars."",Medium Investment"
"C1291,43,M,USA,California,Individual,Investment,Yes,Website,3,1123403.46,1240.6066666666666,5.0,3,Growth-Oriented Investors,""Recommend commercial properties, portfolio diversification opportunities, rental yield analysis, and investment seminars."",Medium Investment"
"C1292,49,M,USA,Texas,Individual,Investment,Yes,Website,4,1099365.94,1000.415,5.0,3,Growth-Oriented Investors,""Recommend commercial properties, portfolio diversification opportunities, rental yield analysis, and investment seminars."",Medium Investment"
"C1293,54,F,USA,California,Individual,Home,No,Agency,4,1853570.08,1552.15,1.0,3,Growth-Oriented Investors,""Recommend commercial properties, portfolio diversification opportunities, rental yield analysis, and investment seminars."",High Investment"
"C1294,63,M,Canada,Ontario,Individual,Investment,Yes,Agency,3,1220533.28,1371.6133333333335,3.0,1,International Diversified Buyers,""Offer mortgage assistance, virtual property tours, overseas investment support, and flexible payment options."",Medium Investment"
"C1295,34,F,USA,California,Individual,Investment,Yes,Website,4,1478836.57,1202.2649999999999,1.0,3,Growth-Oriented Investors,""Recommend commercial properties, portfolio diversification opportunities, rental yield analysis, and investment seminars."",High Investment"
"C1296,63,M,USA,Virginia,Individual,Home,No,Website,3,1025127.71,1089.46,1.0,3,Growth-Oriented Investors,""Recommend commercial properties, portfolio diversification opportunities, rental yield analysis, and investment seminars."",Low Investment"
"C1297,43,M,Germany,Berlin,Company,Home,No,Website,3,1169866.19,1267.4066666666668,5.0,1,International Diversified Buyers,""Offer mortgage assistance, virtual property tours, overseas investment support, and flexible payment options."",Medium Investment"
"C1298,58,F,USA,California,Individual,Home,No,Agency,4,1571360.11,1276.8225,2.0,3,Growth-Oriented Investors,""Recommend commercial properties, portfolio diversification opportunities, rental yield analysis, and investment seminars."",High Investment"
"C1299,82,F,USA,California,Individual,Investment,No,Website,3,1296600.42,1440.1933333333334,3.0,3,Growth-Oriented Investors,""Recommend commercial properties, portfolio diversification opportunities, rental yield analysis, and investment seminars."",Medium Investment"
"C1300,65,F,USA,California,Individual,Home,No,Website,3,1428770.88,1451.5366666666669,2.0,3,Growth-Oriented Investors,""Recommend commercial properties, portfolio diversification opportunities, rental yield analysis, and investment seminars."",High Investment"
"C1301,71,M,USA,Virginia,Individual,Home,No,Agency,3,742139.88,851.8699999999999,2.0,3,Growth-Oriented Investors,""Recommend commercial properties, portfolio diversification opportunities, rental yield analysis, and investment seminars."",Low Investment"
"C1302,30,M,USA,Arizona,Individual,Investment,No,Website,4,1709532.6,1486.3274999999999,5.0,3,Growth-Oriented Investors,""Recommend commercial properties, portfolio diversification opportunities, rental yield analysis, and investment seminars."",High Investment"
"C1303,64,M,USA,Arizona,Individual,Home,Yes,Website,3,979418.98,1106.3533333333332,3.0,3,Growth-Oriented Investors,""Recommend commercial properties, portfolio diversification opportunities, rental yield analysis, and investment seminars."",Low Investment"
"C1304,41,F,USA,California,Individual,Investment,No,Website,3,965747.81,1049.3799999999999,1.0,3,Growth-Oriented Investors,""Recommend commercial properties, portfolio diversification opportunities, rental yield analysis, and investment seminars."",Low Investment"
"C1305,48,F,USA,Georgia,Individual,Home,No,Website,4,1034190.9,853.07,4.0,3,Growth-Oriented Investors,""Recommend commercial properties, portfolio diversification opportunities, rental yield analysis, and investment seminars."",Low Investment"
"C1306,78,F,USA,Washington,Individual,Home,No,Website,3,967094.76,1090.7733333333333,5.0,3,Growth-Oriented Investors,""Recommend commercial properties, portfolio diversification opportunities, rental yield analysis, and investment seminars."",Low Investment"
"C1307,33,F,USA,Colorado,Individual,Home,No,Agency,3,920439.02,1012.96,5.0,3,Growth-Oriented Investors,""Recommend commercial properties, portfolio diversification opportunities, rental yield analysis, and investment seminars."",Low Investment"
"C1308,26,M,USA,California,Individual,Investment,No,Agency,4,1363559.13,1042.1975,5.0,3,Growth-Oriented Investors,""Recommend commercial properties, portfolio diversification opportunities, rental yield analysis, and investment seminars."",High Investment"
"C1309,27,M,USA,California,Individual,Home,No,Website,3,1460171.4100000001,1674.54,5.0,3,Growth-Oriented Investors,""Recommend commercial properties, portfolio diversification opportunities, rental yield analysis, and investment seminars."",High Investment"
"C1310,71,F,USA,New York,Individual,Home,No,Agency,4,1244334.1400000001,1077.195,5.0,0,Stable Home Buyers,""Recommend residential apartments, family villas, loyalty rewards, and simplified online booking services."",Medium Investment"
"C1311,86,M,UK,England,Individual,Home,Yes,Client,3,1352275.6400000001,1330.2166666666667,4.0,1,International Diversified Buyers,""Offer mortgage assistance, virtual property tours, overseas investment support, and flexible payment options."",Medium Investment"
"C1312,84,M,USA,New York,Individual,Home,No,Website,3,786877.06,801.46,5.0,0,Stable Home Buyers,""Recommend residential apartments, family villas, loyalty rewards, and simplified online booking services."",Low Investment"
"C1313,54,F,Australia,Western Australia,Individual,Investment,No,Website,3,997579.61,1138.4233333333334,3.0,1,International Diversified Buyers,""Offer mortgage assistance, virtual property tours, overseas investment support, and flexible payment options."",Low Investment"
"C1314,62,F,USA,Arizona,Individual,Home,No,Website,3,803329.23,1037.11,3.0,3,Growth-Oriented Investors,""Recommend commercial properties, portfolio diversification opportunities, rental yield analysis, and investment seminars."",Low Investment"
"C1315,78,M,USA,Colorado,Individual,Home,No,Agency,3,1066308.48,1136.21,3.0,3,Growth-Oriented Investors,""Recommend commercial properties, portfolio diversification opportunities, rental yield analysis, and investment seminars."",Low Investment"
"C1316,33,F,USA,Colorado,Individual,Home,Yes,Website,4,1238162.97,1052.8325,2.0,3,Growth-Oriented Investors,""Recommend commercial properties, portfolio diversification opportunities, rental yield analysis, and investment seminars."",Medium Investment"
"C1317,53,M,USA,Utah,Company,Home,Yes,Website,3,1315200.12,1460.493333333333,2.0,3,Growth-Oriented Investors,""Recommend commercial properties, portfolio diversification opportunities, rental yield analysis, and investment seminars."",Medium Investment"
"C1318,83,M,USA,Texas,Individual,Home,No,Website,4,1423923.98,1169.615,1.0,3,Growth-Oriented Investors,""Recommend commercial properties, portfolio diversification opportunities, rental yield analysis, and investment seminars."",High Investment"
"C1319,72,F,USA,Florida,Individual,Home,Yes,Client,4,1424704.13,1227.645,3.0,2,Premium Independent Buyers,""Recommend luxury residences, VIP investment consultations, premium memberships, and exclusive project launches."",High Investment"
"C1320,57,M,USA,California,Individual,Investment,No,Website,3,1077693.04,1129.1766666666665,1.0,3,Growth-Oriented Investors,""Recommend commercial properties, portfolio diversification opportunities, rental yield analysis, and investment seminars."",Low Investment"
"C1321,36,M,USA,Colorado,Individual,Investment,No,Client,3,787847.37,853.8133333333334,5.0,3,Growth-Oriented Investors,""Recommend commercial properties, portfolio diversification opportunities, rental yield analysis, and investment seminars."",Low Investment"
"C1322,32,F,USA,California,Individual,Home,No,Agency,3,1094026.3399999999,1255.1200000000001,5.0,3,Growth-Oriented Investors,""Recommend commercial properties, portfolio diversification opportunities, rental yield analysis, and investment seminars."",Medium Investment"
"C1323,63,M,USA,Utah,Individual,Home,No,Website,4,1180654.6,975.4225,3.0,3,Growth-Oriented Investors,""Recommend commercial properties, portfolio diversification opportunities, rental yield analysis, and investment seminars."",Medium Investment"
"C1324,34,M,USA,Arizona,Individual,Investment,Yes,Agency,3,1323306.51,1471.6200000000001,2.0,3,Growth-Oriented Investors,""Recommend commercial properties, portfolio diversification opportunities, rental yield analysis, and investment seminars."",Medium Investment"
"C1325,52,M,Canada,Alberta,Individual,Home,Yes,Agency,4,1380292.56,1098.1675,5.0,1,International Diversified Buyers,""Offer mortgage assistance, virtual property tours, overseas investment support, and flexible payment options."",High Investment"
"C1326,82,M,USA,Colorado,Individual,Investment,No,Website,4,1489578.01,1239.145,4.0,3,Growth-Oriented Investors,""Recommend commercial properties, portfolio diversification opportunities, rental yield analysis, and investment seminars."",High Investment"
"C1327,33,F,USA,California,Individual,Home,Yes,Website,3,664017.81,775.5666666666666,4.0,3,Growth-Oriented Investors,""Recommend commercial properties, portfolio diversification opportunities, rental yield analysis, and investment seminars."",Low Investment"
"C1328,70,F,USA,Washington,Individual,Home,No,Website,4,1337283.29,1173.8125,4.0,3,Growth-Oriented Investors,""Recommend commercial properties, portfolio diversification opportunities, rental yield analysis, and investment seminars."",Medium Investment"
"C1329,58,M,USA,California,Individual,Investment,Yes,Agency,3,1041797.56,1127.1499999999999,3.0,3,Growth-Oriented Investors,""Recommend commercial properties, portfolio diversification opportunities, rental yield analysis, and investment seminars."",Low Investment"
"C1330,51,F,USA,Colorado,Individual,Investment,No,Agency,4,835096.87,699.545,2.0,3,Growth-Oriented Investors,""Recommend commercial properties, portfolio diversification opportunities, rental yield analysis, and investment seminars."",Low Investment"
"C1331,40,F,USA,California,Individual,Investment,No,Agency,3,1047958.11,1113.29,1.0,3,Growth-Oriented Investors,""Recommend commercial properties, portfolio diversification opportunities, rental yield analysis, and investment seminars."",Low Investment"
"C1332,31,M,USA,Washington,Individual,Investment,Yes,Agency,3,1227353.63,1350.4933333333333,5.0,3,Growth-Oriented Investors,""Recommend commercial properties, portfolio diversification opportunities, rental yield analysis, and investment seminars."",Medium Investment"
"C1333,38,M,USA,Nevada,Individual,Investment,Yes,Website,4,1364310.45,1146.9925,2.0,3,Growth-Oriented Investors,""Recommend commercial properties, portfolio diversification opportunities, rental yield analysis, and investment seminars."",High Investment"
"C1334,61,F,USA,California,Individual,Home,Yes,Agency,4,1906641.78,1552.15,5.0,3,Growth-Oriented Investors,""Recommend commercial properties, portfolio diversification opportunities, rental yield analysis, and investment seminars."",High Investment"
"C1335,44,F,USA,Oregon,Individual,Investment,Yes,Website,3,1001510.5800000001,1070.1933333333334,2.0,3,Growth-Oriented Investors,""Recommend commercial properties, portfolio diversification opportunities, rental yield analysis, and investment seminars."",Low Investment"
"C1336,78,F,USA,California,Individual,Home,No,Client,4,1371591.4,1182.3725,5.0,3,Growth-Oriented Investors,""Recommend commercial properties, portfolio diversification opportunities, rental yield analysis, and investment seminars."",High Investment"
"C1337,73,F,USA,California,Individual,Investment,No,Website,4,1310989.71,1073.905,5.0,3,Growth-Oriented Investors,""Recommend commercial properties, portfolio diversification opportunities, rental yield analysis, and investment seminars."",Medium Investment"
"C1338,58,F,USA,California,Individual,Home,Yes,Website,3,1096818.64,1169.0466666666669,2.0,3,Growth-Oriented Investors,""Recommend commercial properties, portfolio diversification opportunities, rental yield analysis, and investment seminars."",Medium Investment"
"C1339,65,M,USA,Nevada,Company,Home,Yes,Website,4,1532340.63,1338.9,4.0,3,Growth-Oriented Investors,""Recommend commercial properties, portfolio diversification opportunities, rental yield analysis, and investment seminars."",High Investment"
"C1340,38,M,USA,Colorado,Company,Home,No,Website,4,1746049.93,1421.4650000000001,5.0,3,Growth-Oriented Investors,""Recommend commercial properties, portfolio diversification opportunities, rental yield analysis, and investment seminars."",High Investment"
"C1341,74,F,USA,Colorado,Individual,Home,Yes,Website,3,756694.8300000001,952.2633333333333,5.0,3,Growth-Oriented Investors,""Recommend commercial properties, portfolio diversification opportunities, rental yield analysis, and investment seminars."",Low Investment"
"C1342,62,F,USA,California,Individual,Home,Yes,Agency,3,922722.19,1003.3133333333334,1.0,3,Growth-Oriented Investors,""Recommend commercial properties, portfolio diversification opportunities, rental yield analysis, and investment seminars."",Low Investment"
"C1343,31,F,Canada,Ontario,Individual,Home,No,Agency,3,1005148.6399999999,1161.5433333333333,5.0,1,International Diversified Buyers,""Offer mortgage assistance, virtual property tours, overseas investment support, and flexible payment options."",Low Investment"
"C1344,52,M,USA,Florida,Individual,Home,No,Agency,4,1319490.92,1139.4675,1.0,2,Premium Independent Buyers,""Recommend luxury residences, VIP investment consultations, premium memberships, and exclusive project launches."",Medium Investment"
"C1345,70,F,USA,Texas,Individual,Home,No,Website,3,942467.41,1049.3066666666666,5.0,3,Growth-Oriented Investors,""Recommend commercial properties, portfolio diversification opportunities, rental yield analysis, and investment seminars."",Low Investment"
"C1346,39,F,USA,Colorado,Company,Investment,No,Agency,3,1037623.3900000001,1088.5866666666668,4.0,3,Growth-Oriented Investors,""Recommend commercial properties, portfolio diversification opportunities, rental yield analysis, and investment seminars."",Low Investment"
"C1347,70,M,USA,Washington,Individual,Home,No,Client,3,1001705.48,1090.9466666666667,2.0,3,Growth-Oriented Investors,""Recommend commercial properties, portfolio diversification opportunities, rental yield analysis, and investment seminars."",Low Investment"
"C1348,28,M,USA,Oregon,Individual,Home,Yes,Client,3,1021309.9299999999,1186.05,4.0,3,Growth-Oriented Investors,""Recommend commercial properties, portfolio diversification opportunities, rental yield analysis, and investment seminars."",Low Investment"
"C1349,44,F,USA,Virginia,Individual,Investment,No,Website,3,773186.34,952.0733333333334,3.0,3,Growth-Oriented Investors,""Recommend commercial properties, portfolio diversification opportunities, rental yield analysis, and investment seminars."",Low Investment"
"C1350,35,F,Germany,Hamburg,Individual,Home,No,Website,4,743296.88,632.215,5.0,1,International Diversified Buyers,""Offer mortgage assistance, virtual property tours, overseas investment support, and flexible payment options."",Low Investment"
"C1351,39,F,Australia,South Australia,Individual,Home,No,Client,4,1400457.41,1234.8075000000001,2.0,1,International Diversified Buyers,""Offer mortgage assistance, virtual property tours, overseas investment support, and flexible payment options."",High Investment"
"C1352,37,M,USA,California,Individual,Home,Yes,Agency,3,1535963.18,1635.6233333333332,2.0,3,Growth-Oriented Investors,""Recommend commercial properties, portfolio diversification opportunities, rental yield analysis, and investment seminars."",High Investment"
"C1353,29,F,Canada,Alberta,Individual,Home,No,Agency,3,532598.24,564.01,1.0,1,International Diversified Buyers,""Offer mortgage assistance, virtual property tours, overseas investment support, and flexible payment options."",Low Investment"
"C1354,85,M,USA,Florida,Individual,Home,No,Website,3,1545799.94,1685.2766666666666,5.0,2,Premium Independent Buyers,""Recommend luxury residences, VIP investment consultations, premium memberships, and exclusive project launches."",High Investment"
"C1355,60,F,USA,California,Individual,Investment,Yes,Client,3,1245446.7799999998,1523.6933333333334,2.0,3,Growth-Oriented Investors,""Recommend commercial properties, portfolio diversification opportunities, rental yield analysis, and investment seminars."",Medium Investment"
"C1356,32,M,USA,Oregon,Individual,Investment,No,Agency,3,1490237.62,1648.5966666666666,4.0,3,Growth-Oriented Investors,""Recommend commercial properties, portfolio diversification opportunities, rental yield analysis, and investment seminars."",High Investment"
"C1357,39,F,USA,California,Individual,Home,Yes,Website,3,1077383.54,1104.51,5.0,3,Growth-Oriented Investors,""Recommend commercial properties, portfolio diversification opportunities, rental yield analysis, and investment seminars."",Low Investment"
"C1358,83,M,USA,Texas,Individual,Home,No,Agency,3,965180.83,1078.7866666666666,4.0,3,Growth-Oriented Investors,""Recommend commercial properties, portfolio diversification opportunities, rental yield analysis, and investment seminars."",Low Investment"
"C1359,51,M,USA,Virginia,Individual,Home,No,Agency,4,1381335.3,1093.05,3.0,3,Growth-Oriented Investors,""Recommend commercial properties, portfolio diversification opportunities, rental yield analysis, and investment seminars."",High Investment"
"C1360,36,M,USA,Virginia,Individual,Home,No,Agency,3,1001006.54,1111.2966666666666,4.0,3,Growth-Oriented Investors,""Recommend commercial properties, portfolio diversification opportunities, rental yield analysis, and investment seminars."",Low Investment"
"C1361,83,F,USA,California,Individual,Home,No,Client,4,1529260.3,1296.5625,3.0,3,Growth-Oriented Investors,""Recommend commercial properties, portfolio diversification opportunities, rental yield analysis, and investment seminars."",High Investment"
"C1362,61,F,USA,California,Individual,Investment,Yes,Agency,4,993131.84,894.905,1.0,3,Growth-Oriented Investors,""Recommend commercial properties, portfolio diversification opportunities, rental yield analysis, and investment seminars."",Low Investment"
"C1363,45,M,USA,Georgia,Individual,Home,Yes,Agency,4,1109919.3599999999,942.035,5.0,3,Growth-Oriented Investors,""Recommend commercial properties, portfolio diversification opportunities, rental yield analysis, and investment seminars."",Medium Investment"
"C1364,28,F,USA,California,Individual,Investment,No,Website,4,1201578.93,1120.62,1.0,3,Growth-Oriented Investors,""Recommend commercial properties, portfolio diversification opportunities, rental yield analysis, and investment seminars."",Medium Investment"
"C1365,57,F,Belgium,Brussels,Individual,Investment,Yes,Website,4,1443894.02,1260.0625,5.0,3,Growth-Oriented Investors,""Recommend commercial properties, portfolio diversification opportunities, rental yield analysis, and investment seminars."",High Investment"
"C1366,31,M,USA,California,Individual,Home,No,Website,3,1488525.13,1678.6133333333335,1.0,3,Growth-Oriented Investors,""Recommend commercial properties, portfolio diversification opportunities, rental yield analysis, and investment seminars."",High Investment"
"C1367,73,F,Germany,Berlin,Individual,Home,No,Client,3,1035889.5,1124.5,2.0,1,International Diversified Buyers,""Offer mortgage assistance, virtual property tours, overseas investment support, and flexible payment options."",Low Investment"
"C1368,79,M,USA,California,Individual,Home,Yes,Client,4,1378979.49,1042.6625,5.0,3,Growth-Oriented Investors,""Recommend commercial properties, portfolio diversification opportunities, rental yield analysis, and investment seminars."",High Investment"
"C1369,43,M,France,Brittany,Individual,Home,Yes,Agency,4,1615394.12,1338.9,4.0,1,International Diversified Buyers,""Offer mortgage assistance, virtual property tours, overseas investment support, and flexible payment options."",High Investment"
"C1370,61,M,USA,Colorado,Individual,Investment,No,Agency,4,834659.23,700.7825,1.0,3,Growth-Oriented Investors,""Recommend commercial properties, portfolio diversification opportunities, rental yield analysis, and investment seminars."",Low Investment"
"C1371,37,M,UK,England,Individual,Home,Yes,Website,4,1036681.19,948.835,2.0,1,International Diversified Buyers,""Offer mortgage assistance, virtual property tours, overseas investment support, and flexible payment options."",Low Investment"
"C1372,45,F,USA,Washington,Individual,Investment,No,Website,3,874872.8,1049.3066666666666,2.0,3,Growth-Oriented Investors,""Recommend commercial properties, portfolio diversification opportunities, rental yield analysis, and investment seminars."",Low Investment"
"C1373,34,F,USA,California,Individual,Home,Yes,Website,3,1275663.27,1221.6766666666665,3.0,3,Growth-Oriented Investors,""Recommend commercial properties, portfolio diversification opportunities, rental yield analysis, and investment seminars."",Medium Investment"
"C1374,36,M,France,Ile-de-France,Company,Home,Yes,Agency,3,1230590.28,1321.5233333333333,3.0,1,International Diversified Buyers,""Offer mortgage assistance, virtual property tours, overseas investment support, and flexible payment options."",Medium Investment"
"C1375,54,F,USA,California,Individual,Investment,Yes,Agency,4,1097182.3900000001,987.505,4.0,3,Growth-Oriented Investors,""Recommend commercial properties, portfolio diversification opportunities, rental yield analysis, and investment seminars."",Medium Investment"
"C1376,39,F,USA,Arizona,Individual,Investment,Yes,Agency,3,1272387.2999999998,1493.243333333333,3.0,3,Growth-Oriented Investors,""Recommend commercial properties, portfolio diversification opportunities, rental yield analysis, and investment seminars."",Medium Investment"
"C1377,42,F,USA,Utah,Individual,Investment,No,Website,3,828441.4099999999,862.1066666666666,2.0,3,Growth-Oriented Investors,""Recommend commercial properties, portfolio diversification opportunities, rental yield analysis, and investment seminars."",Low Investment"
"C1378,50,F,USA,California,Individual,Investment,No,Website,3,1399739.87,1464.8466666666666,1.0,3,Growth-Oriented Investors,""Recommend commercial properties, portfolio diversification opportunities, rental yield analysis, and investment seminars."",High Investment"
"C1379,56,M,UK,Scotland,Individual,Home,No,Website,3,827767.69,1077.3233333333335,2.0,1,International Diversified Buyers,""Offer mortgage assistance, virtual property tours, overseas investment support, and flexible payment options."",Low Investment"
"C1380,77,M,Canada,Alberta,Individual,Investment,No,Website,3,1012542.1799999999,1052.4533333333334,4.0,1,International Diversified Buyers,""Offer mortgage assistance, virtual property tours, overseas investment support, and flexible payment options."",Low Investment"
"C1381,64,M,Germany,Hesse,Individual,Home,Yes,Website,3,1082639.9100000001,1131.0966666666666,3.0,1,International Diversified Buyers,""Offer mortgage assistance, virtual property tours, overseas investment support, and flexible payment options."",Low Investment"
"C1382,75,M,USA,Oregon,Individual,Home,No,Website,4,1176910.13,1024.3375,2.0,3,Growth-Oriented Investors,""Recommend commercial properties, portfolio diversification opportunities, rental yield analysis, and investment seminars."",Medium Investment"
"C1383,34,M,USA,California,Individual,Home,No,Agency,3,864768.8300000001,899.9899999999999,2.0,3,Growth-Oriented Investors,""Recommend commercial properties, portfolio diversification opportunities, rental yield analysis, and investment seminars."",Low Investment"
"C1384,38,F,USA,California,Individual,Home,Yes,Agency,3,905480.04,1016.7633333333333,2.0,3,Growth-Oriented Investors,""Recommend commercial properties, portfolio diversification opportunities, rental yield analysis, and investment seminars."",Low Investment"
"C1385,80,M,USA,California,Individual,Home,No,Agency,3,1182983.03,1186.4366666666667,1.0,3,Growth-Oriented Investors,""Recommend commercial properties, portfolio diversification opportunities, rental yield analysis, and investment seminars."",Medium Investment"
"C1386,79,M,USA,Washington,Individual,Home,Yes,Website,3,1284366.78,1431.79,4.0,3,Growth-Oriented Investors,""Recommend commercial properties, portfolio diversification opportunities, rental yield analysis, and investment seminars."",Medium Investment"
"C1387,83,M,Germany,Hamburg,Individual,Investment,No,Website,3,804550.47,901.6266666666667,4.0,1,International Diversified Buyers,""Offer mortgage assistance, virtual property tours, overseas investment support, and flexible payment options."",Low Investment"
"C1388,27,F,USA,Washington,Individual,Home,No,Website,3,1183031.06,1283.46,3.0,3,Growth-Oriented Investors,""Recommend commercial properties, portfolio diversification opportunities, rental yield analysis, and investment seminars."",Medium Investment"
"C1389,74,M,UK,Scotland,Individual,Home,No,Website,4,1742522.83,1282.79,2.0,1,International Diversified Buyers,""Offer mortgage assistance, virtual property tours, overseas investment support, and flexible payment options."",High Investment"
"C1390,47,F,USA,Nevada,Individual,Home,No,Website,3,906492.19,971.1899999999999,3.0,3,Growth-Oriented Investors,""Recommend commercial properties, portfolio diversification opportunities, rental yield analysis, and investment seminars."",Low Investment"
"C1391,52,F,USA,Utah,Individual,Home,No,Website,4,1579627.98,1343.6575,1.0,3,Growth-Oriented Investors,""Recommend commercial properties, portfolio diversification opportunities, rental yield analysis, and investment seminars."",High Investment"
"C1392,36,M,USA,Colorado,Individual,Home,Yes,Agency,4,1434978.2000000002,1125.5149999999999,4.0,3,Growth-Oriented Investors,""Recommend commercial properties, portfolio diversification opportunities, rental yield analysis, and investment seminars."",High Investment"
"C1393,45,F,Mexico,Baja California,Individual,Investment,No,Agency,4,1187799.99,1027.325,1.0,1,International Diversified Buyers,""Offer mortgage assistance, virtual property tours, overseas investment support, and flexible payment options."",Medium Investment"
"C1394,49,F,USA,Nevada,Individual,Home,No,Website,4,1325404.6,967.0,4.0,3,Growth-Oriented Investors,""Recommend commercial properties, portfolio diversification opportunities, rental yield analysis, and investment seminars."",Medium Investment"
"C1395,38,F,Canada,Alberta,Individual,Investment,No,Website,4,1497964.92,1278.045,4.0,1,International Diversified Buyers,""Offer mortgage assistance, virtual property tours, overseas investment support, and flexible payment options."",High Investment"
"C1396,55,M,Canada,Manitoba,Individual,Investment,Yes,Website,3,977070.1199999999,1075.8333333333333,3.0,1,International Diversified Buyers,""Offer mortgage assistance, virtual property tours, overseas investment support, and flexible payment options."",Low Investment"
"C1397,43,F,USA,Nevada,Individual,Home,No,Website,4,1551369.83,1175.235,4.0,3,Growth-Oriented Investors,""Recommend commercial properties, portfolio diversification opportunities, rental yield analysis, and investment seminars."",High Investment"
"C1398,60,M,USA,California,Individual,Home,Yes,Website,3,926545.71,1182.08,5.0,3,Growth-Oriented Investors,""Recommend commercial properties, portfolio diversification opportunities, rental yield analysis, and investment seminars."",Low Investment"
"C1399,48,F,Canada,British Columbia,Individual,Home,No,Agency,4,1259614.96,1061.1325,5.0,1,International Diversified Buyers,""Offer mortgage assistance, virtual property tours, overseas investment support, and flexible payment options."",Medium Investment"
"C1400,35,F,UK,Northern Ireland,Individual,Home,No,Client,4,1146194.54,939.4875,4.0,1,International Diversified Buyers,""Offer mortgage assistance, virtual property tours, overseas investment support, and flexible payment options."",Medium Investment"
"C1401,27,F,USA,Virginia,Individual,Investment,No,Website,4,1223523.71,1005.5625,1.0,3,Growth-Oriented Investors,""Recommend commercial properties, portfolio diversification opportunities, rental yield analysis, and investment seminars."",Medium Investment"
"C1402,58,F,USA,Utah,Individual,Home,No,Agency,4,1394159.93,1132.7375,3.0,3,Growth-Oriented Investors,""Recommend commercial properties, portfolio diversification opportunities, rental yield analysis, and investment seminars."",High Investment"
"C1403,43,F,USA,Oregon,Individual,Home,No,Website,4,1463350.69,1210.7375000000002,2.0,3,Growth-Oriented Investors,""Recommend commercial properties, portfolio diversification opportunities, rental yield analysis, and investment seminars."",High Investment"
"C1404,76,F,USA,California,Individual,Home,No,Agency,4,1193678.04,1024.3375,4.0,3,Growth-Oriented Investors,""Recommend commercial properties, portfolio diversification opportunities, rental yield analysis, and investment seminars."",Medium Investment"
"C1405,71,M,USA,Oregon,Individual,Home,No,Agency,3,1306722.3599999999,1438.2933333333333,5.0,3,Growth-Oriented Investors,""Recommend commercial properties, portfolio diversification opportunities, rental yield analysis, and investment seminars."",Medium Investment"
"C1406,56,F,USA,California,Individual,Home,No,Website,4,1364413.45,1151.6100000000001,3.0,3,Growth-Oriented Investors,""Recommend commercial properties, portfolio diversification opportunities, rental yield analysis, and investment seminars."",High Investment"
"C1407,70,F,USA,California,Individual,Home,No,Agency,4,1429717.0899999999,1123.3175,1.0,3,Growth-Oriented Investors,""Recommend commercial properties, portfolio diversification opportunities, rental yield analysis, and investment seminars."",High Investment"
"C1408,63,F,USA,California,Company,Home,No,Agency,4,1345035.74,1103.3025,2.0,3,Growth-Oriented Investors,""Recommend commercial properties, portfolio diversification opportunities, rental yield analysis, and investment seminars."",Medium Investment"
"C1409,69,F,USA,Oregon,Individual,Investment,No,Website,3,1072801.12,1117.9399999999998,2.0,3,Growth-Oriented Investors,""Recommend commercial properties, portfolio diversification opportunities, rental yield analysis, and investment seminars."",Low Investment"
"C1410,61,F,USA,Nevada,Individual,Home,No,Agency,4,1439196.49,1164.0149999999999,2.0,3,Growth-Oriented Investors,""Recommend commercial properties, portfolio diversification opportunities, rental yield analysis, and investment seminars."",High Investment"
"C1411,39,M,USA,California,Individual,Home,No,Client,4,1318823.1600000001,1099.4925,2.0,3,Growth-Oriented Investors,""Recommend commercial properties, portfolio diversification opportunities, rental yield analysis, and investment seminars."",Medium Investment"
"C1412,41,F,USA,Nevada,Company,Home,No,Agency,4,1498125.2,1158.7275,2.0,3,Growth-Oriented Investors,""Recommend commercial properties, portfolio diversification opportunities, rental yield analysis, and investment seminars."",High Investment"
"C1413,58,F,USA,California,Individual,Home,No,Agency,4,1489065.1600000001,1425.7675,4.0,3,Growth-Oriented Investors,""Recommend commercial properties, portfolio diversification opportunities, rental yield analysis, and investment seminars."",High Investment"
"C1414,51,F,USA,Florida,Individual,Home,No,Website,4,1188718.7,972.335,4.0,2,Premium Independent Buyers,""Recommend luxury residences, VIP investment consultations, premium memberships, and exclusive project launches."",Medium Investment"
"C1415,67,M,USA,California,Individual,Investment,No,Website,3,748797.26,879.3433333333332,1.0,3,Growth-Oriented Investors,""Recommend commercial properties, portfolio diversification opportunities, rental yield analysis, and investment seminars."",Low Investment"
"C1416,72,M,USA,Oregon,Individual,Home,No,Agency,3,1418066.3900000001,1452.2633333333333,2.0,3,Growth-Oriented Investors,""Recommend commercial properties, portfolio diversification opportunities, rental yield analysis, and investment seminars."",High Investment"
"C1417,73,M,UK,Scotland,Individual,Home,No,Website,3,1023021.48,1066.59,5.0,1,International Diversified Buyers,""Offer mortgage assistance, virtual property tours, overseas investment support, and flexible payment options."",Low Investment"
"C1418,72,M,USA,Ohio,Individual,Investment,No,Website,3,1443234.8900000001,1529.4633333333334,2.0,3,Growth-Oriented Investors,""Recommend commercial properties, portfolio diversification opportunities, rental yield analysis, and investment seminars."",High Investment"
"C1419,55,M,Germany,Hamburg,Individual,Investment,Yes,Website,4,1143605.72,928.745,4.0,1,International Diversified Buyers,""Offer mortgage assistance, virtual property tours, overseas investment support, and flexible payment options."",Medium Investment"
"C1420,45,M,UK,Wales,Company,Home,No,Website,4,1196856.69,929.6975,5.0,1,International Diversified Buyers,""Offer mortgage assistance, virtual property tours, overseas investment support, and flexible payment options."",Medium Investment"
"C1421,69,M,USA,Colorado,Individual,Home,No,Website,3,938557.1900000001,1098.0666666666666,1.0,3,Growth-Oriented Investors,""Recommend commercial properties, portfolio diversification opportunities, rental yield analysis, and investment seminars."",Low Investment"
"C1422,71,M,USA,Florida,Individual,Investment,Yes,Website,4,2032565.11,1555.2975000000001,1.0,2,Premium Independent Buyers,""Recommend luxury residences, VIP investment consultations, premium memberships, and exclusive project launches."",High Investment"
"C1423,71,M,UK,Northern Ireland,Individual,Home,Yes,Website,4,1822778.3599999999,1504.0974999999999,4.0,1,International Diversified Buyers,""Offer mortgage assistance, virtual property tours, overseas investment support, and flexible payment options."",High Investment"
"C1424,72,F,USA,Utah,Individual,Home,Yes,Agency,3,1382756.57,1465.1466666666665,2.0,3,Growth-Oriented Investors,""Recommend commercial properties, portfolio diversification opportunities, rental yield analysis, and investment seminars."",High Investment"
"C1425,55,M,Belgium,Flanders,Individual,Home,No,Website,3,1449563.3199999998,1521.64,3.0,3,Growth-Oriented Investors,""Recommend commercial properties, portfolio diversification opportunities, rental yield analysis, and investment seminars."",High Investment"
"C1426,62,F,USA,Washington,Individual,Home,No,Website,4,1709098.18,1510.65,2.0,3,Growth-Oriented Investors,""Recommend commercial properties, portfolio diversification opportunities, rental yield analysis, and investment seminars."",High Investment"
"C1427,71,F,Australia,Victoria,Individual,Home,No,Website,4,1378636.21,1184.9475,5.0,1,International Diversified Buyers,""Offer mortgage assistance, virtual property tours, overseas investment support, and flexible payment options."",High Investment"
"C1428,73,F,USA,Oregon,Individual,Home,Yes,Agency,4,1136052.54,946.6525,4.0,3,Growth-Oriented Investors,""Recommend commercial properties, portfolio diversification opportunities, rental yield analysis, and investment seminars."",Medium Investment"
"C1429,35,M,USA,Nevada,Individual,Investment,No,Agency,4,1697550.01,1421.4650000000001,5.0,3,Growth-Oriented Investors,""Recommend commercial properties, portfolio diversification opportunities, rental yield analysis, and investment seminars."",High Investment"
"C1430,63,M,USA,Nevada,Individual,Home,No,Website,3,928463.2,1022.67,4.0,3,Growth-Oriented Investors,""Recommend commercial properties, portfolio diversification opportunities, rental yield analysis, and investment seminars."",Low Investment"
"C1431,83,F,Germany,Hesse,Individual,Home,Yes,Website,4,1620159.73,1365.9450000000002,3.0,1,International Diversified Buyers,""Offer mortgage assistance, virtual property tours, overseas investment support, and flexible payment options."",High Investment"
"C1432,75,M,USA,Utah,Individual,Home,No,Agency,3,863383.74,1033.6200000000001,3.0,3,Growth-Oriented Investors,""Recommend commercial properties, portfolio diversification opportunities, rental yield analysis, and investment seminars."",Low Investment"
"C1433,73,M,Germany,Hamburg,Individual,Home,No,Website,3,1358111.0699999998,1493.243333333333,4.0,1,International Diversified Buyers,""Offer mortgage assistance, virtual property tours, overseas investment support, and flexible payment options."",Medium Investment"
"C1434,41,F,USA,California,Company,Investment,No,Agency,4,1038640.05,894.905,5.0,3,Growth-Oriented Investors,""Recommend commercial properties, portfolio diversification opportunities, rental yield analysis, and investment seminars."",Low Investment"
"C1435,59,M,USA,Texas,Individual,Investment,No,Agency,3,903765.87,945.65,2.0,3,Growth-Oriented Investors,""Recommend commercial properties, portfolio diversification opportunities, rental yield analysis, and investment seminars."",Low Investment"
"C1436,28,M,USA,California,Individual,Home,No,Website,3,969917.19,992.2199999999999,2.0,3,Growth-Oriented Investors,""Recommend commercial properties, portfolio diversification opportunities, rental yield analysis, and investment seminars."",Low Investment"
"C1437,29,M,USA,Arizona,Individual,Investment,No,Agency,4,1668948.58,1332.2825,5.0,3,Growth-Oriented Investors,""Recommend commercial properties, portfolio diversification opportunities, rental yield analysis, and investment seminars."",High Investment"
"C1438,38,M,USA,California,Individual,Home,Yes,Agency,3,1255115.0,1321.5033333333333,2.0,3,Growth-Oriented Investors,""Recommend commercial properties, portfolio diversification opportunities, rental yield analysis, and investment seminars."",Medium Investment"
"C1439,26,F,USA,Virginia,Individual,Home,No,Agency,3,1040682.81,1138.4233333333334,2.0,3,Growth-Oriented Investors,""Recommend commercial properties, portfolio diversification opportunities, rental yield analysis, and investment seminars."",Low Investment"
"C1440,74,F,USA,Colorado,Individual,Investment,No,Agency,3,901013.4199999999,1010.5300000000001,2.0,3,Growth-Oriented Investors,""Recommend commercial properties, portfolio diversification opportunities, rental yield analysis, and investment seminars."",Low Investment"
"C1441,81,F,USA,California,Individual,Investment,No,Website,3,1201777.78,1334.84,5.0,3,Growth-Oriented Investors,""Recommend commercial properties, portfolio diversification opportunities, rental yield analysis, and investment seminars."",Medium Investment"
"C1442,26,M,USA,Colorado,Individual,Home,Yes,Client,3,1007348.75,1110.6233333333332,2.0,3,Growth-Oriented Investors,""Recommend commercial properties, portfolio diversification opportunities, rental yield analysis, and investment seminars."",Low Investment"
"C1443,47,F,USA,Florida,Individual,Home,No,Website,3,1045348.1100000001,1072.4833333333333,2.0,2,Premium Independent Buyers,""Recommend luxury residences, VIP investment consultations, premium memberships, and exclusive project launches."",Low Investment"
"C1444,45,M,USA,Colorado,Individual,Home,No,Website,3,1089631.7,1186.05,3.0,3,Growth-Oriented Investors,""Recommend commercial properties, portfolio diversification opportunities, rental yield analysis, and investment seminars."",Low Investment"
"C1445,38,M,USA,Florida,Individual,Home,No,Website,4,1249138.91,976.9675,5.0,2,Premium Independent Buyers,""Recommend luxury residences, VIP investment consultations, premium memberships, and exclusive project launches."",Medium Investment"
"C1446,75,F,USA,Ohio,Individual,Home,No,Website,4,1550820.49,1385.6475,4.0,3,Growth-Oriented Investors,""Recommend commercial properties, portfolio diversification opportunities, rental yield analysis, and investment seminars."",High Investment"
"C1447,54,F,USA,Nevada,Individual,Investment,Yes,Client,4,1372408.9,1151.37,4.0,3,Growth-Oriented Investors,""Recommend commercial properties, portfolio diversification opportunities, rental yield analysis, and investment seminars."",High Investment"
"C1448,67,M,Russia,Tatarstan,Individual,Home,No,Website,4,1221304.62,984.9525,1.0,1,International Diversified Buyers,""Offer mortgage assistance, virtual property tours, overseas investment support, and flexible payment options."",Medium Investment"
"C1449,27,F,USA,California,Individual,Investment,No,Website,3,1110557.49,1221.6766666666665,5.0,3,Growth-Oriented Investors,""Recommend commercial properties, portfolio diversification opportunities, rental yield analysis, and investment seminars."",Medium Investment"
"C1450,30,F,USA,Virginia,Individual,Home,No,Website,3,1028509.6,1037.5833333333333,5.0,3,Growth-Oriented Investors,""Recommend commercial properties, portfolio diversification opportunities, rental yield analysis, and investment seminars."",Low Investment"
"C1451,43,F,USA,California,Individual,Home,No,Website,4,1529673.3199999998,1259.875,1.0,3,Growth-Oriented Investors,""Recommend commercial properties, portfolio diversification opportunities, rental yield analysis, and investment seminars."",High Investment"
"C1452,33,F,Belgium,Wallonia,Individual,Home,No,Client,3,1320005.77,1487.6599999999999,3.0,3,Growth-Oriented Investors,""Recommend commercial properties, portfolio diversification opportunities, rental yield analysis, and investment seminars."",Medium Investment"
"C1453,45,M,USA,California,Individual,Home,No,Agency,3,1145044.9,1243.8233333333333,2.0,3,Growth-Oriented Investors,""Recommend commercial properties, portfolio diversification opportunities, rental yield analysis, and investment seminars."",Medium Investment"
"C1454,78,F,USA,California,Individual,Investment,No,Client,3,1188825.44,1321.5033333333333,1.0,3,Growth-Oriented Investors,""Recommend commercial properties, portfolio diversification opportunities, rental yield analysis, and investment seminars."",Medium Investment"
"C1455,37,F,USA,Colorado,Individual,Home,Yes,Agency,3,985992.4299999999,983.4266666666667,3.0,3,Growth-Oriented Investors,""Recommend commercial properties, portfolio diversification opportunities, rental yield analysis, and investment seminars."",Low Investment"
"C1456,34,F,USA,Oregon,Company,Investment,Yes,Website,4,1598853.55,1313.38,1.0,3,Growth-Oriented Investors,""Recommend commercial properties, portfolio diversification opportunities, rental yield analysis, and investment seminars."",High Investment"
"C1457,77,F,USA,California,Individual,Home,Yes,Agency,4,1537205.06,1227.17,3.0,3,Growth-Oriented Investors,""Recommend commercial properties, portfolio diversification opportunities, rental yield analysis, and investment seminars."",High Investment"
"C1458,76,M,USA,Arizona,Individual,Home,No,Website,3,917921.54,979.0866666666667,1.0,3,Growth-Oriented Investors,""Recommend commercial properties, portfolio diversification opportunities, rental yield analysis, and investment seminars."",Low Investment"
"C1459,77,M,USA,Arizona,Individual,Home,No,Website,4,1556253.48,1385.6475,5.0,3,Growth-Oriented Investors,""Recommend commercial properties, portfolio diversification opportunities, rental yield analysis, and investment seminars."",High Investment"
"C1460,54,F,UK,England,Individual,Home,Yes,Agency,4,1569390.69,1294.645,1.0,1,International Diversified Buyers,""Offer mortgage assistance, virtual property tours, overseas investment support, and flexible payment options."",High Investment"
"C1461,82,F,USA,California,Individual,Home,No,Website,4,1507966.87,1294.645,5.0,3,Growth-Oriented Investors,""Recommend commercial properties, portfolio diversification opportunities, rental yield analysis, and investment seminars."",High Investment"
"C1462,42,F,Germany,Hamburg,Individual,Investment,No,Agency,4,1220331.12,956.6725,3.0,1,International Diversified Buyers,""Offer mortgage assistance, virtual property tours, overseas investment support, and flexible payment options."",Medium Investment"
"C1463,83,M,USA,California,Individual,Home,Yes,Website,4,1639044.0,1386.5875,2.0,3,Growth-Oriented Investors,""Recommend commercial properties, portfolio diversification opportunities, rental yield analysis, and investment seminars."",High Investment"
"C1464,86,M,USA,Arizona,Individual,Home,No,Website,3,1094818.68,1086.24,1.0,3,Growth-Oriented Investors,""Recommend commercial properties, portfolio diversification opportunities, rental yield analysis, and investment seminars."",Medium Investment"
"C1465,36,M,USA,Ohio,Individual,Home,Yes,Website,3,1312191.47,1457.8333333333333,3.0,3,Growth-Oriented Investors,""Recommend commercial properties, portfolio diversification opportunities, rental yield analysis, and investment seminars."",Medium Investment"
"C1466,27,F,Belgium,Flanders,Individual,Investment,No,Website,4,1387827.15,1053.27,2.0,3,Growth-Oriented Investors,""Recommend commercial properties, portfolio diversification opportunities, rental yield analysis, and investment seminars."",High Investment"
"C1467,75,F,USA,California,Individual,Home,No,Client,3,761353.26,849.6366666666667,5.0,3,Growth-Oriented Investors,""Recommend commercial properties, portfolio diversification opportunities, rental yield analysis, and investment seminars."",Low Investment"
"C1468,86,M,Canada,Manitoba,Individual,Home,No,Website,3,1072452.07,1185.3533333333332,3.0,1,International Diversified Buyers,""Offer mortgage assistance, virtual property tours, overseas investment support, and flexible payment options."",Low Investment"
"C1469,56,M,USA,Colorado,Individual,Home,No,Website,3,1512121.6400000001,1538.7766666666666,1.0,3,Growth-Oriented Investors,""Recommend commercial properties, portfolio diversification opportunities, rental yield analysis, and investment seminars."",High Investment"
"C1470,86,M,USA,Colorado,Individual,Investment,Yes,Agency,3,1440682.21,1590.8633333333335,3.0,3,Growth-Oriented Investors,""Recommend commercial properties, portfolio diversification opportunities, rental yield analysis, and investment seminars."",High Investment"
"C1471,86,F,UK,Northern Ireland,Individual,Home,Yes,Website,4,1048588.76,801.0649999999999,1.0,1,International Diversified Buyers,""Offer mortgage assistance, virtual property tours, overseas investment support, and flexible payment options."",Low Investment"
"C1472,35,M,USA,Washington,Individual,Home,No,Website,4,1610320.87,1237.1025,1.0,3,Growth-Oriented Investors,""Recommend commercial properties, portfolio diversification opportunities, rental yield analysis, and investment seminars."",High Investment"
"C1473,52,F,USA,California,Individual,Home,No,Agency,4,1415300.74,1009.23,2.0,3,Growth-Oriented Investors,""Recommend commercial properties, portfolio diversification opportunities, rental yield analysis, and investment seminars."",High Investment"
"C1474,57,M,USA,Oregon,Individual,Home,No,Website,4,1563434.47,1307.3,3.0,3,Growth-Oriented Investors,""Recommend commercial properties, portfolio diversification opportunities, rental yield analysis, and investment seminars."",High Investment"
"C1475,82,M,Mexico,Jalisco,Individual,Home,Yes,Agency,4,1579186.25,1287.055,4.0,1,International Diversified Buyers,""Offer mortgage assistance, virtual property tours, overseas investment support, and flexible payment options."",High Investment"
"C1476,26,M,USA,Nevada,Individual,Home,No,Agency,4,1505369.42,1141.225,1.0,3,Growth-Oriented Investors,""Recommend commercial properties, portfolio diversification opportunities, rental yield analysis, and investment seminars."",High Investment"
"C1477,58,F,USA,California,Company,Investment,No,Agency,4,1051466.92,920.7075,1.0,3,Growth-Oriented Investors,""Recommend commercial properties, portfolio diversification opportunities, rental yield analysis, and investment seminars."",Low Investment"
"C1478,68,F,Canada,British Columbia,Individual,Investment,No,Agency,3,965772.74,1082.8966666666668,1.0,1,International Diversified Buyers,""Offer mortgage assistance, virtual property tours, overseas investment support, and flexible payment options."",Low Investment"
"C1479,58,M,USA,California,Individual,Investment,No,Website,4,1275455.51,1018.5225,1.0,3,Growth-Oriented Investors,""Recommend commercial properties, portfolio diversification opportunities, rental yield analysis, and investment seminars."",Medium Investment"
"C1480,41,F,USA,Virginia,Individual,Investment,No,Client,4,1466467.79,1220.42,3.0,3,Growth-Oriented Investors,""Recommend commercial properties, portfolio diversification opportunities, rental yield analysis, and investment seminars."",High Investment"
"C1481,42,F,USA,Arizona,Company,Investment,No,Website,4,1059700.8800000001,901.245,3.0,3,Growth-Oriented Investors,""Recommend commercial properties, portfolio diversification opportunities, rental yield analysis, and investment seminars."",Low Investment"
"C1482,73,F,USA,Oregon,Individual,Home,Yes,Website,4,1665015.1700000002,1312.8225,2.0,3,Growth-Oriented Investors,""Recommend commercial properties, portfolio diversification opportunities, rental yield analysis, and investment seminars."",High Investment"
"C1483,51,M,USA,Colorado,Individual,Home,Yes,Agency,4,1831769.62,1486.3274999999999,3.0,3,Growth-Oriented Investors,""Recommend commercial properties, portfolio diversification opportunities, rental yield analysis, and investment seminars."",High Investment"
"C1484,55,F,USA,Colorado,Individual,Home,No,Client,4,1117191.81,995.0275,3.0,3,Growth-Oriented Investors,""Recommend commercial properties, portfolio diversification opportunities, rental yield analysis, and investment seminars."",Medium Investment"
"C1485,42,F,USA,Washington,Individual,Investment,No,Website,4,1604885.52,1350.2175,4.0,3,Growth-Oriented Investors,""Recommend commercial properties, portfolio diversification opportunities, rental yield analysis, and investment seminars."",High Investment"
"C1486,30,F,UK,Wales,Individual,Home,Yes,Website,3,1019385.69,1156.5633333333333,5.0,1,International Diversified Buyers,""Offer mortgage assistance, virtual property tours, overseas investment support, and flexible payment options."",Low Investment"
"C1487,61,F,USA,New York,Individual,Home,No,Agency,4,1553533.51,1294.645,3.0,0,Stable Home Buyers,""Recommend residential apartments, family villas, loyalty rewards, and simplified online booking services."",High Investment"
"C1488,51,M,USA,Florida,Individual,Investment,No,Website,3,1029238.79,1140.1866666666667,2.0,2,Premium Independent Buyers,""Recommend luxury residences, VIP investment consultations, premium memberships, and exclusive project launches."",Low Investment"
"C1489,75,F,USA,Arizona,Individual,Home,No,Agency,3,1056549.47,1240.6066666666666,5.0,3,Growth-Oriented Investors,""Recommend commercial properties, portfolio diversification opportunities, rental yield analysis, and investment seminars."",Low Investment"
"C1490,32,M,UK,Wales,Individual,Investment,Yes,Client,3,861119.76,939.3299999999999,5.0,1,International Diversified Buyers,""Offer mortgage assistance, virtual property tours, overseas investment support, and flexible payment options."",Low Investment"
"C1491,29,F,USA,Georgia,Individual,Home,No,Agency,4,1056750.03,901.245,4.0,3,Growth-Oriented Investors,""Recommend commercial properties, portfolio diversification opportunities, rental yield analysis, and investment seminars."",Low Investment"
"C1492,42,F,Germany,Bavaria,Individual,Home,No,Agency,3,1309655.49,1579.3133333333335,2.0,1,International Diversified Buyers,""Offer mortgage assistance, virtual property tours, overseas investment support, and flexible payment options."",Medium Investment"
"C1493,34,M,USA,Washington,Individual,Home,Yes,Agency,3,864605.61,1037.11,4.0,3,Growth-Oriented Investors,""Recommend commercial properties, portfolio diversification opportunities, rental yield analysis, and investment seminars."",Low Investment"
"C1494,30,M,USA,New York,Individual,Home,No,Client,3,913338.07,934.8733333333333,1.0,0,Stable Home Buyers,""Recommend residential apartments, family villas, loyalty rewards, and simplified online booking services."",Low Investment"
"C1495,35,M,Denmark,Capital Region,Individual,Home,No,Website,4,2059292.68,1591.4724999999999,1.0,1,International Diversified Buyers,""Offer mortgage assistance, virtual property tours, overseas investment support, and flexible payment options."",High Investment"
"C1496,40,M,USA,Florida,Individual,Home,No,Agency,3,1119013.6099999999,1151.5466666666669,5.0,2,Premium Independent Buyers,""Recommend luxury residences, VIP investment consultations, premium memberships, and exclusive project launches."",Medium Investment"
"C1497,86,M,USA,California,Individual,Investment,No,Agency,3,794765.34,880.66,4.0,3,Growth-Oriented Investors,""Recommend commercial properties, portfolio diversification opportunities, rental yield analysis, and investment seminars."",Low Investment"
"C1498,59,F,Mexico,Puebla,Individual,Investment,No,Website,4,1142631.83,889.8725000000001,5.0,1,International Diversified Buyers,""Offer mortgage assistance, virtual property tours, overseas investment support, and flexible payment options."",Medium Investment"
"C1499,29,F,Russia,Saint Petersburg,Individual,Home,Yes,Agency,3,1321905.54,1523.6933333333334,3.0,1,International Diversified Buyers,""Offer mortgage assistance, virtual property tours, overseas investment support, and flexible payment options."",Medium Investment"
"C1500,31,F,Australia,Victoria,Individual,Home,No,Agency,4,1020299.92,841.385,2.0,1,International Diversified Buyers,""Offer mortgage assistance, virtual property tours, overseas investment support, and flexible payment options."",Low Investment"
"C1501,75,F,USA,Oregon,Individual,Investment,No,Agency,3,761279.08,851.4266666666667,4.0,3,Growth-Oriented Investors,""Recommend commercial properties, portfolio diversification opportunities, rental yield analysis, and investment seminars."",Low Investment"
"C1502,32,F,UK,Wales,Individual,Home,Yes,Website,4,1045772.34,911.0425,5.0,1,International Diversified Buyers,""Offer mortgage assistance, virtual property tours, overseas investment support, and flexible payment options."",Low Investment"
"C1503,40,M,USA,Arizona,Company,Investment,No,Website,4,1299971.48,1050.5725,5.0,3,Growth-Oriented Investors,""Recommend commercial properties, portfolio diversification opportunities, rental yield analysis, and investment seminars."",Medium Investment"
"C1504,80,M,USA,California,Individual,Home,No,Website,3,871805.96,979.0866666666667,4.0,3,Growth-Oriented Investors,""Recommend commercial properties, portfolio diversification opportunities, rental yield analysis, and investment seminars."",Low Investment"
"C1505,32,M,USA,Virginia,Individual,Home,No,Agency,4,1012922.06,799.9225,3.0,3,Growth-Oriented Investors,""Recommend commercial properties, portfolio diversification opportunities, rental yield analysis, and investment seminars."",Low Investment"
"C1506,76,M,USA,Utah,Individual,Investment,No,Website,3,1010109.4,1155.4633333333334,3.0,3,Growth-Oriented Investors,""Recommend commercial properties, portfolio diversification opportunities, rental yield analysis, and investment seminars."",Low Investment"
"C1507,75,F,USA,Florida,Individual,Home,No,Agency,4,1499666.44,1220.915,3.0,2,Premium Independent Buyers,""Recommend luxury residences, VIP investment consultations, premium memberships, and exclusive project launches."",High Investment"
"C1508,32,M,UK,Scotland,Individual,Home,No,Agency,4,965283.79,783.64,3.0,1,International Diversified Buyers,""Offer mortgage assistance, virtual property tours, overseas investment support, and flexible payment options."",Low Investment"
"C1509,80,F,USA,California,Individual,Home,No,Website,4,1821912.8699999999,1482.5875,3.0,3,Growth-Oriented Investors,""Recommend commercial properties, portfolio diversification opportunities, rental yield analysis, and investment seminars."",High Investment"
"C1510,64,M,USA,California,Company,Home,No,Agency,3,804243.22,842.68,5.0,3,Growth-Oriented Investors,""Recommend commercial properties, portfolio diversification opportunities, rental yield analysis, and investment seminars."",Low Investment"
"C1511,37,F,France,Provence,Individual,Home,Yes,Website,3,1093080.8599999999,1152.6466666666668,2.0,1,International Diversified Buyers,""Offer mortgage assistance, virtual property tours, overseas investment support, and flexible payment options."",Medium Investment"
"C1512,71,F,USA,Nevada,Individual,Home,Yes,Client,4,1209056.95,1046.42,4.0,3,Growth-Oriented Investors,""Recommend commercial properties, portfolio diversification opportunities, rental yield analysis, and investment seminars."",Medium Investment"
"C1513,31,F,USA,Florida,Individual,Home,No,Website,3,1452266.37,1538.7766666666666,2.0,2,Premium Independent Buyers,""Recommend luxury residences, VIP investment consultations, premium memberships, and exclusive project launches."",High Investment"
"C1514,40,F,USA,New York,Individual,Home,No,Website,3,1211908.53,1386.32,4.0,0,Stable Home Buyers,""Recommend residential apartments, family villas, loyalty rewards, and simplified online booking services."",Medium Investment"
"C1515,80,F,USA,Nevada,Individual,Investment,No,Website,4,1433703.52,1227.17,5.0,3,Growth-Oriented Investors,""Recommend commercial properties, portfolio diversification opportunities, rental yield analysis, and investment seminars."",High Investment"
"C1516,73,F,USA,Texas,Individual,Home,No,Website,3,690456.91,801.46,4.0,3,Growth-Oriented Investors,""Recommend commercial properties, portfolio diversification opportunities, rental yield analysis, and investment seminars."",Low Investment"
"C1517,48,M,USA,California,Individual,Investment,No,Agency,4,1328693.42,1076.59,2.0,3,Growth-Oriented Investors,""Recommend commercial properties, portfolio diversification opportunities, rental yield analysis, and investment seminars."",Medium Investment"
"C1518,32,F,Australia,Victoria,Individual,Home,Yes,Agency,4,961942.8799999999,886.4275,5.0,1,International Diversified Buyers,""Offer mortgage assistance, virtual property tours, overseas investment support, and flexible payment options."",Low Investment"
"C1519,54,M,USA,California,Individual,Home,No,Agency,4,1366990.1300000001,1072.9850000000001,1.0,3,Growth-Oriented Investors,""Recommend commercial properties, portfolio diversification opportunities, rental yield analysis, and investment seminars."",High Investment"
"C1520,81,M,USA,Utah,Individual,Home,No,Website,4,1425469.02,1187.8925,1.0,3,Growth-Oriented Investors,""Recommend commercial properties, portfolio diversification opportunities, rental yield analysis, and investment seminars."",High Investment"
"C1521,53,M,USA,Nevada,Individual,Home,No,Agency,3,913579.4099999999,1032.28,4.0,3,Growth-Oriented Investors,""Recommend commercial properties, portfolio diversification opportunities, rental yield analysis, and investment seminars."",Low Investment"
"C1522,62,F,USA,Washington,Individual,Home,No,Website,4,1598304.98,1378.985,5.0,3,Growth-Oriented Investors,""Recommend commercial properties, portfolio diversification opportunities, rental yield analysis, and investment seminars."",High Investment"
"C1523,45,M,Australia,Victoria,Company,Investment,No,Website,4,1652083.92,1334.8775,3.0,1,International Diversified Buyers,""Offer mortgage assistance, virtual property tours, overseas investment support, and flexible payment options."",High Investment"
"C1524,59,M,USA,Virginia,Individual,Home,No,Client,4,1434208.3,1164.0149999999999,2.0,3,Growth-Oriented Investors,""Recommend commercial properties, portfolio diversification opportunities, rental yield analysis, and investment seminars."",High Investment"
"C1525,67,M,USA,California,Individual,Home,No,Agency,3,1336757.18,1511.63,1.0,3,Growth-Oriented Investors,""Recommend commercial properties, portfolio diversification opportunities, rental yield analysis, and investment seminars."",Medium Investment"
"C1526,70,F,USA,California,Individual,Home,No,Website,3,1429330.15,1600.9133333333332,3.0,3,Growth-Oriented Investors,""Recommend commercial properties, portfolio diversification opportunities, rental yield analysis, and investment seminars."",High Investment"
"C1527,37,F,USA,California,Individual,Home,No,Agency,3,993447.0599999999,1200.3500000000001,1.0,3,Growth-Oriented Investors,""Recommend commercial properties, portfolio diversification opportunities, rental yield analysis, and investment seminars."",Low Investment"
"C1528,29,F,Germany,Hamburg,Individual,Home,Yes,Website,3,1058452.68,1125.17,1.0,1,International Diversified Buyers,""Offer mortgage assistance, virtual property tours, overseas investment support, and flexible payment options."",Low Investment"
"C1529,37,M,USA,California,Company,Home,No,Website,4,1614522.9000000001,1350.98,4.0,3,Growth-Oriented Investors,""Recommend commercial properties, portfolio diversification opportunities, rental yield analysis, and investment seminars."",High Investment"
"C1530,38,F,USA,California,Individual,Home,No,Website,3,1011087.75,1107.81,2.0,3,Growth-Oriented Investors,""Recommend commercial properties, portfolio diversification opportunities, rental yield analysis, and investment seminars."",Low Investment"
"C1531,62,M,France,Brittany,Individual,Investment,No,Website,4,1272471.05,1065.415,2.0,1,International Diversified Buyers,""Offer mortgage assistance, virtual property tours, overseas investment support, and flexible payment options."",Medium Investment"
"C1532,28,F,USA,Texas,Individual,Home,Yes,Website,4,1446462.79,1164.0149999999999,3.0,3,Growth-Oriented Investors,""Recommend commercial properties, portfolio diversification opportunities, rental yield analysis, and investment seminars."",High Investment"
"C1533,38,M,Canada,British Columbia,Individual,Home,No,Agency,4,1019127.09,727.265,4.0,1,International Diversified Buyers,""Offer mortgage assistance, virtual property tours, overseas investment support, and flexible payment options."",Low Investment"
"C1534,30,F,USA,California,Individual,Home,Yes,Website,3,1195359.88,1303.4733333333334,4.0,3,Growth-Oriented Investors,""Recommend commercial properties, portfolio diversification opportunities, rental yield analysis, and investment seminars."",Medium Investment"
"C1535,32,M,UK,England,Individual,Investment,No,Agency,4,1967005.46,1591.4724999999999,3.0,1,International Diversified Buyers,""Offer mortgage assistance, virtual property tours, overseas investment support, and flexible payment options."",High Investment"
"C1536,44,F,USA,Washington,Individual,Home,No,Website,3,1076884.84,1050.6433333333332,3.0,3,Growth-Oriented Investors,""Recommend commercial properties, portfolio diversification opportunities, rental yield analysis, and investment seminars."",Low Investment"
"C1537,27,F,USA,Arizona,Individual,Home,No,Website,3,1637300.4100000001,1579.3133333333335,5.0,3,Growth-Oriented Investors,""Recommend commercial properties, portfolio diversification opportunities, rental yield analysis, and investment seminars."",High Investment"
"C1538,79,F,USA,California,Individual,Investment,No,Website,3,775544.78,941.38,5.0,3,Growth-Oriented Investors,""Recommend commercial properties, portfolio diversification opportunities, rental yield analysis, and investment seminars."",Low Investment"
"C1539,29,M,USA,Nevada,Individual,Home,No,Agency,3,811448.36,995.5099999999999,1.0,3,Growth-Oriented Investors,""Recommend commercial properties, portfolio diversification opportunities, rental yield analysis, and investment seminars."",Low Investment"
"C1540,69,M,USA,California,Individual,Home,Yes,Client,3,842510.7,908.2333333333332,2.0,3,Growth-Oriented Investors,""Recommend commercial properties, portfolio diversification opportunities, rental yield analysis, and investment seminars."",Low Investment"
"C1541,62,M,USA,California,Individual,Home,No,Website,4,1173616.46,995.0275,2.0,3,Growth-Oriented Investors,""Recommend commercial properties, portfolio diversification opportunities, rental yield analysis, and investment seminars."",Medium Investment"
"C1542,37,M,USA,Nevada,Individual,Home,Yes,Website,3,1261648.92,1356.7466666666667,1.0,3,Growth-Oriented Investors,""Recommend commercial properties, portfolio diversification opportunities, rental yield analysis, and investment seminars."",Medium Investment"
"C1543,71,F,USA,New York,Individual,Investment,No,Agency,3,1199490.31,1267.4066666666668,3.0,0,Stable Home Buyers,""Recommend residential apartments, family villas, loyalty rewards, and simplified online booking services."",Medium Investment"
"C1544,79,F,Russia,Tatarstan,Individual,Home,No,Website,3,1551623.3,1679.1066666666666,3.0,1,International Diversified Buyers,""Offer mortgage assistance, virtual property tours, overseas investment support, and flexible payment options."",High Investment"
"C1545,34,F,USA,California,Individual,Investment,Yes,Website,3,1101811.15,1254.5033333333333,1.0,3,Growth-Oriented Investors,""Recommend commercial properties, portfolio diversification opportunities, rental yield analysis, and investment seminars."",Medium Investment"
"C1546,60,F,Mexico,Puebla,Individual,Home,Yes,Agency,4,1161022.51,874.9925000000001,4.0,1,International Diversified Buyers,""Offer mortgage assistance, virtual property tours, overseas investment support, and flexible payment options."",Medium Investment"
"C1547,51,F,USA,Florida,Individual,Home,Yes,Agency,4,1199337.46,997.415,2.0,2,Premium Independent Buyers,""Recommend luxury residences, VIP investment consultations, premium memberships, and exclusive project launches."",Medium Investment"
"C1548,59,M,USA,California,Company,Home,Yes,Website,3,615223.03,678.9699999999999,2.0,3,Growth-Oriented Investors,""Recommend commercial properties, portfolio diversification opportunities, rental yield analysis, and investment seminars."",Low Investment"
"C1549,65,M,Mexico,Nuevo Leon,Individual,Home,No,Client,3,837044.35,983.4266666666667,4.0,1,International Diversified Buyers,""Offer mortgage assistance, virtual property tours, overseas investment support, and flexible payment options."",Low Investment"
"C1550,28,M,USA,California,Individual,Home,No,Agency,4,1368767.79,1164.0149999999999,2.0,3,Growth-Oriented Investors,""Recommend commercial properties, portfolio diversification opportunities, rental yield analysis, and investment seminars."",High Investment"
"C1551,35,M,USA,California,Individual,Home,No,Agency,3,1252240.69,1438.2933333333333,2.0,3,Growth-Oriented Investors,""Recommend commercial properties, portfolio diversification opportunities, rental yield analysis, and investment seminars."",Medium Investment"
"C1552,79,M,USA,California,Individual,Investment,Yes,Agency,4,1356450.7000000002,1074.0525,2.0,3,Growth-Oriented Investors,""Recommend commercial properties, portfolio diversification opportunities, rental yield analysis, and investment seminars."",Medium Investment"
"C1553,36,M,USA,Utah,Company,Home,No,Agency,3,979536.36,1038.7166666666667,4.0,3,Growth-Oriented Investors,""Recommend commercial properties, portfolio diversification opportunities, rental yield analysis, and investment seminars."",Low Investment"
"C1554,28,M,Germany,Bavaria,Individual,Home,No,Website,3,742034.24,678.9699999999999,1.0,1,International Diversified Buyers,""Offer mortgage assistance, virtual property tours, overseas investment support, and flexible payment options."",Low Investment"
"C1555,80,F,UK,England,Individual,Home,No,Website,4,1233852.38,1012.5575,5.0,1,International Diversified Buyers,""Offer mortgage assistance, virtual property tours, overseas investment support, and flexible payment options."",Medium Investment"
"C1556,44,F,USA,Colorado,Individual,Investment,No,Agency,4,1215734.71,1020.3875,2.0,3,Growth-Oriented Investors,""Recommend commercial properties, portfolio diversification opportunities, rental yield analysis, and investment seminars."",Medium Investment"
"C1557,84,F,USA,New York,Individual,Home,Yes,Website,3,955054.1799999999,1072.4833333333333,2.0,0,Stable Home Buyers,""Recommend residential apartments, family villas, loyalty rewards, and simplified online booking services."",Low Investment"
"C1558,82,M,Mexico,Baja California,Individual,Home,No,Website,3,1482069.56,1680.5266666666666,4.0,1,International Diversified Buyers,""Offer mortgage assistance, virtual property tours, overseas investment support, and flexible payment options."",High Investment"
"C1559,51,F,UK,England,Individual,Home,No,Website,3,1345808.87,1445.2933333333333,2.0,1,International Diversified Buyers,""Offer mortgage assistance, virtual property tours, overseas investment support, and flexible payment options."",Medium Investment"
"C1560,86,F,USA,California,Individual,Home,Yes,Client,3,1052677.5699999998,1148.0433333333333,4.0,3,Growth-Oriented Investors,""Recommend commercial properties, portfolio diversification opportunities, rental yield analysis, and investment seminars."",Low Investment"
"C1561,62,M,Mexico,Nuevo Leon,Individual,Investment,No,Agency,3,1135294.51,1193.7733333333333,5.0,1,International Diversified Buyers,""Offer mortgage assistance, virtual property tours, overseas investment support, and flexible payment options."",Medium Investment"
"C1562,39,F,USA,California,Individual,Home,No,Client,3,1179775.32,1268.0466666666669,4.0,3,Growth-Oriented Investors,""Recommend commercial properties, portfolio diversification opportunities, rental yield analysis, and investment seminars."",Medium Investment"
"C1563,39,F,USA,Utah,Individual,Home,No,Website,3,979729.05,1090.7733333333333,5.0,3,Growth-Oriented Investors,""Recommend commercial properties, portfolio diversification opportunities, rental yield analysis, and investment seminars."",Low Investment"
"C1564,62,M,USA,Washington,Individual,Investment,No,Website,3,1595925.43,1635.6233333333332,5.0,3,Growth-Oriented Investors,""Recommend commercial properties, portfolio diversification opportunities, rental yield analysis, and investment seminars."",High Investment"
"C1565,46,M,Mexico,Jalisco,Individual,Home,No,Agency,4,1140899.22,994.0725,4.0,1,International Diversified Buyers,""Offer mortgage assistance, virtual property tours, overseas investment support, and flexible payment options."",Medium Investment"
"C1566,31,M,USA,California,Individual,Home,No,Website,4,1450240.65,1175.235,3.0,3,Growth-Oriented Investors,""Recommend commercial properties, portfolio diversification opportunities, rental yield analysis, and investment seminars."",High Investment"
"C1567,49,M,USA,Georgia,Individual,Home,No,Client,4,1594452.6199999999,1276.9875,4.0,3,Growth-Oriented Investors,""Recommend commercial properties, portfolio diversification opportunities, rental yield analysis, and investment seminars."",High Investment"
"C1568,36,F,USA,California,Individual,Home,No,Website,3,1373808.0899999999,1357.1933333333334,5.0,3,Growth-Oriented Investors,""Recommend commercial properties, portfolio diversification opportunities, rental yield analysis, and investment seminars."",High Investment"
"C1569,33,F,USA,California,Individual,Investment,Yes,Website,3,1175242.5499999998,1258.29,1.0,3,Growth-Oriented Investors,""Recommend commercial properties, portfolio diversification opportunities, rental yield analysis, and investment seminars."",Medium Investment"
"C1570,63,F,USA,Ohio,Individual,Home,No,Website,4,1469638.4,1333.5625,5.0,3,Growth-Oriented Investors,""Recommend commercial properties, portfolio diversification opportunities, rental yield analysis, and investment seminars."",High Investment"
"C1571,48,M,USA,California,Individual,Home,No,Website,4,1243439.96,1092.085,2.0,3,Growth-Oriented Investors,""Recommend commercial properties, portfolio diversification opportunities, rental yield analysis, and investment seminars."",Medium Investment"
"C1572,66,M,Australia,Queensland,Individual,Home,No,Agency,4,886149.52,748.33,3.0,1,International Diversified Buyers,""Offer mortgage assistance, virtual property tours, overseas investment support, and flexible payment options."",Low Investment"
"C1573,80,F,USA,California,Individual,Home,No,Website,4,1175839.94,1059.9375,1.0,3,Growth-Oriented Investors,""Recommend commercial properties, portfolio diversification opportunities, rental yield analysis, and investment seminars."",Medium Investment"
"C1574,42,M,USA,California,Individual,Home,No,Website,3,1195224.9,1255.6333333333334,4.0,3,Growth-Oriented Investors,""Recommend commercial properties, portfolio diversification opportunities, rental yield analysis, and investment seminars."",Medium Investment"
"C1575,26,M,USA,California,Individual,Home,No,Website,4,1395067.1600000001,1158.7275,2.0,3,Growth-Oriented Investors,""Recommend commercial properties, portfolio diversification opportunities, rental yield analysis, and investment seminars."",High Investment"
"C1576,49,F,USA,Nevada,Individual,Investment,Yes,Website,4,1359536.24,1098.1675,3.0,3,Growth-Oriented Investors,""Recommend commercial properties, portfolio diversification opportunities, rental yield analysis, and investment seminars."",Medium Investment"
"C1577,43,M,Germany,Bavaria,Individual,Home,No,Website,3,1427933.58,1471.8999999999999,3.0,1,International Diversified Buyers,""Offer mortgage assistance, virtual property tours, overseas investment support, and flexible payment options."",High Investment"
"C1578,30,M,USA,California,Individual,Investment,No,Website,3,765431.01,934.8733333333333,2.0,3,Growth-Oriented Investors,""Recommend commercial properties, portfolio diversification opportunities, rental yield analysis, and investment seminars."",Low Investment"
"C1579,81,M,USA,Arizona,Individual,Investment,No,Website,4,1101753.5899999999,952.0525,4.0,3,Growth-Oriented Investors,""Recommend commercial properties, portfolio diversification opportunities, rental yield analysis, and investment seminars."",Medium Investment"
"C1580,29,M,USA,Georgia,Individual,Investment,Yes,Website,4,1008834.66,872.2,1.0,3,Growth-Oriented Investors,""Recommend commercial properties, portfolio diversification opportunities, rental yield analysis, and investment seminars."",Low Investment"
"C1581,76,M,USA,California,Individual,Investment,No,Website,3,1123364.22,1023.9266666666666,1.0,3,Growth-Oriented Investors,""Recommend commercial properties, portfolio diversification opportunities, rental yield analysis, and investment seminars."",Medium Investment"
"C1582,71,M,France,Ile-de-France,Individual,Home,Yes,Client,3,1030269.01,1050.08,4.0,1,International Diversified Buyers,""Offer mortgage assistance, virtual property tours, overseas investment support, and flexible payment options."",Low Investment"
"C1583,58,M,USA,California,Individual,Home,No,Agency,4,1378030.61,1170.135,2.0,3,Growth-Oriented Investors,""Recommend commercial properties, portfolio diversification opportunities, rental yield analysis, and investment seminars."",High Investment"
"C1584,41,M,France,Brittany,Company,Investment,Yes,Website,3,1199226.44,1361.7433333333333,1.0,1,International Diversified Buyers,""Offer mortgage assistance, virtual property tours, overseas investment support, and flexible payment options."",Medium Investment"
"C1585,66,M,Canada,Ontario,Individual,Home,No,Website,4,1480011.91,1276.8225,5.0,1,International Diversified Buyers,""Offer mortgage assistance, virtual property tours, overseas investment support, and flexible payment options."",High Investment"
"C1586,59,F,Germany,Berlin,Individual,Home,No,Website,3,1116579.83,1224.68,3.0,1,International Diversified Buyers,""Offer mortgage assistance, virtual property tours, overseas investment support, and flexible payment options."",Medium Investment"
"C1587,83,M,Canada,Quebec,Individual,Investment,Yes,Agency,3,743057.13,850.2466666666668,4.0,1,International Diversified Buyers,""Offer mortgage assistance, virtual property tours, overseas investment support, and flexible payment options."",Low Investment"
"C1588,46,F,USA,Utah,Individual,Investment,No,Website,3,957201.31,1104.51,5.0,3,Growth-Oriented Investors,""Recommend commercial properties, portfolio diversification opportunities, rental yield analysis, and investment seminars."",Low Investment"
"C1589,73,F,USA,California,Individual,Investment,No,Agency,3,1380536.7000000002,1396.87,4.0,3,Growth-Oriented Investors,""Recommend commercial properties, portfolio diversification opportunities, rental yield analysis, and investment seminars."",High Investment"
"C1590,47,F,USA,Oregon,Company,Home,No,Website,4,1470403.6,1228.8325,1.0,3,Growth-Oriented Investors,""Recommend commercial properties, portfolio diversification opportunities, rental yield analysis, and investment seminars."",High Investment"
"C1591,55,F,USA,California,Individual,Investment,No,Website,4,1676312.98,1341.715,4.0,3,Growth-Oriented Investors,""Recommend commercial properties, portfolio diversification opportunities, rental yield analysis, and investment seminars."",High Investment"
"C1592,51,F,USA,Texas,Individual,Investment,Yes,Agency,4,878452.1900000001,735.11,2.0,3,Growth-Oriented Investors,""Recommend commercial properties, portfolio diversification opportunities, rental yield analysis, and investment seminars."",Low Investment"
"C1593,51,M,USA,California,Individual,Home,No,Website,4,825960.49,666.135,1.0,3,Growth-Oriented Investors,""Recommend commercial properties, portfolio diversification opportunities, rental yield analysis, and investment seminars."",Low Investment"
"C1594,57,F,USA,Colorado,Individual,Home,No,Agency,4,1522994.53,1259.875,2.0,3,Growth-Oriented Investors,""Recommend commercial properties, portfolio diversification opportunities, rental yield analysis, and investment seminars."",High Investment"
"C1595,71,M,USA,California,Individual,Home,No,Website,4,1310147.8599999999,1186.5225,5.0,3,Growth-Oriented Investors,""Recommend commercial properties, portfolio diversification opportunities, rental yield analysis, and investment seminars."",Medium Investment"
"C1596,47,M,Germany,Berlin,Individual,Investment,No,Website,3,1642954.44,1649.26,4.0,1,International Diversified Buyers,""Offer mortgage assistance, virtual property tours, overseas investment support, and flexible payment options."",High Investment"
"C1597,77,F,USA,Nevada,Individual,Investment,Yes,Website,4,1155778.2,947.7475,4.0,3,Growth-Oriented Investors,""Recommend commercial properties, portfolio diversification opportunities, rental yield analysis, and investment seminars."",Medium Investment"
"C1598,86,F,USA,Georgia,Individual,Home,Yes,Agency,3,1163931.67,1310.3966666666665,4.0,3,Growth-Oriented Investors,""Recommend commercial properties, portfolio diversification opportunities, rental yield analysis, and investment seminars."",Medium Investment"
"C1599,46,F,USA,Virginia,Individual,Investment,Yes,Website,3,1321031.17,1337.1733333333334,5.0,3,Growth-Oriented Investors,""Recommend commercial properties, portfolio diversification opportunities, rental yield analysis, and investment seminars."",Medium Investment"
"C1600,58,F,Belgium,Wallonia,Individual,Home,No,Website,4,1237164.36,984.6475,5.0,3,Growth-Oriented Investors,""Recommend commercial properties, portfolio diversification opportunities, rental yield analysis, and investment seminars."",Medium Investment"
"C1601,30,F,Russia,Krasnodar Krai,Individual,Home,No,Website,3,829078.01,913.6700000000001,3.0,1,International Diversified Buyers,""Offer mortgage assistance, virtual property tours, overseas investment support, and flexible payment options."",Low Investment"
"C1602,40,M,USA,Nevada,Individual,Investment,No,Website,4,1676863.99,1425.28,4.0,3,Growth-Oriented Investors,""Recommend commercial properties, portfolio diversification opportunities, rental yield analysis, and investment seminars."",High Investment"
"C1603,64,F,UK,England,Individual,Home,No,Website,4,1077719.71,976.2049999999999,5.0,1,International Diversified Buyers,""Offer mortgage assistance, virtual property tours, overseas investment support, and flexible payment options."",Low Investment"
"C1604,77,M,USA,Texas,Individual,Home,No,Website,3,1050264.24,1243.8233333333333,4.0,3,Growth-Oriented Investors,""Recommend commercial properties, portfolio diversification opportunities, rental yield analysis, and investment seminars."",Low Investment"
"C1605,27,M,UK,England,Individual,Investment,Yes,Website,4,1170783.34,874.9925000000001,4.0,1,International Diversified Buyers,""Offer mortgage assistance, virtual property tours, overseas investment support, and flexible payment options."",Medium Investment"
"C1606,61,M,USA,Washington,Individual,Home,Yes,Agency,3,917562.71,1033.4833333333333,1.0,3,Growth-Oriented Investors,""Recommend commercial properties, portfolio diversification opportunities, rental yield analysis, and investment seminars."",Low Investment"
"C1607,63,F,USA,California,Individual,Home,No,Agency,3,829294.5700000001,927.6066666666666,3.0,3,Growth-Oriented Investors,""Recommend commercial properties, portfolio diversification opportunities, rental yield analysis, and investment seminars."",Low Investment"
"C1608,27,F,UK,England,Individual,Home,Yes,Website,3,1431381.65,1447.82,4.0,1,International Diversified Buyers,""Offer mortgage assistance, virtual property tours, overseas investment support, and flexible payment options."",High Investment"
"C1609,62,M,USA,California,Individual,Investment,No,Website,3,804844.43,900.46,2.0,3,Growth-Oriented Investors,""Recommend commercial properties, portfolio diversification opportunities, rental yield analysis, and investment seminars."",Low Investment"
"C1610,59,M,USA,California,Individual,Investment,No,Website,4,1249167.74,1114.2125,3.0,3,Growth-Oriented Investors,""Recommend commercial properties, portfolio diversification opportunities, rental yield analysis, and investment seminars."",Medium Investment"
"C1611,51,F,USA,Nevada,Individual,Investment,No,Website,4,1072189.52,842.75,4.0,3,Growth-Oriented Investors,""Recommend commercial properties, portfolio diversification opportunities, rental yield analysis, and investment seminars."",Low Investment"
"C1612,36,M,USA,California,Individual,Home,No,Agency,3,766554.56,839.1433333333334,1.0,3,Growth-Oriented Investors,""Recommend commercial properties, portfolio diversification opportunities, rental yield analysis, and investment seminars."",Low Investment"
"C1613,28,M,Denmark,Southern Denmark,Individual,Home,Yes,Agency,4,1608368.22,1400.6975,2.0,1,International Diversified Buyers,""Offer mortgage assistance, virtual property tours, overseas investment support, and flexible payment options."",High Investment"
"C1614,58,F,USA,Utah,Individual,Investment,No,Website,3,822155.05,1059.3466666666666,4.0,3,Growth-Oriented Investors,""Recommend commercial properties, portfolio diversification opportunities, rental yield analysis, and investment seminars."",Low Investment"
"C1615,63,M,USA,Utah,Individual,Home,No,Agency,3,857125.52,903.87,5.0,3,Growth-Oriented Investors,""Recommend commercial properties, portfolio diversification opportunities, rental yield analysis, and investment seminars."",Low Investment"
"C1616,35,M,UK,Wales,Individual,Investment,Yes,Website,4,1344053.71,1128.1275,5.0,1,International Diversified Buyers,""Offer mortgage assistance, virtual property tours, overseas investment support, and flexible payment options."",Medium Investment"
"C1617,74,F,USA,California,Individual,Home,No,Website,3,776005.5,839.1433333333334,3.0,3,Growth-Oriented Investors,""Recommend commercial properties, portfolio diversification opportunities, rental yield analysis, and investment seminars."",Low Investment"
"C1618,64,F,USA,Washington,Individual,Home,Yes,Website,4,1356655.6800000002,1103.3025,2.0,3,Growth-Oriented Investors,""Recommend commercial properties, portfolio diversification opportunities, rental yield analysis, and investment seminars."",Medium Investment"
"C1619,74,M,Belgium,Wallonia,Individual,Home,No,Website,4,1390206.46,1164.0149999999999,2.0,3,Growth-Oriented Investors,""Recommend commercial properties, portfolio diversification opportunities, rental yield analysis, and investment seminars."",High Investment"
"C1620,82,M,USA,California,Individual,Home,Yes,Website,3,788250.3500000001,979.0866666666667,1.0,3,Growth-Oriented Investors,""Recommend commercial properties, portfolio diversification opportunities, rental yield analysis, and investment seminars."",Low Investment"
"C1621,72,M,USA,Oregon,Individual,Investment,No,Agency,3,739739.97,973.09,2.0,3,Growth-Oriented Investors,""Recommend commercial properties, portfolio diversification opportunities, rental yield analysis, and investment seminars."",Low Investment"
"C1622,65,F,USA,Oregon,Individual,Home,Yes,Website,3,1054193.3599999999,1107.81,1.0,3,Growth-Oriented Investors,""Recommend commercial properties, portfolio diversification opportunities, rental yield analysis, and investment seminars."",Low Investment"
"C1623,32,F,USA,Oregon,Individual,Home,No,Website,3,1060233.46,1111.2966666666666,4.0,3,Growth-Oriented Investors,""Recommend commercial properties, portfolio diversification opportunities, rental yield analysis, and investment seminars."",Low Investment"
"C1624,75,F,USA,California,Individual,Home,Yes,Website,4,1943363.94,1602.67,4.0,3,Growth-Oriented Investors,""Recommend commercial properties, portfolio diversification opportunities, rental yield analysis, and investment seminars."",High Investment"
"C1625,26,M,Australia,Western Australia,Individual,Home,No,Agency,3,910587.85,1094.84,4.0,1,International Diversified Buyers,""Offer mortgage assistance, virtual property tours, overseas investment support, and flexible payment options."",Low Investment"
"C1626,56,F,France,Provence,Individual,Home,Yes,Website,3,1225657.22,1464.8466666666666,2.0,1,International Diversified Buyers,""Offer mortgage assistance, virtual property tours, overseas investment support, and flexible payment options."",Medium Investment"
"C1627,53,M,USA,California,Individual,Investment,No,Website,3,1275226.77,1527.8633333333335,1.0,3,Growth-Oriented Investors,""Recommend commercial properties, portfolio diversification opportunities, rental yield analysis, and investment seminars."",Medium Investment"
"C1628,33,F,France,Normandy,Company,Home,Yes,Website,3,800299.08,842.73,4.0,1,International Diversified Buyers,""Offer mortgage assistance, virtual property tours, overseas investment support, and flexible payment options."",Low Investment"
"C1629,70,F,USA,Utah,Individual,Home,No,Agency,3,789150.05,1008.13,5.0,3,Growth-Oriented Investors,""Recommend commercial properties, portfolio diversification opportunities, rental yield analysis, and investment seminars."",Low Investment"
"C1630,32,F,USA,Virginia,Company,Investment,Yes,Website,3,1206881.92,1338.1466666666668,1.0,3,Growth-Oriented Investors,""Recommend commercial properties, portfolio diversification opportunities, rental yield analysis, and investment seminars."",Medium Investment"
"C1631,60,F,UK,Northern Ireland,Individual,Home,No,Website,4,1683720.2,1267.07,5.0,1,International Diversified Buyers,""Offer mortgage assistance, virtual property tours, overseas investment support, and flexible payment options."",High Investment"
"C1632,63,F,USA,California,Individual,Investment,Yes,Agency,4,1425130.6800000002,1152.755,3.0,3,Growth-Oriented Investors,""Recommend commercial properties, portfolio diversification opportunities, rental yield analysis, and investment seminars."",High Investment"
"C1633,49,F,Canada,Ontario,Individual,Home,No,Website,3,847190.3300000001,976.8166666666666,2.0,1,International Diversified Buyers,""Offer mortgage assistance, virtual property tours, overseas investment support, and flexible payment options."",Low Investment"
"C1634,82,F,USA,Georgia,Individual,Investment,No,Website,4,1044217.01,872.2,2.0,3,Growth-Oriented Investors,""Recommend commercial properties, portfolio diversification opportunities, rental yield analysis, and investment seminars."",Low Investment"
"C1635,78,M,France,Brittany,Individual,Home,No,Website,4,1104480.44,919.7425000000001,1.0,1,International Diversified Buyers,""Offer mortgage assistance, virtual property tours, overseas investment support, and flexible payment options."",Medium Investment"
"C1636,39,F,USA,Arizona,Company,Home,Yes,Website,3,1171439.72,1308.5133333333333,5.0,3,Growth-Oriented Investors,""Recommend commercial properties, portfolio diversification opportunities, rental yield analysis, and investment seminars."",Medium Investment"
"C1637,57,M,Mexico,Nuevo Leon,Individual,Home,No,Agency,3,1333020.46,1525.18,5.0,1,International Diversified Buyers,""Offer mortgage assistance, virtual property tours, overseas investment support, and flexible payment options."",Medium Investment"
"C1638,48,F,France,Occitanie,Individual,Investment,Yes,Agency,3,1047895.71,1175.6833333333334,1.0,1,International Diversified Buyers,""Offer mortgage assistance, virtual property tours, overseas investment support, and flexible payment options."",Low Investment"
"C1639,83,M,USA,Colorado,Individual,Home,No,Website,4,1088561.44,975.4225,1.0,3,Growth-Oriented Investors,""Recommend commercial properties, portfolio diversification opportunities, rental yield analysis, and investment seminars."",Low Investment"
"C1640,60,F,USA,California,Individual,Home,Yes,Website,4,1172146.65,1047.99,1.0,3,Growth-Oriented Investors,""Recommend commercial properties, portfolio diversification opportunities, rental yield analysis, and investment seminars."",Medium Investment"
"C1641,54,M,USA,Utah,Individual,Home,No,Agency,4,1898878.08,1504.0974999999999,1.0,3,Growth-Oriented Investors,""Recommend commercial properties, portfolio diversification opportunities, rental yield analysis, and investment seminars."",High Investment"
"C1642,45,F,Canada,British Columbia,Individual,Home,No,Website,4,1441785.62,1167.1599999999999,5.0,1,International Diversified Buyers,""Offer mortgage assistance, virtual property tours, overseas investment support, and flexible payment options."",High Investment"
"C1643,48,M,France,Ile-de-France,Individual,Home,No,Agency,3,1182889.92,1468.6933333333334,4.0,1,International Diversified Buyers,""Offer mortgage assistance, virtual property tours, overseas investment support, and flexible payment options."",Medium Investment"
"C1644,82,F,USA,California,Individual,Home,No,Client,4,1312822.17,1024.3375,1.0,3,Growth-Oriented Investors,""Recommend commercial properties, portfolio diversification opportunities, rental yield analysis, and investment seminars."",Medium Investment"
"C1645,31,F,Australia,New South Wales,Individual,Investment,No,Website,4,1503973.21,1238.115,1.0,1,International Diversified Buyers,""Offer mortgage assistance, virtual property tours, overseas investment support, and flexible payment options."",High Investment"
"C1646,28,M,USA,Washington,Individual,Investment,Yes,Agency,3,972186.46,1052.4533333333334,4.0,3,Growth-Oriented Investors,""Recommend commercial properties, portfolio diversification opportunities, rental yield analysis, and investment seminars."",Low Investment"
"C1647,81,M,USA,Ohio,Individual,Home,Yes,Agency,3,1316368.95,1471.8999999999999,4.0,3,Growth-Oriented Investors,""Recommend commercial properties, portfolio diversification opportunities, rental yield analysis, and investment seminars."",Medium Investment"
"C1648,77,F,Australia,New South Wales,Individual,Home,No,Website,3,1282946.7,1476.9433333333334,3.0,1,International Diversified Buyers,""Offer mortgage assistance, virtual property tours, overseas investment support, and flexible payment options."",Medium Investment"
"C1649,44,F,USA,Oregon,Individual,Home,Yes,Agency,4,1540887.81,1254.045,4.0,3,Growth-Oriented Investors,""Recommend commercial properties, portfolio diversification opportunities, rental yield analysis, and investment seminars."",High Investment"
"C1650,57,M,USA,Washington,Individual,Investment,No,Website,3,1065238.5,1057.95,2.0,3,Growth-Oriented Investors,""Recommend commercial properties, portfolio diversification opportunities, rental yield analysis, and investment seminars."",Low Investment"
"C1651,81,M,USA,California,Individual,Investment,No,Website,3,962066.4199999999,880.66,4.0,3,Growth-Oriented Investors,""Recommend commercial properties, portfolio diversification opportunities, rental yield analysis, and investment seminars."",Low Investment"
"C1652,62,M,USA,Nevada,Individual,Investment,Yes,Client,3,1078933.8,1168.3833333333334,4.0,3,Growth-Oriented Investors,""Recommend commercial properties, portfolio diversification opportunities, rental yield analysis, and investment seminars."",Low Investment"
"C1653,52,F,USA,Colorado,Individual,Investment,Yes,Website,4,957106.48,860.9325,4.0,3,Growth-Oriented Investors,""Recommend commercial properties, portfolio diversification opportunities, rental yield analysis, and investment seminars."",Low Investment"
"C1654,58,F,USA,California,Individual,Home,No,Website,4,1250065.3800000001,951.6375,1.0,3,Growth-Oriented Investors,""Recommend commercial properties, portfolio diversification opportunities, rental yield analysis, and investment seminars."",Medium Investment"
"C1655,61,F,USA,Texas,Individual,Investment,No,Website,3,974749.8,1088.5866666666668,2.0,3,Growth-Oriented Investors,""Recommend commercial properties, portfolio diversification opportunities, rental yield analysis, and investment seminars."",Low Investment"
"C1656,35,M,Belgium,Wallonia,Individual,Investment,Yes,Website,4,1401657.84,1182.3725,4.0,3,Growth-Oriented Investors,""Recommend commercial properties, portfolio diversification opportunities, rental yield analysis, and investment seminars."",High Investment"
"C1657,68,M,USA,California,Individual,Home,No,Website,4,1316624.69,1023.9675,2.0,3,Growth-Oriented Investors,""Recommend commercial properties, portfolio diversification opportunities, rental yield analysis, and investment seminars."",Medium Investment"
"C1658,56,M,USA,California,Individual,Home,No,Agency,4,1243178.6,984.12,5.0,3,Growth-Oriented Investors,""Recommend commercial properties, portfolio diversification opportunities, rental yield analysis, and investment seminars."",Medium Investment"
"C1659,80,M,Denmark,Zealand,Individual,Home,No,Website,4,1576416.87,1307.3,4.0,1,International Diversified Buyers,""Offer mortgage assistance, virtual property tours, overseas investment support, and flexible payment options."",High Investment"
"C1660,86,M,USA,Nevada,Individual,Home,Yes,Website,4,1330046.48,1068.57,4.0,3,Growth-Oriented Investors,""Recommend commercial properties, portfolio diversification opportunities, rental yield analysis, and investment seminars."",Medium Investment"
"C1661,51,M,USA,Washington,Individual,Home,No,Agency,3,1511063.27,1599.3433333333332,4.0,3,Growth-Oriented Investors,""Recommend commercial properties, portfolio diversification opportunities, rental yield analysis, and investment seminars."",High Investment"
"C1662,59,M,Russia,Tatarstan,Individual,Home,No,Website,4,1505862.74,1320.35,4.0,1,International Diversified Buyers,""Offer mortgage assistance, virtual property tours, overseas investment support, and flexible payment options."",High Investment"
"C1663,49,M,USA,Colorado,Individual,Investment,No,Agency,3,926064.21,1042.71,3.0,3,Growth-Oriented Investors,""Recommend commercial properties, portfolio diversification opportunities, rental yield analysis, and investment seminars."",Low Investment"
"C1664,57,F,France,Occitanie,Individual,Investment,No,Agency,3,1390001.73,1445.2933333333333,5.0,1,International Diversified Buyers,""Offer mortgage assistance, virtual property tours, overseas investment support, and flexible payment options."",High Investment"
"C1665,31,M,USA,Arizona,Individual,Home,No,Website,4,966971.19,827.2,5.0,3,Growth-Oriented Investors,""Recommend commercial properties, portfolio diversification opportunities, rental yield analysis, and investment seminars."",Low Investment"
"C1666,64,F,USA,Ohio,Individual,Home,No,Website,3,706503.5900000001,736.0433333333334,2.0,3,Growth-Oriented Investors,""Recommend commercial properties, portfolio diversification opportunities, rental yield analysis, and investment seminars."",Low Investment"
"C1667,59,F,USA,California,Individual,Investment,No,Agency,3,831811.52,862.11,4.0,3,Growth-Oriented Investors,""Recommend commercial properties, portfolio diversification opportunities, rental yield analysis, and investment seminars."",Low Investment"
"C1668,69,M,Australia,Victoria,Individual,Home,No,Website,4,1046863.21,872.2,5.0,1,International Diversified Buyers,""Offer mortgage assistance, virtual property tours, overseas investment support, and flexible payment options."",Low Investment"
"C1669,66,M,Canada,Alberta,Individual,Investment,Yes,Agency,4,948271.3400000001,837.5225,3.0,1,International Diversified Buyers,""Offer mortgage assistance, virtual property tours, overseas investment support, and flexible payment options."",Low Investment"
"C1670,56,F,USA,Colorado,Individual,Home,Yes,Website,4,1356021.03,1076.59,3.0,3,Growth-Oriented Investors,""Recommend commercial properties, portfolio diversification opportunities, rental yield analysis, and investment seminars."",Medium Investment"
"C1671,78,F,USA,California,Individual,Home,No,Agency,4,1329236.75,1120.62,3.0,3,Growth-Oriented Investors,""Recommend commercial properties, portfolio diversification opportunities, rental yield analysis, and investment seminars."",Medium Investment"
"C1672,52,F,USA,Nevada,Individual,Investment,No,Website,3,728363.1699999999,889.9166666666666,4.0,3,Growth-Oriented Investors,""Recommend commercial properties, portfolio diversification opportunities, rental yield analysis, and investment seminars."",Low Investment"
"C1673,34,F,USA,Washington,Individual,Home,Yes,Website,4,1803634.76,1422.9925,1.0,3,Growth-Oriented Investors,""Recommend commercial properties, portfolio diversification opportunities, rental yield analysis, and investment seminars."",High Investment"
"C1674,85,F,USA,California,Individual,Home,Yes,Website,4,1614623.53,1268.7075,5.0,3,Growth-Oriented Investors,""Recommend commercial properties, portfolio diversification opportunities, rental yield analysis, and investment seminars."",High Investment"
"C1675,41,F,Canada,Alberta,Individual,Investment,No,Website,3,918037.6799999999,1012.96,5.0,1,International Diversified Buyers,""Offer mortgage assistance, virtual property tours, overseas investment support, and flexible payment options."",Low Investment"
"C1676,27,F,USA,Washington,Individual,Home,No,Website,4,1251637.0,1019.1225,2.0,3,Growth-Oriented Investors,""Recommend commercial properties, portfolio diversification opportunities, rental yield analysis, and investment seminars."",Medium Investment"
"C1677,62,M,USA,Texas,Individual,Home,Yes,Website,3,942915.1799999999,975.9433333333333,1.0,3,Growth-Oriented Investors,""Recommend commercial properties, portfolio diversification opportunities, rental yield analysis, and investment seminars."",Low Investment"
"C1678,65,M,USA,California,Individual,Home,Yes,Agency,3,1377654.29,1650.4733333333334,1.0,3,Growth-Oriented Investors,""Recommend commercial properties, portfolio diversification opportunities, rental yield analysis, and investment seminars."",High Investment"
"C1679,40,F,USA,Nevada,Individual,Investment,No,Website,3,1194618.9,1268.0466666666669,4.0,3,Growth-Oriented Investors,""Recommend commercial properties, portfolio diversification opportunities, rental yield analysis, and investment seminars."",Medium Investment"
"C1680,27,F,USA,California,Individual,Investment,No,Agency,3,665078.77,692.13,4.0,3,Growth-Oriented Investors,""Recommend commercial properties, portfolio diversification opportunities, rental yield analysis, and investment seminars."",Low Investment"
"C1681,65,M,USA,Oregon,Individual,Home,Yes,Client,4,1408304.94,1156.7625,3.0,3,Growth-Oriented Investors,""Recommend commercial properties, portfolio diversification opportunities, rental yield analysis, and investment seminars."",High Investment"
"C1682,39,F,USA,Nevada,Individual,Home,No,Website,4,1469905.41,1257.0925,2.0,3,Growth-Oriented Investors,""Recommend commercial properties, portfolio diversification opportunities, rental yield analysis, and investment seminars."",High Investment"
"C1683,27,F,USA,Oregon,Individual,Investment,No,Client,4,1410114.6,1144.74,1.0,3,Growth-Oriented Investors,""Recommend commercial properties, portfolio diversification opportunities, rental yield analysis, and investment seminars."",High Investment"
"C1684,49,F,USA,Colorado,Individual,Investment,No,Website,4,1109440.17,883.4825000000001,4.0,3,Growth-Oriented Investors,""Recommend commercial properties, portfolio diversification opportunities, rental yield analysis, and investment seminars."",Medium Investment"
"C1685,49,F,USA,California,Individual,Home,No,Agency,3,1109623.75,1274.52,5.0,3,Growth-Oriented Investors,""Recommend commercial properties, portfolio diversification opportunities, rental yield analysis, and investment seminars."",Medium Investment"
"C1686,49,M,USA,California,Individual,Investment,Yes,Agency,4,1214377.82,1073.905,2.0,3,Growth-Oriented Investors,""Recommend commercial properties, portfolio diversification opportunities, rental yield analysis, and investment seminars."",Medium Investment"
"C1687,59,M,USA,California,Individual,Home,Yes,Website,4,1026117.62,935.37,4.0,3,Growth-Oriented Investors,""Recommend commercial properties, portfolio diversification opportunities, rental yield analysis, and investment seminars."",Low Investment"
"C1688,30,F,USA,Oregon,Individual,Home,No,Client,3,1314384.27,1281.9566666666667,5.0,3,Growth-Oriented Investors,""Recommend commercial properties, portfolio diversification opportunities, rental yield analysis, and investment seminars."",Medium Investment"
"C1689,41,F,USA,Oregon,Individual,Investment,Yes,Client,3,896100.8,973.09,1.0,3,Growth-Oriented Investors,""Recommend commercial properties, portfolio diversification opportunities, rental yield analysis, and investment seminars."",Low Investment"
"C1690,75,M,Denmark,North Denmark,Individual,Home,Yes,Agency,3,1662639.06,1754.9366666666667,2.0,1,International Diversified Buyers,""Offer mortgage assistance, virtual property tours, overseas investment support, and flexible payment options."",High Investment"
"C1691,80,M,USA,Arizona,Individual,Home,No,Website,4,1212731.6,984.9525,5.0,3,Growth-Oriented Investors,""Recommend commercial properties, portfolio diversification opportunities, rental yield analysis, and investment seminars."",Medium Investment"
"C1692,35,M,Canada,Ontario,Individual,Home,Yes,Agency,4,1165619.9100000001,984.9525,5.0,1,International Diversified Buyers,""Offer mortgage assistance, virtual property tours, overseas investment support, and flexible payment options."",Medium Investment"
"C1693,36,M,Belgium,Flanders,Individual,Home,No,Website,4,1557035.08,1342.1525000000001,1.0,3,Growth-Oriented Investors,""Recommend commercial properties, portfolio diversification opportunities, rental yield analysis, and investment seminars."",High Investment"
"C1694,69,F,USA,Virginia,Individual,Home,No,Agency,4,1457395.73,1202.695,5.0,3,Growth-Oriented Investors,""Recommend commercial properties, portfolio diversification opportunities, rental yield analysis, and investment seminars."",High Investment"
"C1695,71,F,Belgium,Flanders,Individual,Home,No,Website,3,975866.19,1111.2966666666666,5.0,3,Growth-Oriented Investors,""Recommend commercial properties, portfolio diversification opportunities, rental yield analysis, and investment seminars."",Low Investment"
"C1696,39,F,USA,Florida,Individual,Home,No,Website,4,1316025.35,1092.085,1.0,2,Premium Independent Buyers,""Recommend luxury residences, VIP investment consultations, premium memberships, and exclusive project launches."",Medium Investment"
"C1697,46,F,Belgium,Brussels,Individual,Home,No,Client,4,802813.26,700.7825,2.0,3,Growth-Oriented Investors,""Recommend commercial properties, portfolio diversification opportunities, rental yield analysis, and investment seminars."",Low Investment"
"C1698,76,M,UK,Northern Ireland,Individual,Home,Yes,Website,3,764529.97,901.6266666666667,4.0,1,International Diversified Buyers,""Offer mortgage assistance, virtual property tours, overseas investment support, and flexible payment options."",Low Investment"
"C1699,57,M,Australia,Western Australia,Individual,Home,Yes,Agency,4,1161971.24,946.6524999999999,3.0,1,International Diversified Buyers,""Offer mortgage assistance, virtual property tours, overseas investment support, and flexible payment options."",Medium Investment"
"C1700,83,M,USA,Nevada,Individual,Home,No,Website,4,1293648.37,1050.5725,3.0,3,Growth-Oriented Investors,""Recommend commercial properties, portfolio diversification opportunities, rental yield analysis, and investment seminars."",Medium Investment"
"C1701,44,F,USA,Arizona,Individual,Home,No,Website,3,916043.72,979.0866666666667,1.0,3,Growth-Oriented Investors,""Recommend commercial properties, portfolio diversification opportunities, rental yield analysis, and investment seminars."",Low Investment"
"C1702,36,M,USA,Washington,Individual,Investment,Yes,Website,3,1259181.49,1477.03,5.0,3,Growth-Oriented Investors,""Recommend commercial properties, portfolio diversification opportunities, rental yield analysis, and investment seminars."",Medium Investment"
"C1703,27,M,USA,Texas,Individual,Investment,No,Agency,3,868665.77,980.8699999999999,4.0,3,Growth-Oriented Investors,""Recommend commercial properties, portfolio diversification opportunities, rental yield analysis, and investment seminars."",Low Investment"
"C1704,63,F,Denmark,Capital Region,Individual,Home,No,Agency,3,1131490.6400000001,1251.25,4.0,1,International Diversified Buyers,""Offer mortgage assistance, virtual property tours, overseas investment support, and flexible payment options."",Medium Investment"
"C1705,47,M,USA,Virginia,Individual,Investment,Yes,Website,3,1031987.6799999999,1049.3066666666666,3.0,3,Growth-Oriented Investors,""Recommend commercial properties, portfolio diversification opportunities, rental yield analysis, and investment seminars."",Low Investment"
"C1706,50,M,USA,California,Individual,Home,Yes,Website,4,1417221.48,1128.9675,3.0,3,Growth-Oriented Investors,""Recommend commercial properties, portfolio diversification opportunities, rental yield analysis, and investment seminars."",High Investment"
"C1707,53,M,USA,Georgia,Individual,Home,Yes,Website,3,770609.62,899.7566666666667,1.0,3,Growth-Oriented Investors,""Recommend commercial properties, portfolio diversification opportunities, rental yield analysis, and investment seminars."",Low Investment"
"C1708,40,F,Germany,Hesse,Individual,Home,Yes,Agency,3,854426.52,897.3100000000001,1.0,1,International Diversified Buyers,""Offer mortgage assistance, virtual property tours, overseas investment support, and flexible payment options."",Low Investment"
"C1709,80,F,USA,Arizona,Individual,Investment,No,Agency,3,1336416.1600000001,1513.17,3.0,3,Growth-Oriented Investors,""Recommend commercial properties, portfolio diversification opportunities, rental yield analysis, and investment seminars."",Medium Investment"
"C1710,69,M,Canada,Alberta,Individual,Investment,Yes,Website,3,1027918.12,1156.0800000000002,2.0,1,International Diversified Buyers,""Offer mortgage assistance, virtual property tours, overseas investment support, and flexible payment options."",Low Investment"
"C1711,45,F,USA,California,Individual,Investment,Yes,Website,4,1015613.11,836.9425,3.0,3,Growth-Oriented Investors,""Recommend commercial properties, portfolio diversification opportunities, rental yield analysis, and investment seminars."",Low Investment"
"C1712,55,M,France,Occitanie,Individual,Home,No,Website,4,1280242.15,1102.08,5.0,1,International Diversified Buyers,""Offer mortgage assistance, virtual property tours, overseas investment support, and flexible payment options."",Medium Investment"
"C1713,45,F,USA,Oregon,Individual,Home,No,Website,4,1401670.4500000002,1186.5225,1.0,3,Growth-Oriented Investors,""Recommend commercial properties, portfolio diversification opportunities, rental yield analysis, and investment seminars."",High Investment"
"C1714,78,M,USA,Colorado,Individual,Home,No,Website,4,1054289.58,823.6625,3.0,3,Growth-Oriented Investors,""Recommend commercial properties, portfolio diversification opportunities, rental yield analysis, and investment seminars."",Low Investment"
"C1715,63,F,USA,Florida,Individual,Home,Yes,Agency,4,987214.1799999999,900.39,3.0,2,Premium Independent Buyers,""Recommend luxury residences, VIP investment consultations, premium memberships, and exclusive project launches."",Low Investment"
"C1716,46,F,USA,California,Individual,Home,No,Website,3,1027286.48,1129.1766666666665,1.0,3,Growth-Oriented Investors,""Recommend commercial properties, portfolio diversification opportunities, rental yield analysis, and investment seminars."",Low Investment"
"C1717,85,F,USA,California,Individual,Home,Yes,Website,3,915606.0700000001,980.8699999999999,4.0,3,Growth-Oriented Investors,""Recommend commercial properties, portfolio diversification opportunities, rental yield analysis, and investment seminars."",Low Investment"
"C1718,31,F,USA,California,Individual,Home,No,Website,4,1362121.47,1150.74,1.0,3,Growth-Oriented Investors,""Recommend commercial properties, portfolio diversification opportunities, rental yield analysis, and investment seminars."",High Investment"
"C1719,66,M,USA,Florida,Company,Home,No,Agency,3,1178759.88,1263.8633333333335,2.0,2,Premium Independent Buyers,""Recommend luxury residences, VIP investment consultations, premium memberships, and exclusive project launches."",Medium Investment"
"C1720,30,F,USA,California,Individual,Home,Yes,Website,4,1396671.77,1122.0925,5.0,3,Growth-Oriented Investors,""Recommend commercial properties, portfolio diversification opportunities, rental yield analysis, and investment seminars."",High Investment"
"C1721,40,M,USA,Nevada,Individual,Home,No,Agency,4,1282729.71,1034.0675,2.0,3,Growth-Oriented Investors,""Recommend commercial properties, portfolio diversification opportunities, rental yield analysis, and investment seminars."",Medium Investment"
"C1722,44,F,USA,Nevada,Individual,Home,No,Website,4,1676365.72,1307.3,3.0,3,Growth-Oriented Investors,""Recommend commercial properties, portfolio diversification opportunities, rental yield analysis, and investment seminars."",High Investment"
"C1723,28,F,Canada,Quebec,Individual,Home,Yes,Agency,4,1084602.42,900.39,2.0,1,International Diversified Buyers,""Offer mortgage assistance, virtual property tours, overseas investment support, and flexible payment options."",Low Investment"
"C1724,70,M,USA,Virginia,Individual,Home,No,Website,4,1646338.3599999999,1358.9675,4.0,3,Growth-Oriented Investors,""Recommend commercial properties, portfolio diversification opportunities, rental yield analysis, and investment seminars."",High Investment"
"C1725,67,F,USA,Nevada,Individual,Home,Yes,Website,4,1352500.23,1167.3975,3.0,3,Growth-Oriented Investors,""Recommend commercial properties, portfolio diversification opportunities, rental yield analysis, and investment seminars."",Medium Investment"
"C1726,78,F,UK,Northern Ireland,Individual,Home,No,Website,3,1141107.24,1193.7733333333333,3.0,1,International Diversified Buyers,""Offer mortgage assistance, virtual property tours, overseas investment support, and flexible payment options."",Medium Investment"
"C1727,81,F,USA,New York,Individual,Home,No,Website,4,1563834.42,1210.7375,3.0,0,Stable Home Buyers,""Recommend residential apartments, family villas, loyalty rewards, and simplified online booking services."",High Investment"
"C1728,82,F,USA,Oregon,Individual,Home,Yes,Client,4,1436312.58,1225.2649999999999,3.0,3,Growth-Oriented Investors,""Recommend commercial properties, portfolio diversification opportunities, rental yield analysis, and investment seminars."",High Investment"
"C1729,71,M,Canada,British Columbia,Individual,Home,Yes,Website,3,956356.54,1090.7733333333333,3.0,1,International Diversified Buyers,""Offer mortgage assistance, virtual property tours, overseas investment support, and flexible payment options."",Low Investment"
"C1730,47,M,Mexico,Puebla,Individual,Investment,Yes,Agency,3,796432.48,922.6899999999999,5.0,1,International Diversified Buyers,""Offer mortgage assistance, virtual property tours, overseas investment support, and flexible payment options."",Low Investment"
"C1731,55,M,USA,California,Individual,Home,Yes,Website,4,1172220.1099999999,966.56,4.0,3,Growth-Oriented Investors,""Recommend commercial properties, portfolio diversification opportunities, rental yield analysis, and investment seminars."",Medium Investment"
"C1732,56,F,Canada,Alberta,Individual,Investment,No,Agency,3,1551003.8399999999,1654.4733333333334,2.0,1,International Diversified Buyers,""Offer mortgage assistance, virtual property tours, overseas investment support, and flexible payment options."",High Investment"
"C1733,78,F,USA,California,Individual,Home,Yes,Agency,4,1179975.09,1009.9325,3.0,3,Growth-Oriented Investors,""Recommend commercial properties, portfolio diversification opportunities, rental yield analysis, and investment seminars."",Medium Investment"
"C1734,51,M,USA,California,Individual,Home,No,Website,3,1078504.94,1254.5033333333333,5.0,3,Growth-Oriented Investors,""Recommend commercial properties, portfolio diversification opportunities, rental yield analysis, and investment seminars."",Low Investment"
"C1735,57,F,USA,Utah,Individual,Investment,No,Website,3,1139995.98,1258.3999999999999,3.0,3,Growth-Oriented Investors,""Recommend commercial properties, portfolio diversification opportunities, rental yield analysis, and investment seminars."",Medium Investment"
"C1736,37,F,USA,California,Individual,Investment,Yes,Website,4,1482243.88,1122.0925,4.0,3,Growth-Oriented Investors,""Recommend commercial properties, portfolio diversification opportunities, rental yield analysis, and investment seminars."",High Investment"
"C1737,34,F,USA,California,Individual,Investment,No,Website,3,1060946.57,1090.7733333333333,3.0,3,Growth-Oriented Investors,""Recommend commercial properties, portfolio diversification opportunities, rental yield analysis, and investment seminars."",Low Investment"
"C1738,49,F,USA,California,Individual,Home,No,Website,3,861195.69,1016.7633333333333,5.0,3,Growth-Oriented Investors,""Recommend commercial properties, portfolio diversification opportunities, rental yield analysis, and investment seminars."",Low Investment"
"C1739,41,M,Russia,Novosibirsk,Individual,Investment,Yes,Website,4,998344.48,872.2,3.0,1,International Diversified Buyers,""Offer mortgage assistance, virtual property tours, overseas investment support, and flexible payment options."",Low Investment"
"C1740,75,F,USA,California,Individual,Home,Yes,Website,4,1439013.3399999999,1164.015,5.0,3,Growth-Oriented Investors,""Recommend commercial properties, portfolio diversification opportunities, rental yield analysis, and investment seminars."",High Investment"
"C1741,50,M,USA,Virginia,Individual,Home,No,Website,4,1310713.04,1140.38,5.0,3,Growth-Oriented Investors,""Recommend commercial properties, portfolio diversification opportunities, rental yield analysis, and investment seminars."",Medium Investment"
"C1742,38,F,USA,California,Company,Home,No,Agency,3,1177856.21,1431.79,5.0,3,Growth-Oriented Investors,""Recommend commercial properties, portfolio diversification opportunities, rental yield analysis, and investment seminars."",Medium Investment"
"C1743,80,F,Belgium,Flanders,Individual,Home,No,Client,3,839069.28,881.7833333333333,1.0,3,Growth-Oriented Investors,""Recommend commercial properties, portfolio diversification opportunities, rental yield analysis, and investment seminars."",Low Investment"
"C1744,65,M,Russia,Krasnodar Krai,Individual,Investment,No,Website,4,1320002.42,1092.085,1.0,1,International Diversified Buyers,""Offer mortgage assistance, virtual property tours, overseas investment support, and flexible payment options."",Medium Investment"
"C1745,50,F,USA,California,Individual,Home,No,Website,3,1261495.5,1487.6599999999999,1.0,3,Growth-Oriented Investors,""Recommend commercial properties, portfolio diversification opportunities, rental yield analysis, and investment seminars."",Medium Investment"
"C1746,67,F,Belgium,Flanders,Individual,Home,No,Website,3,793835.85,874.19,3.0,3,Growth-Oriented Investors,""Recommend commercial properties, portfolio diversification opportunities, rental yield analysis, and investment seminars."",Low Investment"
"C1747,61,M,USA,Colorado,Individual,Home,No,Client,3,1016661.44,1059.1499999999999,5.0,3,Growth-Oriented Investors,""Recommend commercial properties, portfolio diversification opportunities, rental yield analysis, and investment seminars."",Low Investment"
"C1748,76,M,USA,California,Individual,Home,Yes,Website,3,1112272.46,1274.52,4.0,3,Growth-Oriented Investors,""Recommend commercial properties, portfolio diversification opportunities, rental yield analysis, and investment seminars."",Medium Investment"
"C1749,70,M,USA,California,Individual,Home,No,Website,3,832665.62,862.1066666666666,3.0,3,Growth-Oriented Investors,""Recommend commercial properties, portfolio diversification opportunities, rental yield analysis, and investment seminars."",Low Investment"
"C1750,35,M,USA,Colorado,Company,Home,No,Website,4,1497163.73,1150.2,3.0,3,Growth-Oriented Investors,""Recommend commercial properties, portfolio diversification opportunities, rental yield analysis, and investment seminars."",High Investment"
"C1751,71,F,USA,Ohio,Individual,Home,No,Website,4,873120.47,700.7825,5.0,3,Growth-Oriented Investors,""Recommend commercial properties, portfolio diversification opportunities, rental yield analysis, and investment seminars."",Low Investment"
"C1752,46,M,USA,California,Individual,Investment,Yes,Website,3,1119600.47,1152.5966666666666,1.0,3,Growth-Oriented Investors,""Recommend commercial properties, portfolio diversification opportunities, rental yield analysis, and investment seminars."",Medium Investment"
"C1753,81,M,USA,Georgia,Individual,Investment,Yes,Website,3,770077.48,964.2666666666668,3.0,3,Growth-Oriented Investors,""Recommend commercial properties, portfolio diversification opportunities, rental yield analysis, and investment seminars."",Low Investment"
"C1754,31,M,USA,Virginia,Individual,Home,Yes,Website,3,1361555.24,1471.8999999999999,2.0,3,Growth-Oriented Investors,""Recommend commercial properties, portfolio diversification opportunities, rental yield analysis, and investment seminars."",Medium Investment"
"C1755,28,M,USA,Nevada,Individual,Home,Yes,Website,3,672116.9199999999,776.2433333333333,1.0,3,Growth-Oriented Investors,""Recommend commercial properties, portfolio diversification opportunities, rental yield analysis, and investment seminars."",Low Investment"
"C1756,36,M,USA,Utah,Individual,Home,No,Website,4,1481404.3900000001,1146.0149999999999,1.0,3,Growth-Oriented Investors,""Recommend commercial properties, portfolio diversification opportunities, rental yield analysis, and investment seminars."",High Investment"
"C1757,41,M,Germany,Bavaria,Individual,Home,No,Client,3,1125366.62,1182.08,3.0,1,International Diversified Buyers,""Offer mortgage assistance, virtual property tours, overseas investment support, and flexible payment options."",Medium Investment"
"C1758,41,M,USA,Oregon,Individual,Investment,Yes,Agency,4,1006481.1799999999,801.065,4.0,3,Growth-Oriented Investors,""Recommend commercial properties, portfolio diversification opportunities, rental yield analysis, and investment seminars."",Low Investment"
"C1759,52,M,USA,California,Individual,Investment,No,Website,4,1031917.22,831.47,1.0,3,Growth-Oriented Investors,""Recommend commercial properties, portfolio diversification opportunities, rental yield analysis, and investment seminars."",Low Investment"
"C1760,51,F,Belgium,Brussels,Individual,Home,No,Website,4,1454358.32,1265.3825,2.0,3,Growth-Oriented Investors,""Recommend commercial properties, portfolio diversification opportunities, rental yield analysis, and investment seminars."",High Investment"
"C1761,71,M,USA,Washington,Individual,Home,No,Website,4,1181772.43,972.335,1.0,3,Growth-Oriented Investors,""Recommend commercial properties, portfolio diversification opportunities, rental yield analysis, and investment seminars."",Medium Investment"
"C1762,62,M,USA,Virginia,Individual,Home,No,Website,3,1023352.22,1090.9466666666667,1.0,3,Growth-Oriented Investors,""Recommend commercial properties, portfolio diversification opportunities, rental yield analysis, and investment seminars."",Low Investment"
"C1763,72,F,USA,New York,Individual,Home,No,Website,4,1789381.67,1374.585,3.0,0,Stable Home Buyers,""Recommend residential apartments, family villas, loyalty rewards, and simplified online booking services."",High Investment"
"C1764,80,F,USA,Nevada,Individual,Home,No,Agency,4,1668335.18,1338.8999999999999,2.0,3,Growth-Oriented Investors,""Recommend commercial properties, portfolio diversification opportunities, rental yield analysis, and investment seminars."",High Investment"
"C1765,29,F,USA,Colorado,Individual,Home,Yes,Client,4,1734167.51,1577.2325,1.0,3,Growth-Oriented Investors,""Recommend commercial properties, portfolio diversification opportunities, rental yield analysis, and investment seminars."",High Investment"
"C1766,33,F,USA,California,Individual,Home,No,Website,4,1371247.08,1071.3925,4.0,3,Growth-Oriented Investors,""Recommend commercial properties, portfolio diversification opportunities, rental yield analysis, and investment seminars."",High Investment"
"C1767,48,M,USA,Colorado,Individual,Home,No,Website,4,1455838.9100000001,1123.3175,3.0,3,Growth-Oriented Investors,""Recommend commercial properties, portfolio diversification opportunities, rental yield analysis, and investment seminars."",High Investment"
"C1768,83,F,Russia,Saint Petersburg,Individual,Home,No,Website,4,985105.21,834.6575,4.0,1,International Diversified Buyers,""Offer mortgage assistance, virtual property tours, overseas investment support, and flexible payment options."",Low Investment"
"C1769,41,M,USA,Oregon,Company,Home,Yes,Client,3,985909.0,1101.55,1.0,3,Growth-Oriented Investors,""Recommend commercial properties, portfolio diversification opportunities, rental yield analysis, and investment seminars."",Low Investment"
"C1770,81,F,USA,Washington,Individual,Home,Yes,Agency,3,1334771.42,1469.18,1.0,3,Growth-Oriented Investors,""Recommend commercial properties, portfolio diversification opportunities, rental yield analysis, and investment seminars."",Medium Investment"
"C1771,51,M,USA,Georgia,Company,Home,Yes,Client,3,1280895.97,1435.6633333333332,3.0,3,Growth-Oriented Investors,""Recommend commercial properties, portfolio diversification opportunities, rental yield analysis, and investment seminars."",Medium Investment"
"C1772,51,F,Canada,Alberta,Company,Investment,Yes,Agency,4,1105281.92,1015.8675,5.0,1,International Diversified Buyers,""Offer mortgage assistance, virtual property tours, overseas investment support, and flexible payment options."",Medium Investment"
"C1773,46,M,USA,Nevada,Individual,Investment,Yes,Agency,4,1284141.19,984.6475,3.0,3,Growth-Oriented Investors,""Recommend commercial properties, portfolio diversification opportunities, rental yield analysis, and investment seminars."",Medium Investment"
"C1774,42,M,USA,Oregon,Individual,Home,No,Agency,4,1169335.49,1008.6625,4.0,3,Growth-Oriented Investors,""Recommend commercial properties, portfolio diversification opportunities, rental yield analysis, and investment seminars."",Medium Investment"
"C1775,56,F,USA,California,Individual,Home,No,Agency,4,1414776.99,1102.9724999999999,3.0,3,Growth-Oriented Investors,""Recommend commercial properties, portfolio diversification opportunities, rental yield analysis, and investment seminars."",High Investment"
"C1776,53,F,France,Occitanie,Individual,Home,No,Website,3,1071718.4,1196.1733333333334,1.0,1,International Diversified Buyers,""Offer mortgage assistance, virtual property tours, overseas investment support, and flexible payment options."",Low Investment"
"C1777,52,M,USA,California,Individual,Investment,No,Client,3,784629.95,900.46,5.0,3,Growth-Oriented Investors,""Recommend commercial properties, portfolio diversification opportunities, rental yield analysis, and investment seminars."",Low Investment"
"C1778,32,M,USA,Georgia,Individual,Investment,Yes,Website,3,1216664.8199999998,1339.73,4.0,3,Growth-Oriented Investors,""Recommend commercial properties, portfolio diversification opportunities, rental yield analysis, and investment seminars."",Medium Investment"
"C1779,47,F,USA,California,Individual,Home,No,Client,4,1563236.5499999998,1287.1,5.0,3,Growth-Oriented Investors,""Recommend commercial properties, portfolio diversification opportunities, rental yield analysis, and investment seminars."",High Investment"
"C1780,70,M,USA,Utah,Individual,Investment,No,Website,4,1735557.1500000001,1341.715,1.0,3,Growth-Oriented Investors,""Recommend commercial properties, portfolio diversification opportunities, rental yield analysis, and investment seminars."",High Investment"
"C1781,58,F,USA,California,Individual,Home,No,Website,4,1383316.42,1164.0149999999999,4.0,3,Growth-Oriented Investors,""Recommend commercial properties, portfolio diversification opportunities, rental yield analysis, and investment seminars."",High Investment"
"C1782,27,F,UK,England,Individual,Investment,No,Website,4,897646.55,783.64,1.0,1,International Diversified Buyers,""Offer mortgage assistance, virtual property tours, overseas investment support, and flexible payment options."",Low Investment"
"C1783,72,M,USA,California,Individual,Home,No,Website,4,1136482.92,883.805,3.0,3,Growth-Oriented Investors,""Recommend commercial properties, portfolio diversification opportunities, rental yield analysis, and investment seminars."",Medium Investment"
"C1784,28,M,Australia,Western Australia,Individual,Home,No,Client,4,1352274.53,1106.8725,3.0,1,International Diversified Buyers,""Offer mortgage assistance, virtual property tours, overseas investment support, and flexible payment options."",Medium Investment"
"C1785,70,F,USA,Colorado,Individual,Home,Yes,Website,3,1006568.23,1156.5633333333333,1.0,3,Growth-Oriented Investors,""Recommend commercial properties, portfolio diversification opportunities, rental yield analysis, and investment seminars."",Low Investment"
"C1786,31,M,USA,California,Individual,Home,No,Website,4,1247095.22,1102.2725,1.0,3,Growth-Oriented Investors,""Recommend commercial properties, portfolio diversification opportunities, rental yield analysis, and investment seminars."",Medium Investment"
"C1787,71,M,USA,Georgia,Individual,Investment,No,Agency,4,1289585.42,1029.38,5.0,3,Growth-Oriented Investors,""Recommend commercial properties, portfolio diversification opportunities, rental yield analysis, and investment seminars."",Medium Investment"
"C1788,37,M,USA,California,Individual,Home,No,Website,3,1116876.81,1155.6966666666667,3.0,3,Growth-Oriented Investors,""Recommend commercial properties, portfolio diversification opportunities, rental yield analysis, and investment seminars."",Medium Investment"
"C1789,44,M,USA,Colorado,Individual,Home,Yes,Agency,3,1359605.1,1526.9566666666667,5.0,3,Growth-Oriented Investors,""Recommend commercial properties, portfolio diversification opportunities, rental yield analysis, and investment seminars."",Medium Investment"
"C1790,86,M,USA,Nevada,Individual,Investment,No,Client,4,1335521.08,1159.9675,5.0,3,Growth-Oriented Investors,""Recommend commercial properties, portfolio diversification opportunities, rental yield analysis, and investment seminars."",Medium Investment"
"C1791,60,M,USA,California,Individual,Home,No,Agency,3,894512.8,1050.08,5.0,3,Growth-Oriented Investors,""Recommend commercial properties, portfolio diversification opportunities, rental yield analysis, and investment seminars."",Low Investment"
"C1792,31,M,USA,California,Individual,Home,No,Agency,4,1948563.24,1676.3825,3.0,3,Growth-Oriented Investors,""Recommend commercial properties, portfolio diversification opportunities, rental yield analysis, and investment seminars."",High Investment"
"C1793,57,M,USA,Utah,Individual,Investment,No,Website,4,1317525.03,1102.08,1.0,3,Growth-Oriented Investors,""Recommend commercial properties, portfolio diversification opportunities, rental yield analysis, and investment seminars."",Medium Investment"
"C1794,31,M,USA,Colorado,Individual,Home,No,Website,4,1378476.06,1137.5875,3.0,3,Growth-Oriented Investors,""Recommend commercial properties, portfolio diversification opportunities, rental yield analysis, and investment seminars."",High Investment"
"C1795,81,M,USA,California,Individual,Home,Yes,Website,4,1058019.94,827.2,5.0,3,Growth-Oriented Investors,""Recommend commercial properties, portfolio diversification opportunities, rental yield analysis, and investment seminars."",Low Investment"
"C1796,76,F,USA,California,Individual,Investment,Yes,Client,3,1158919.94,1286.4833333333333,5.0,3,Growth-Oriented Investors,""Recommend commercial properties, portfolio diversification opportunities, rental yield analysis, and investment seminars."",Medium Investment"
"C1797,69,F,USA,Oregon,Individual,Home,Yes,Website,3,910545.9199999999,1033.6200000000001,3.0,3,Growth-Oriented Investors,""Recommend commercial properties, portfolio diversification opportunities, rental yield analysis, and investment seminars."",Low Investment"
"C1798,60,M,USA,Arizona,Individual,Investment,Yes,Website,4,1601121.79,1263.96,1.0,3,Growth-Oriented Investors,""Recommend commercial properties, portfolio diversification opportunities, rental yield analysis, and investment seminars."",High Investment"
"C1799,76,F,USA,Colorado,Individual,Home,No,Agency,4,1022792.49,823.6625,5.0,3,Growth-Oriented Investors,""Recommend commercial properties, portfolio diversification opportunities, rental yield analysis, and investment seminars."",Low Investment"
"C1800,82,M,USA,Oregon,Individual,Home,No,Client,3,1120963.1,1301.6499999999999,1.0,3,Growth-Oriented Investors,""Recommend commercial properties, portfolio diversification opportunities, rental yield analysis, and investment seminars."",Medium Investment"
"C1801,62,M,USA,California,Individual,Home,Yes,Website,3,1473065.73,1422.97,5.0,3,Growth-Oriented Investors,""Recommend commercial properties, portfolio diversification opportunities, rental yield analysis, and investment seminars."",High Investment"
"C1802,78,M,USA,Nevada,Individual,Investment,No,Client,4,1155979.49,1011.5875,1.0,3,Growth-Oriented Investors,""Recommend commercial properties, portfolio diversification opportunities, rental yield analysis, and investment seminars."",Medium Investment"
"C1803,39,F,Canada,Quebec,Individual,Investment,No,Agency,3,1329728.19,1443.9800000000002,5.0,1,International Diversified Buyers,""Offer mortgage assistance, virtual property tours, overseas investment support, and flexible payment options."",Medium Investment"
"C1804,37,M,USA,California,Individual,Home,No,Website,4,1735376.55,1504.0974999999999,1.0,3,Growth-Oriented Investors,""Recommend commercial properties, portfolio diversification opportunities, rental yield analysis, and investment seminars."",High Investment"
"C1805,73,M,UK,Northern Ireland,Individual,Investment,No,Website,4,1871670.17,1699.3675,3.0,1,International Diversified Buyers,""Offer mortgage assistance, virtual property tours, overseas investment support, and flexible payment options."",High Investment"
"C1806,59,F,Australia,New South Wales,Individual,Investment,No,Agency,3,974821.86,1049.3066666666666,2.0,1,International Diversified Buyers,""Offer mortgage assistance, virtual property tours, overseas investment support, and flexible payment options."",Low Investment"
"C1807,69,F,France,Brittany,Individual,Home,No,Website,3,1520931.78,1469.18,5.0,1,International Diversified Buyers,""Offer mortgage assistance, virtual property tours, overseas investment support, and flexible payment options."",High Investment"
"C1808,36,F,USA,Washington,Individual,Investment,No,Client,4,1102931.4500000002,989.46,2.0,3,Growth-Oriented Investors,""Recommend commercial properties, portfolio diversification opportunities, rental yield analysis, and investment seminars."",Medium Investment"
"C1809,45,F,USA,New York,Individual,Home,Yes,Agency,4,1221253.05,1104.2925,4.0,0,Stable Home Buyers,""Recommend residential apartments, family villas, loyalty rewards, and simplified online booking services."",Medium Investment"
"C1810,81,F,USA,Texas,Individual,Home,No,Agency,3,991862.87,1138.4233333333334,3.0,3,Growth-Oriented Investors,""Recommend commercial properties, portfolio diversification opportunities, rental yield analysis, and investment seminars."",Low Investment"
"C1811,68,F,USA,California,Individual,Home,Yes,Agency,4,1189519.9,1029.73,3.0,3,Growth-Oriented Investors,""Recommend commercial properties, portfolio diversification opportunities, rental yield analysis, and investment seminars."",Medium Investment"
"C1812,49,M,France,Provence,Individual,Home,Yes,Website,4,1080880.0,955.7624999999999,5.0,1,International Diversified Buyers,""Offer mortgage assistance, virtual property tours, overseas investment support, and flexible payment options."",Low Investment"
"C1813,79,M,Germany,Hamburg,Individual,Investment,Yes,Website,4,1552316.39,1294.645,3.0,1,International Diversified Buyers,""Offer mortgage assistance, virtual property tours, overseas investment support, and flexible payment options."",High Investment"
"C1814,39,M,Denmark,North Denmark,Individual,Home,No,Website,4,1303261.99,1153.0825,2.0,1,International Diversified Buyers,""Offer mortgage assistance, virtual property tours, overseas investment support, and flexible payment options."",Medium Investment"
"C1815,77,M,USA,California,Individual,Home,No,Agency,4,1182628.3,942.035,5.0,3,Growth-Oriented Investors,""Recommend commercial properties, portfolio diversification opportunities, rental yield analysis, and investment seminars."",Medium Investment"
"C1816,64,M,Canada,Quebec,Individual,Home,No,Website,4,1078876.87,909.9825,2.0,1,International Diversified Buyers,""Offer mortgage assistance, virtual property tours, overseas investment support, and flexible payment options."",Low Investment"
"C1817,82,F,USA,Virginia,Individual,Home,No,Agency,3,1240667.65,1412.0199999999998,1.0,3,Growth-Oriented Investors,""Recommend commercial properties, portfolio diversification opportunities, rental yield analysis, and investment seminars."",Medium Investment"
"C1818,32,F,USA,Washington,Individual,Investment,Yes,Website,3,814797.06,851.4266666666667,5.0,3,Growth-Oriented Investors,""Recommend commercial properties, portfolio diversification opportunities, rental yield analysis, and investment seminars."",Low Investment"
"C1819,63,M,Russia,Krasnodar Krai,Individual,Home,No,Website,3,1067644.33,1339.7466666666667,1.0,1,International Diversified Buyers,""Offer mortgage assistance, virtual property tours, overseas investment support, and flexible payment options."",Low Investment"
"C1820,47,M,France,Provence,Individual,Home,No,Website,4,970434.94,840.8725,3.0,1,International Diversified Buyers,""Offer mortgage assistance, virtual property tours, overseas investment support, and flexible payment options."",Low Investment"
"C1821,82,M,USA,Nevada,Individual,Home,No,Website,4,1733692.6199999999,1244.8049999999998,5.0,3,Growth-Oriented Investors,""Recommend commercial properties, portfolio diversification opportunities, rental yield analysis, and investment seminars."",High Investment"
"C1822,30,M,USA,Oregon,Individual,Investment,Yes,Website,4,1388147.75,1184.81,5.0,3,Growth-Oriented Investors,""Recommend commercial properties, portfolio diversification opportunities, rental yield analysis, and investment seminars."",High Investment"
"C1823,59,M,USA,Oregon,Individual,Home,Yes,Website,3,993925.86,994.8266666666667,4.0,3,Growth-Oriented Investors,""Recommend commercial properties, portfolio diversification opportunities, rental yield analysis, and investment seminars."",Low Investment"
"C1824,64,M,USA,California,Individual,Home,No,Website,4,945036.97,857.7574999999999,3.0,3,Growth-Oriented Investors,""Recommend commercial properties, portfolio diversification opportunities, rental yield analysis, and investment seminars."",Low Investment"
"C1825,70,M,Mexico,Nuevo Leon,Individual,Home,No,Agency,4,948769.9299999999,802.7125,2.0,1,International Diversified Buyers,""Offer mortgage assistance, virtual property tours, overseas investment support, and flexible payment options."",Low Investment"
"C1826,75,M,USA,Ohio,Individual,Home,No,Client,4,1300035.21,1159.5325,4.0,3,Growth-Oriented Investors,""Recommend commercial properties, portfolio diversification opportunities, rental yield analysis, and investment seminars."",Medium Investment"
"C1827,53,M,USA,New York,Individual,Home,Yes,Website,4,1221529.77,988.7175,5.0,0,Stable Home Buyers,""Recommend residential apartments, family villas, loyalty rewards, and simplified online booking services."",Medium Investment"
"C1828,35,M,USA,California,Individual,Investment,Yes,Website,4,1199213.25,1114.2125,2.0,3,Growth-Oriented Investors,""Recommend commercial properties, portfolio diversification opportunities, rental yield analysis, and investment seminars."",Medium Investment"
"C1829,29,F,USA,California,Individual,Home,Yes,Agency,3,1194095.83,1394.21,5.0,3,Growth-Oriented Investors,""Recommend commercial properties, portfolio diversification opportunities, rental yield analysis, and investment seminars."",Medium Investment"
"C1830,67,F,USA,Arizona,Individual,Home,No,Website,3,1363309.64,1487.6599999999999,3.0,3,Growth-Oriented Investors,""Recommend commercial properties, portfolio diversification opportunities, rental yield analysis, and investment seminars."",High Investment"
"C1831,76,F,Russia,Tatarstan,Individual,Home,No,Website,4,1004720.27,972.335,3.0,1,International Diversified Buyers,""Offer mortgage assistance, virtual property tours, overseas investment support, and flexible payment options."",Low Investment"
"C1832,39,M,USA,Oregon,Individual,Investment,Yes,Website,4,1282390.94,1103.3225,1.0,3,Growth-Oriented Investors,""Recommend commercial properties, portfolio diversification opportunities, rental yield analysis, and investment seminars."",Medium Investment"
"C1833,78,F,USA,Arizona,Individual,Investment,Yes,Website,3,1132086.83,1357.1933333333334,1.0,3,Growth-Oriented Investors,""Recommend commercial properties, portfolio diversification opportunities, rental yield analysis, and investment seminars."",Medium Investment"
"C1834,63,M,Belgium,Flanders,Individual,Investment,No,Agency,4,1222274.5999999999,948.835,5.0,3,Growth-Oriented Investors,""Recommend commercial properties, portfolio diversification opportunities, rental yield analysis, and investment seminars."",Medium Investment"
"C1835,67,F,Canada,Alberta,Individual,Investment,Yes,Agency,3,739211.6,849.7466666666668,4.0,1,International Diversified Buyers,""Offer mortgage assistance, virtual property tours, overseas investment support, and flexible payment options."",Low Investment"
"C1836,66,F,USA,California,Individual,Investment,Yes,Website,4,1213775.31,958.755,1.0,3,Growth-Oriented Investors,""Recommend commercial properties, portfolio diversification opportunities, rental yield analysis, and investment seminars."",Medium Investment"
"C1837,76,F,USA,California,Individual,Home,Yes,Client,4,1507583.69,1333.2775,2.0,3,Growth-Oriented Investors,""Recommend commercial properties, portfolio diversification opportunities, rental yield analysis, and investment seminars."",High Investment"
"C1838,61,F,Canada,Alberta,Individual,Investment,No,Agency,4,1266344.58,1030.83,1.0,1,International Diversified Buyers,""Offer mortgage assistance, virtual property tours, overseas investment support, and flexible payment options."",Medium Investment"
"C1839,83,M,USA,California,Individual,Investment,No,Agency,4,967894.54,821.355,2.0,3,Growth-Oriented Investors,""Recommend commercial properties, portfolio diversification opportunities, rental yield analysis, and investment seminars."",Low Investment"
"C1840,40,M,UK,England,Individual,Investment,No,Website,3,911506.03,1064.7333333333333,3.0,1,International Diversified Buyers,""Offer mortgage assistance, virtual property tours, overseas investment support, and flexible payment options."",Low Investment"
"C1841,79,M,USA,New York,Individual,Home,No,Website,4,1612088.13,1374.585,4.0,0,Stable Home Buyers,""Recommend residential apartments, family villas, loyalty rewards, and simplified online booking services."",High Investment"
"C1842,48,M,Canada,Alberta,Company,Home,Yes,Agency,3,1252827.37,1407.5133333333333,3.0,1,International Diversified Buyers,""Offer mortgage assistance, virtual property tours, overseas investment support, and flexible payment options."",Medium Investment"
"C1843,74,M,Germany,Hesse,Individual,Home,No,Website,4,1487849.65,1218.84,4.0,1,International Diversified Buyers,""Offer mortgage assistance, virtual property tours, overseas investment support, and flexible payment options."",High Investment"
"C1844,48,F,USA,Ohio,Individual,Home,No,Agency,4,1033138.51,837.88,1.0,3,Growth-Oriented Investors,""Recommend commercial properties, portfolio diversification opportunities, rental yield analysis, and investment seminars."",Low Investment"
"C1845,77,M,USA,California,Individual,Investment,Yes,Website,3,889124.6799999999,972.0533333333333,1.0,3,Growth-Oriented Investors,""Recommend commercial properties, portfolio diversification opportunities, rental yield analysis, and investment seminars."",Low Investment"
"C1846,41,F,Russia,Novosibirsk,Individual,Home,Yes,Agency,3,886017.55,980.8699999999999,5.0,1,International Diversified Buyers,""Offer mortgage assistance, virtual property tours, overseas investment support, and flexible payment options."",Low Investment"
"C1847,74,M,USA,Utah,Individual,Home,No,Website,4,1080850.85,859.7125,4.0,3,Growth-Oriented Investors,""Recommend commercial properties, portfolio diversification opportunities, rental yield analysis, and investment seminars."",Low Investment"
"C1848,33,F,USA,California,Individual,Home,No,Website,4,1595352.82,1295.0974999999999,2.0,3,Growth-Oriented Investors,""Recommend commercial properties, portfolio diversification opportunities, rental yield analysis, and investment seminars."",High Investment"
"C1849,50,M,Canada,Alberta,Individual,Investment,Yes,Website,3,1019239.08,1016.7633333333333,3.0,1,International Diversified Buyers,""Offer mortgage assistance, virtual property tours, overseas investment support, and flexible payment options."",Low Investment"
"C1850,55,M,USA,New York,Individual,Investment,Yes,Agency,4,1380990.75,1176.685,5.0,0,Stable Home Buyers,""Recommend residential apartments, family villas, loyalty rewards, and simplified online booking services."",High Investment"
"C1851,72,F,UK,England,Individual,Home,Yes,Agency,4,1552543.97,1153.5575,3.0,1,International Diversified Buyers,""Offer mortgage assistance, virtual property tours, overseas investment support, and flexible payment options."",High Investment"
"C1852,29,F,USA,Virginia,Individual,Home,No,Website,3,1674072.07,1733.68,4.0,3,Growth-Oriented Investors,""Recommend commercial properties, portfolio diversification opportunities, rental yield analysis, and investment seminars."",High Investment"
"C1853,77,F,USA,Virginia,Individual,Investment,No,Website,4,1207329.15,1012.5575,4.0,3,Growth-Oriented Investors,""Recommend commercial properties, portfolio diversification opportunities, rental yield analysis, and investment seminars."",Medium Investment"
"C1854,66,M,France,Ile-de-France,Company,Investment,No,Client,4,1387997.02,1104.2925,1.0,1,International Diversified Buyers,""Offer mortgage assistance, virtual property tours, overseas investment support, and flexible payment options."",High Investment"
"C1855,42,F,USA,California,Individual,Home,Yes,Website,4,1117305.8599999999,874.6275,2.0,3,Growth-Oriented Investors,""Recommend commercial properties, portfolio diversification opportunities, rental yield analysis, and investment seminars."",Medium Investment"
"C1856,32,M,USA,Virginia,Company,Home,No,Website,3,1216231.4300000002,1334.1000000000001,2.0,3,Growth-Oriented Investors,""Recommend commercial properties, portfolio diversification opportunities, rental yield analysis, and investment seminars."",Medium Investment"
"C1857,39,M,USA,California,Individual,Investment,Yes,Website,3,919814.94,932.37,2.0,3,Growth-Oriented Investors,""Recommend commercial properties, portfolio diversification opportunities, rental yield analysis, and investment seminars."",Low Investment"
"C1858,68,F,USA,Colorado,Individual,Home,No,Website,3,1161958.29,1267.5866666666668,5.0,3,Growth-Oriented Investors,""Recommend commercial properties, portfolio diversification opportunities, rental yield analysis, and investment seminars."",Medium Investment"
"C1859,83,M,USA,California,Individual,Home,Yes,Client,4,1087561.59,862.28,5.0,3,Growth-Oriented Investors,""Recommend commercial properties, portfolio diversification opportunities, rental yield analysis, and investment seminars."",Low Investment"
"C1860,56,F,USA,California,Company,Home,Yes,Agency,4,1661197.49,1338.8999999999999,4.0,3,Growth-Oriented Investors,""Recommend commercial properties, portfolio diversification opportunities, rental yield analysis, and investment seminars."",High Investment"
"C1861,44,M,USA,California,Individual,Investment,Yes,Website,4,1475178.95,1239.9025000000001,3.0,3,Growth-Oriented Investors,""Recommend commercial properties, portfolio diversification opportunities, rental yield analysis, and investment seminars."",High Investment"
"C1862,73,M,USA,California,Individual,Home,Yes,Website,3,988771.17,1076.69,1.0,3,Growth-Oriented Investors,""Recommend commercial properties, portfolio diversification opportunities, rental yield analysis, and investment seminars."",Low Investment"
"C1863,78,F,UK,Scotland,Individual,Home,No,Website,4,1281313.02,1039.19,3.0,1,International Diversified Buyers,""Offer mortgage assistance, virtual property tours, overseas investment support, and flexible payment options."",Medium Investment"
"C1864,54,F,USA,New York,Individual,Home,Yes,Website,4,1131730.6,1027.325,5.0,0,Stable Home Buyers,""Recommend residential apartments, family villas, loyalty rewards, and simplified online booking services."",Medium Investment"
"C1865,52,M,USA,Arizona,Individual,Investment,No,Website,3,1092253.24,1196.1733333333334,4.0,3,Growth-Oriented Investors,""Recommend commercial properties, portfolio diversification opportunities, rental yield analysis, and investment seminars."",Medium Investment"
"C1866,55,F,USA,Nevada,Individual,Home,No,Agency,4,1620195.43,1380.26,2.0,3,Growth-Oriented Investors,""Recommend commercial properties, portfolio diversification opportunities, rental yield analysis, and investment seminars."",High Investment"
"C1867,74,M,USA,California,Individual,Home,Yes,Website,3,761781.8,791.0400000000001,2.0,3,Growth-Oriented Investors,""Recommend commercial properties, portfolio diversification opportunities, rental yield analysis, and investment seminars."",Low Investment"
"C1868,51,F,UK,Wales,Individual,Home,No,Website,4,1469394.43,1198.3725,1.0,1,International Diversified Buyers,""Offer mortgage assistance, virtual property tours, overseas investment support, and flexible payment options."",High Investment"
"C1869,51,F,Mexico,Nuevo Leon,Individual,Home,No,Client,4,1335399.36,1132.7375,5.0,1,International Diversified Buyers,""Offer mortgage assistance, virtual property tours, overseas investment support, and flexible payment options."",Medium Investment"
"C1870,46,M,USA,Washington,Individual,Investment,No,Agency,3,680865.94,842.68,1.0,3,Growth-Oriented Investors,""Recommend commercial properties, portfolio diversification opportunities, rental yield analysis, and investment seminars."",Low Investment"
"C1871,65,F,USA,Texas,Individual,Home,Yes,Website,4,1096466.77,1000.415,1.0,3,Growth-Oriented Investors,""Recommend commercial properties, portfolio diversification opportunities, rental yield analysis, and investment seminars."",Medium Investment"
"C1872,86,M,Mexico,Mexico City,Individual,Home,No,Client,3,1284121.27,1452.2633333333333,5.0,1,International Diversified Buyers,""Offer mortgage assistance, virtual property tours, overseas investment support, and flexible payment options."",Medium Investment"
"C1873,67,F,Canada,British Columbia,Individual,Home,No,Agency,4,841611.53,727.265,5.0,1,International Diversified Buyers,""Offer mortgage assistance, virtual property tours, overseas investment support, and flexible payment options."",Low Investment"
"C1874,54,M,USA,Colorado,Individual,Investment,No,Agency,3,1058361.99,1125.17,1.0,3,Growth-Oriented Investors,""Recommend commercial properties, portfolio diversification opportunities, rental yield analysis, and investment seminars."",Low Investment"
"C1875,83,F,USA,Nevada,Individual,Home,No,Client,3,1220153.8599999999,1339.73,2.0,3,Growth-Oriented Investors,""Recommend commercial properties, portfolio diversification opportunities, rental yield analysis, and investment seminars."",Medium Investment"
"C1876,45,M,USA,Ohio,Company,Investment,Yes,Website,3,1543986.34,1523.6933333333334,4.0,3,Growth-Oriented Investors,""Recommend commercial properties, portfolio diversification opportunities, rental yield analysis, and investment seminars."",High Investment"
"C1877,65,M,USA,Arizona,Individual,Home,No,Agency,3,905899.79,1008.13,5.0,3,Growth-Oriented Investors,""Recommend commercial properties, portfolio diversification opportunities, rental yield analysis, and investment seminars."",Low Investment"
"C1878,59,M,USA,Washington,Individual,Home,No,Agency,3,958603.36,1097.4366666666667,5.0,3,Growth-Oriented Investors,""Recommend commercial properties, portfolio diversification opportunities, rental yield analysis, and investment seminars."",Low Investment"
"C1879,49,F,USA,New York,Individual,Home,No,Website,3,1536294.68,1504.28,3.0,0,Stable Home Buyers,""Recommend residential apartments, family villas, loyalty rewards, and simplified online booking services."",High Investment"
"C1880,28,F,USA,California,Individual,Home,Yes,Client,4,1319939.53,1053.27,5.0,3,Growth-Oriented Investors,""Recommend commercial properties, portfolio diversification opportunities, rental yield analysis, and investment seminars."",Medium Investment"
"C1881,37,F,USA,Oregon,Individual,Home,Yes,Website,3,972731.0900000001,1127.1499999999999,2.0,3,Growth-Oriented Investors,""Recommend commercial properties, portfolio diversification opportunities, rental yield analysis, and investment seminars."",Low Investment"
"C1882,66,F,USA,Virginia,Individual,Investment,No,Website,3,884144.1,934.4333333333334,3.0,3,Growth-Oriented Investors,""Recommend commercial properties, portfolio diversification opportunities, rental yield analysis, and investment seminars."",Low Investment"
"C1883,85,M,USA,California,Individual,Home,No,Agency,4,1877399.3199999998,1489.11,1.0,3,Growth-Oriented Investors,""Recommend commercial properties, portfolio diversification opportunities, rental yield analysis, and investment seminars."",High Investment"
"C1884,72,M,USA,Nevada,Individual,Home,Yes,Website,3,930994.2100000001,997.4133333333333,5.0,3,Growth-Oriented Investors,""Recommend commercial properties, portfolio diversification opportunities, rental yield analysis, and investment seminars."",Low Investment"
"C1885,59,M,Germany,Hamburg,Individual,Home,Yes,Agency,4,1740983.97,1564.0774999999999,1.0,1,International Diversified Buyers,""Offer mortgage assistance, virtual property tours, overseas investment support, and flexible payment options."",High Investment"
"C1886,27,F,USA,California,Individual,Home,No,Website,3,774293.9299999999,842.68,5.0,3,Growth-Oriented Investors,""Recommend commercial properties, portfolio diversification opportunities, rental yield analysis, and investment seminars."",Low Investment"
"C1887,40,F,USA,Oregon,Individual,Investment,No,Agency,3,822999.76,941.2099999999999,1.0,3,Growth-Oriented Investors,""Recommend commercial properties, portfolio diversification opportunities, rental yield analysis, and investment seminars."",Low Investment"
"C1888,64,M,USA,California,Individual,Home,No,Website,4,981962.01,820.9224999999999,3.0,3,Growth-Oriented Investors,""Recommend commercial properties, portfolio diversification opportunities, rental yield analysis, and investment seminars."",Low Investment"
"C1889,39,M,USA,California,Individual,Home,Yes,Website,3,1193609.3,1205.9633333333334,4.0,3,Growth-Oriented Investors,""Recommend commercial properties, portfolio diversification opportunities, rental yield analysis, and investment seminars."",Medium Investment"
"C1890,72,M,Canada,Ontario,Individual,Home,No,Client,4,1209659.27,1042.1725000000001,4.0,1,International Diversified Buyers,""Offer mortgage assistance, virtual property tours, overseas investment support, and flexible payment options."",Medium Investment"
"C1891,54,M,USA,Oregon,Individual,Home,No,Agency,4,1466482.7999999998,1244.8049999999998,2.0,3,Growth-Oriented Investors,""Recommend commercial properties, portfolio diversification opportunities, rental yield analysis, and investment seminars."",High Investment"
"C1892,75,F,USA,Nevada,Individual,Investment,Yes,Agency,3,978638.94,1033.4833333333333,5.0,3,Growth-Oriented Investors,""Recommend commercial properties, portfolio diversification opportunities, rental yield analysis, and investment seminars."",Low Investment"
"C1893,64,F,USA,Washington,Individual,Home,Yes,Website,4,1458732.84,1146.0149999999999,1.0,3,Growth-Oriented Investors,""Recommend commercial properties, portfolio diversification opportunities, rental yield analysis, and investment seminars."",High Investment"
"C1894,82,F,USA,Texas,Individual,Investment,No,Website,4,1284918.37,1027.81,4.0,3,Growth-Oriented Investors,""Recommend commercial properties, portfolio diversification opportunities, rental yield analysis, and investment seminars."",Medium Investment"
"C1895,57,M,USA,Nevada,Company,Investment,No,Agency,3,1170571.86,1308.5133333333333,4.0,3,Growth-Oriented Investors,""Recommend commercial properties, portfolio diversification opportunities, rental yield analysis, and investment seminars."",Medium Investment"
"C1896,71,M,USA,Virginia,Individual,Investment,No,Agency,3,1158311.0,1139.1533333333334,3.0,3,Growth-Oriented Investors,""Recommend commercial properties, portfolio diversification opportunities, rental yield analysis, and investment seminars."",Medium Investment"
"C1897,76,F,Canada,Ontario,Individual,Home,No,Website,4,1108918.3399999999,941.61,2.0,1,International Diversified Buyers,""Offer mortgage assistance, virtual property tours, overseas investment support, and flexible payment options."",Medium Investment"
"C1898,47,M,USA,New York,Individual,Home,Yes,Website,4,1159717.54,951.8199999999999,1.0,0,Stable Home Buyers,""Recommend residential apartments, family villas, loyalty rewards, and simplified online booking services."",Medium Investment"
"C1899,30,M,UK,England,Individual,Home,No,Website,3,1001627.28,1221.3833333333334,3.0,1,International Diversified Buyers,""Offer mortgage assistance, virtual property tours, overseas investment support, and flexible payment options."",Low Investment"
"C1900,28,F,UK,England,Individual,Investment,No,Client,4,1185889.79,1210.7375000000002,4.0,1,International Diversified Buyers,""Offer mortgage assistance, virtual property tours, overseas investment support, and flexible payment options."",Medium Investment"
"C1901,44,M,Canada,British Columbia,Individual,Home,No,Agency,4,1357680.7,1151.37,4.0,1,International Diversified Buyers,""Offer mortgage assistance, virtual property tours, overseas investment support, and flexible payment options."",Medium Investment"
"C1902,46,M,USA,Colorado,Company,Investment,No,Agency,4,1127600.93,885.395,2.0,3,Growth-Oriented Investors,""Recommend commercial properties, portfolio diversification opportunities, rental yield analysis, and investment seminars."",Medium Investment"
"C1903,35,F,USA,Nevada,Individual,Home,No,Website,4,1453139.0699999998,1192.72,2.0,3,Growth-Oriented Investors,""Recommend commercial properties, portfolio diversification opportunities, rental yield analysis, and investment seminars."",High Investment"
"C1904,77,M,USA,Texas,Individual,Home,Yes,Website,4,1337265.67,1073.7375,2.0,3,Growth-Oriented Investors,""Recommend commercial properties, portfolio diversification opportunities, rental yield analysis, and investment seminars."",Medium Investment"
"C1905,65,M,USA,Virginia,Individual,Home,No,Website,3,1180529.35,1354.2933333333333,1.0,3,Growth-Oriented Investors,""Recommend commercial properties, portfolio diversification opportunities, rental yield analysis, and investment seminars."",Medium Investment"
"C1906,71,F,USA,California,Individual,Home,No,Agency,4,1487182.67,1158.6325,2.0,3,Growth-Oriented Investors,""Recommend commercial properties, portfolio diversification opportunities, rental yield analysis, and investment seminars."",High Investment"
"C1907,76,M,USA,Colorado,Individual,Home,No,Website,4,1751481.1500000001,1349.2,3.0,3,Growth-Oriented Investors,""Recommend commercial properties, portfolio diversification opportunities, rental yield analysis, and investment seminars."",High Investment"
"C1908,50,F,USA,California,Individual,Home,No,Website,4,1543714.5,1324.385,2.0,3,Growth-Oriented Investors,""Recommend commercial properties, portfolio diversification opportunities, rental yield analysis, and investment seminars."",High Investment"
"C1909,41,F,USA,California,Individual,Investment,No,Agency,3,1238663.76,1313.16,2.0,3,Growth-Oriented Investors,""Recommend commercial properties, portfolio diversification opportunities, rental yield analysis, and investment seminars."",Medium Investment"
"C1910,41,M,USA,California,Company,Home,Yes,Agency,4,816793.9099999999,735.11,2.0,3,Growth-Oriented Investors,""Recommend commercial properties, portfolio diversification opportunities, rental yield analysis, and investment seminars."",Low Investment"
"C1911,37,M,USA,California,Individual,Home,No,Agency,3,1195691.95,1268.0466666666669,5.0,3,Growth-Oriented Investors,""Recommend commercial properties, portfolio diversification opportunities, rental yield analysis, and investment seminars."",Medium Investment"
"C1912,72,F,USA,Utah,Individual,Investment,No,Website,3,863871.21,952.0733333333334,1.0,3,Growth-Oriented Investors,""Recommend commercial properties, portfolio diversification opportunities, rental yield analysis, and investment seminars."",Low Investment"
"C1913,46,M,France,Provence,Individual,Home,No,Website,4,1210353.53,972.245,5.0,1,International Diversified Buyers,""Offer mortgage assistance, virtual property tours, overseas investment support, and flexible payment options."",Medium Investment"
"C1914,33,F,UK,Scotland,Individual,Home,Yes,Website,3,1553786.78,1584.7333333333333,4.0,1,International Diversified Buyers,""Offer mortgage assistance, virtual property tours, overseas investment support, and flexible payment options."",High Investment"
"C1915,62,F,USA,Arizona,Individual,Investment,No,Client,3,1015184.58,1076.6899999999998,4.0,3,Growth-Oriented Investors,""Recommend commercial properties, portfolio diversification opportunities, rental yield analysis, and investment seminars."",Low Investment"
"C1916,78,M,USA,California,Individual,Investment,No,Website,3,1257058.52,1303.7766666666666,2.0,3,Growth-Oriented Investors,""Recommend commercial properties, portfolio diversification opportunities, rental yield analysis, and investment seminars."",Medium Investment"
"C1917,55,F,Australia,New South Wales,Individual,Home,No,Client,4,1007433.23,820.9224999999999,2.0,1,International Diversified Buyers,""Offer mortgage assistance, virtual property tours, overseas investment support, and flexible payment options."",Low Investment"
"C1918,86,F,USA,California,Individual,Home,No,Client,4,1019401.51,765.6675,1.0,3,Growth-Oriented Investors,""Recommend commercial properties, portfolio diversification opportunities, rental yield analysis, and investment seminars."",Low Investment"
"C1919,58,F,USA,Nevada,Company,Investment,No,Website,4,1083015.76,929.2725,1.0,3,Growth-Oriented Investors,""Recommend commercial properties, portfolio diversification opportunities, rental yield analysis, and investment seminars."",Low Investment"
"C1920,57,M,Germany,North Rhine-Westphalia,Individual,Home,No,Agency,4,1523588.92,1278.045,5.0,1,International Diversified Buyers,""Offer mortgage assistance, virtual property tours, overseas investment support, and flexible payment options."",High Investment"
"C1921,70,F,France,Provence,Individual,Home,No,Website,3,980793.6799999999,1089.46,5.0,1,International Diversified Buyers,""Offer mortgage assistance, virtual property tours, overseas investment support, and flexible payment options."",Low Investment"
"C1922,38,F,USA,California,Individual,Home,No,Agency,3,1549836.17,1592.1233333333332,1.0,3,Growth-Oriented Investors,""Recommend commercial properties, portfolio diversification opportunities, rental yield analysis, and investment seminars."",High Investment"
"C1923,79,F,Mexico,Jalisco,Individual,Investment,Yes,Client,4,1302917.16,1140.38,1.0,1,International Diversified Buyers,""Offer mortgage assistance, virtual property tours, overseas investment support, and flexible payment options."",Medium Investment"
"C1924,68,M,USA,California,Individual,Home,No,Client,4,1453954.37,1253.3075,3.0,3,Growth-Oriented Investors,""Recommend commercial properties, portfolio diversification opportunities, rental yield analysis, and investment seminars."",High Investment"
"C1925,84,M,USA,Colorado,Individual,Home,No,Agency,4,1165252.94,1093.05,2.0,3,Growth-Oriented Investors,""Recommend commercial properties, portfolio diversification opportunities, rental yield analysis, and investment seminars."",Medium Investment"
"C1926,29,M,Mexico,Puebla,Individual,Home,Yes,Website,4,1238034.03,1014.73,1.0,1,International Diversified Buyers,""Offer mortgage assistance, virtual property tours, overseas investment support, and flexible payment options."",Medium Investment"
"C1927,74,F,USA,California,Individual,Investment,Yes,Website,4,1325474.94,1280.6875,1.0,3,Growth-Oriented Investors,""Recommend commercial properties, portfolio diversification opportunities, rental yield analysis, and investment seminars."",Medium Investment"
"C1928,28,M,Australia,New South Wales,Individual,Home,Yes,Client,3,741930.22,736.0433333333334,4.0,1,International Diversified Buyers,""Offer mortgage assistance, virtual property tours, overseas investment support, and flexible payment options."",Low Investment"
"C1929,85,F,Mexico,Jalisco,Individual,Home,Yes,Agency,4,1329874.96,1127.175,1.0,1,International Diversified Buyers,""Offer mortgage assistance, virtual property tours, overseas investment support, and flexible payment options."",Medium Investment"
"C1930,60,F,USA,Colorado,Individual,Investment,No,Agency,4,1184992.23,990.9875000000001,3.0,3,Growth-Oriented Investors,""Recommend commercial properties, portfolio diversification opportunities, rental yield analysis, and investment seminars."",Medium Investment"
"C1931,31,F,USA,Utah,Individual,Home,Yes,Website,4,1323884.1099999999,1047.99,5.0,3,Growth-Oriented Investors,""Recommend commercial properties, portfolio diversification opportunities, rental yield analysis, and investment seminars."",Medium Investment"
"C1932,64,F,USA,California,Individual,Investment,No,Website,4,1713149.19,1342.1525000000001,2.0,3,Growth-Oriented Investors,""Recommend commercial properties, portfolio diversification opportunities, rental yield analysis, and investment seminars."",High Investment"
"C1933,32,F,Australia,Queensland,Company,Home,No,Client,3,822428.05,851.87,1.0,1,International Diversified Buyers,""Offer mortgage assistance, virtual property tours, overseas investment support, and flexible payment options."",Low Investment"
"C1934,48,M,France,Ile-de-France,Individual,Investment,Yes,Client,4,1719384.46,1422.9925,4.0,1,International Diversified Buyers,""Offer mortgage assistance, virtual property tours, overseas investment support, and flexible payment options."",High Investment"
"C1935,43,F,USA,Arizona,Individual,Home,No,Website,3,1205890.37,1357.1933333333334,5.0,3,Growth-Oriented Investors,""Recommend commercial properties, portfolio diversification opportunities, rental yield analysis, and investment seminars."",Medium Investment"
"C1936,42,M,Russia,Krasnodar Krai,Individual,Home,Yes,Agency,3,965899.1000000001,992.2199999999999,1.0,1,International Diversified Buyers,""Offer mortgage assistance, virtual property tours, overseas investment support, and flexible payment options."",Low Investment"
"C1937,65,F,USA,Arizona,Individual,Home,Yes,Website,4,1707838.06,1419.32,3.0,3,Growth-Oriented Investors,""Recommend commercial properties, portfolio diversification opportunities, rental yield analysis, and investment seminars."",High Investment"
"C1938,53,M,Canada,Quebec,Individual,Home,Yes,Website,3,1154671.2,1205.9633333333334,4.0,1,International Diversified Buyers,""Offer mortgage assistance, virtual property tours, overseas investment support, and flexible payment options."",Medium Investment"
"C1939,47,F,USA,Florida,Individual,Investment,Yes,Agency,3,674304.95,839.1433333333334,1.0,2,Premium Independent Buyers,""Recommend luxury residences, VIP investment consultations, premium memberships, and exclusive project launches."",Low Investment"
"C1940,29,F,Canada,Manitoba,Individual,Home,No,Agency,4,1403901.1400000001,1216.595,4.0,1,International Diversified Buyers,""Offer mortgage assistance, virtual property tours, overseas investment support, and flexible payment options."",High Investment"
"C1941,83,F,USA,Nevada,Individual,Home,No,Client,4,1368615.25,1140.38,5.0,3,Growth-Oriented Investors,""Recommend commercial properties, portfolio diversification opportunities, rental yield analysis, and investment seminars."",High Investment"
"C1942,42,F,USA,Nevada,Company,Home,Yes,Agency,3,1133984.52,1313.16,2.0,3,Growth-Oriented Investors,""Recommend commercial properties, portfolio diversification opportunities, rental yield analysis, and investment seminars."",Medium Investment"
"C1943,53,M,USA,Arizona,Individual,Home,No,Website,3,967521.23,1042.71,1.0,3,Growth-Oriented Investors,""Recommend commercial properties, portfolio diversification opportunities, rental yield analysis, and investment seminars."",Low Investment"
"C1944,40,M,USA,California,Individual,Investment,No,Website,4,1971083.9300000002,1602.67,1.0,3,Growth-Oriented Investors,""Recommend commercial properties, portfolio diversification opportunities, rental yield analysis, and investment seminars."",High Investment"
"C1945,59,M,Mexico,Mexico City,Individual,Investment,No,Website,4,1112541.88,939.4875,3.0,1,International Diversified Buyers,""Offer mortgage assistance, virtual property tours, overseas investment support, and flexible payment options."",Medium Investment"
"C1946,71,M,USA,California,Individual,Home,No,Agency,3,1056227.37,1111.25,1.0,3,Growth-Oriented Investors,""Recommend commercial properties, portfolio diversification opportunities, rental yield analysis, and investment seminars."",Low Investment"
"C1947,47,M,USA,Nevada,Individual,Home,No,Website,3,1247905.56,1328.47,3.0,3,Growth-Oriented Investors,""Recommend commercial properties, portfolio diversification opportunities, rental yield analysis, and investment seminars."",Medium Investment"
"C1948,71,F,USA,Arizona,Individual,Home,No,Agency,3,1530233.0,1527.8633333333335,2.0,3,Growth-Oriented Investors,""Recommend commercial properties, portfolio diversification opportunities, rental yield analysis, and investment seminars."",High Investment"
"C1949,71,F,USA,Colorado,Individual,Home,Yes,Agency,3,1020270.72,1274.52,2.0,3,Growth-Oriented Investors,""Recommend commercial properties, portfolio diversification opportunities, rental yield analysis, and investment seminars."",Low Investment"
"C1950,51,M,USA,Ohio,Individual,Home,No,Agency,4,1033306.43,933.355,4.0,3,Growth-Oriented Investors,""Recommend commercial properties, portfolio diversification opportunities, rental yield analysis, and investment seminars."",Low Investment"
"C1951,30,M,USA,Utah,Individual,Home,Yes,Website,4,1128864.17,972.335,1.0,3,Growth-Oriented Investors,""Recommend commercial properties, portfolio diversification opportunities, rental yield analysis, and investment seminars."",Medium Investment"
"C1952,34,M,USA,Nevada,Company,Home,No,Agency,3,1235262.65,1451.5366666666669,3.0,3,Growth-Oriented Investors,""Recommend commercial properties, portfolio diversification opportunities, rental yield analysis, and investment seminars."",Medium Investment"
"C1953,54,M,Germany,Bavaria,Individual,Home,Yes,Website,4,1199064.43,946.6525,1.0,1,International Diversified Buyers,""Offer mortgage assistance, virtual property tours, overseas investment support, and flexible payment options."",Medium Investment"
"C1954,60,F,Australia,Western Australia,Individual,Investment,No,Website,3,809731.0700000001,899.9899999999999,3.0,1,International Diversified Buyers,""Offer mortgage assistance, virtual property tours, overseas investment support, and flexible payment options."",Low Investment"
"C1955,28,M,Canada,Quebec,Individual,Home,No,Website,4,1707150.06,1380.26,1.0,1,International Diversified Buyers,""Offer mortgage assistance, virtual property tours, overseas investment support, and flexible payment options."",High Investment"
"C1956,59,F,USA,Oregon,Individual,Home,No,Agency,4,1224023.79,920.7075,2.0,3,Growth-Oriented Investors,""Recommend commercial properties, portfolio diversification opportunities, rental yield analysis, and investment seminars."",Medium Investment"
"C1957,64,M,USA,California,Individual,Home,Yes,Website,4,1318838.26,1150.2,4.0,3,Growth-Oriented Investors,""Recommend commercial properties, portfolio diversification opportunities, rental yield analysis, and investment seminars."",Medium Investment"
"C1958,56,F,USA,California,Individual,Home,No,Website,4,1567012.19,1287.0549999999998,3.0,3,Growth-Oriented Investors,""Recommend commercial properties, portfolio diversification opportunities, rental yield analysis, and investment seminars."",High Investment"
"C1959,84,F,USA,Texas,Individual,Home,No,Website,3,626084.02,753.3133333333334,1.0,3,Growth-Oriented Investors,""Recommend commercial properties, portfolio diversification opportunities, rental yield analysis, and investment seminars."",Low Investment"
"C1960,39,F,USA,Colorado,Individual,Home,Yes,Website,3,1196488.96,1350.4933333333333,2.0,3,Growth-Oriented Investors,""Recommend commercial properties, portfolio diversification opportunities, rental yield analysis, and investment seminars."",Medium Investment"
"C1961,32,M,USA,California,Individual,Home,No,Agency,4,1289265.38,1138.4975,5.0,3,Growth-Oriented Investors,""Recommend commercial properties, portfolio diversification opportunities, rental yield analysis, and investment seminars."",Medium Investment"
"C1962,31,F,Mexico,Puebla,Individual,Home,No,Agency,3,971475.24,1108.1033333333332,5.0,1,International Diversified Buyers,""Offer mortgage assistance, virtual property tours, overseas investment support, and flexible payment options."",Low Investment"
"C1963,58,M,USA,Texas,Company,Home,No,Website,3,983925.13,1090.7733333333333,5.0,3,Growth-Oriented Investors,""Recommend commercial properties, portfolio diversification opportunities, rental yield analysis, and investment seminars."",Low Investment"
"C1964,54,M,USA,Virginia,Individual,Home,No,Agency,3,1149434.67,1359.24,5.0,3,Growth-Oriented Investors,""Recommend commercial properties, portfolio diversification opportunities, rental yield analysis, and investment seminars."",Medium Investment"
"C1965,29,M,USA,California,Individual,Home,No,Agency,3,1489053.39,1579.3133333333335,4.0,3,Growth-Oriented Investors,""Recommend commercial properties, portfolio diversification opportunities, rental yield analysis, and investment seminars."",High Investment"
"C1966,62,M,Canada,British Columbia,Individual,Home,No,Agency,4,1210176.2,1111.6475,1.0,1,International Diversified Buyers,""Offer mortgage assistance, virtual property tours, overseas investment support, and flexible payment options."",Medium Investment"
"C1967,69,M,USA,Oregon,Individual,Investment,No,Agency,3,747143.37,859.2633333333333,4.0,3,Growth-Oriented Investors,""Recommend commercial properties, portfolio diversification opportunities, rental yield analysis, and investment seminars."",Low Investment"
"C1968,68,F,USA,California,Individual,Investment,Yes,Client,3,987718.99,1072.7266666666667,3.0,3,Growth-Oriented Investors,""Recommend commercial properties, portfolio diversification opportunities, rental yield analysis, and investment seminars."",Low Investment"
"C1969,33,M,USA,Colorado,Individual,Investment,Yes,Agency,4,1030940.4299999999,854.58,2.0,3,Growth-Oriented Investors,""Recommend commercial properties, portfolio diversification opportunities, rental yield analysis, and investment seminars."",Low Investment"
"C1970,48,M,USA,Arizona,Individual,Investment,Yes,Website,3,1346312.7000000002,1361.7433333333333,4.0,3,Growth-Oriented Investors,""Recommend commercial properties, portfolio diversification opportunities, rental yield analysis, and investment seminars."",Medium Investment"
"C1971,50,F,USA,Virginia,Individual,Home,No,Website,3,673422.3200000001,775.5666666666666,5.0,3,Growth-Oriented Investors,""Recommend commercial properties, portfolio diversification opportunities, rental yield analysis, and investment seminars."",Low Investment"
"C1972,54,F,USA,California,Individual,Home,Yes,Website,3,943260.84,1077.3333333333333,4.0,3,Growth-Oriented Investors,""Recommend commercial properties, portfolio diversification opportunities, rental yield analysis, and investment seminars."",Low Investment"
"C1973,33,M,USA,Washington,Company,Home,Yes,Agency,4,1450499.68,1214.7825,4.0,3,Growth-Oriented Investors,""Recommend commercial properties, portfolio diversification opportunities, rental yield analysis, and investment seminars."",High Investment"
"C1974,76,M,USA,Nevada,Individual,Home,Yes,Agency,4,968686.8500000001,809.6575,5.0,3,Growth-Oriented Investors,""Recommend commercial properties, portfolio diversification opportunities, rental yield analysis, and investment seminars."",Low Investment"
"C1975,51,F,Belgium,Wallonia,Individual,Home,No,Agency,3,985031.21,1023.8800000000001,4.0,3,Growth-Oriented Investors,""Recommend commercial properties, portfolio diversification opportunities, rental yield analysis, and investment seminars."",Low Investment"
"C1976,31,M,USA,Florida,Individual,Home,No,Client,4,1146120.65,1030.29,5.0,2,Premium Independent Buyers,""Recommend luxury residences, VIP investment consultations, premium memberships, and exclusive project launches."",Medium Investment"
"C1977,32,M,USA,Virginia,Individual,Home,No,Website,4,2001430.4300000002,1577.2325,1.0,3,Growth-Oriented Investors,""Recommend commercial properties, portfolio diversification opportunities, rental yield analysis, and investment seminars."",High Investment"
"C1978,59,F,USA,California,Company,Investment,Yes,Website,3,1205900.67,1290.0866666666668,5.0,3,Growth-Oriented Investors,""Recommend commercial properties, portfolio diversification opportunities, rental yield analysis, and investment seminars."",Medium Investment"
"C1979,84,M,USA,Colorado,Individual,Home,Yes,Agency,4,1287568.79,1014.73,3.0,3,Growth-Oriented Investors,""Recommend commercial properties, portfolio diversification opportunities, rental yield analysis, and investment seminars."",Medium Investment"
"C1980,70,F,USA,Texas,Individual,Investment,No,Website,4,1579565.09,1228.8325,4.0,3,Growth-Oriented Investors,""Recommend commercial properties, portfolio diversification opportunities, rental yield analysis, and investment seminars."",High Investment"
"C1981,34,F,Canada,Quebec,Individual,Home,No,Agency,4,1440160.68,1245.935,5.0,1,International Diversified Buyers,""Offer mortgage assistance, virtual property tours, overseas investment support, and flexible payment options."",High Investment"
"C1982,79,M,USA,California,Individual,Home,Yes,Website,3,1545398.56,1669.3466666666666,4.0,3,Growth-Oriented Investors,""Recommend commercial properties, portfolio diversification opportunities, rental yield analysis, and investment seminars."",High Investment"
"C1983,65,M,UK,Northern Ireland,Individual,Home,No,Website,4,1317304.52,1070.475,3.0,1,International Diversified Buyers,""Offer mortgage assistance, virtual property tours, overseas investment support, and flexible payment options."",Medium Investment"
"C1984,70,M,USA,California,Individual,Home,No,Website,3,846287.21,994.52,4.0,3,Growth-Oriented Investors,""Recommend commercial properties, portfolio diversification opportunities, rental yield analysis, and investment seminars."",Low Investment"
"C1985,63,M,UK,Scotland,Individual,Home,Yes,Agency,4,1149379.8599999999,1014.73,1.0,1,International Diversified Buyers,""Offer mortgage assistance, virtual property tours, overseas investment support, and flexible payment options."",Medium Investment"
"C1986,49,M,USA,New York,Individual,Investment,No,Website,4,1442798.93,1153.5575,1.0,0,Stable Home Buyers,""Recommend residential apartments, family villas, loyalty rewards, and simplified online booking services."",High Investment"
"C1987,40,M,Belgium,Wallonia,Individual,Investment,No,Website,4,1316082.96,1104.1725,5.0,3,Growth-Oriented Investors,""Recommend commercial properties, portfolio diversification opportunities, rental yield analysis, and investment seminars."",Medium Investment"
"C1988,32,M,USA,California,Individual,Home,Yes,Website,4,1301018.95,972.245,5.0,3,Growth-Oriented Investors,""Recommend commercial properties, portfolio diversification opportunities, rental yield analysis, and investment seminars."",Medium Investment"
"C1989,67,M,USA,Texas,Individual,Home,No,Agency,4,1380788.8599999999,1135.325,3.0,3,Growth-Oriented Investors,""Recommend commercial properties, portfolio diversification opportunities, rental yield analysis, and investment seminars."",High Investment"
"C1990,50,M,USA,Texas,Individual,Investment,No,Agency,3,1253745.81,1303.4733333333334,5.0,3,Growth-Oriented Investors,""Recommend commercial properties, portfolio diversification opportunities, rental yield analysis, and investment seminars."",Medium Investment"
"C1991,76,F,USA,California,Individual,Home,No,Website,4,1134341.88,900.39,3.0,3,Growth-Oriented Investors,""Recommend commercial properties, portfolio diversification opportunities, rental yield analysis, and investment seminars."",Medium Investment"
"C1992,83,F,USA,Texas,Individual,Home,Yes,Website,3,1266058.76,1445.08,3.0,3,Growth-Oriented Investors,""Recommend commercial properties, portfolio diversification opportunities, rental yield analysis, and investment seminars."",Medium Investment"
"C1993,41,M,USA,New York,Individual,Home,No,Website,3,1385369.38,1454.4099999999999,2.0,0,Stable Home Buyers,""Recommend residential apartments, family villas, loyalty rewards, and simplified online booking services."",High Investment"
"C1994,32,F,USA,Oregon,Individual,Investment,Yes,Website,3,1257875.21,1454.4099999999999,3.0,3,Growth-Oriented Investors,""Recommend commercial properties, portfolio diversification opportunities, rental yield analysis, and investment seminars."",Medium Investment"
"C1995,33,F,USA,California,Individual,Investment,No,Agency,4,1044043.64,905.7525,4.0,3,Growth-Oriented Investors,""Recommend commercial properties, portfolio diversification opportunities, rental yield analysis, and investment seminars."",Low Investment"
"C1996,34,F,USA,Nevada,Individual,Home,Yes,Website,4,1151831.48,1027.325,1.0,3,Growth-Oriented Investors,""Recommend commercial properties, portfolio diversification opportunities, rental yield analysis, and investment seminars."",Medium Investment"
"C1997,84,M,USA,Arizona,Individual,Home,Yes,Website,4,1101825.4,910.42,4.0,3,Growth-Oriented Investors,""Recommend commercial properties, portfolio diversification opportunities, rental yield analysis, and investment seminars."",Medium Investment"
"C1998,63,M,USA,Virginia,Individual,Home,Yes,Website,3,1023688.56,1140.3999999999999,5.0,3,Growth-Oriented Investors,""Recommend commercial properties, portfolio diversification opportunities, rental yield analysis, and investment seminars."",Low Investment"
"C1999,82,M,USA,Ohio,Individual,Home,Yes,Client,3,838587.38,919.0466666666666,4.0,3,Growth-Oriented Investors,""Recommend commercial properties, portfolio diversification opportunities, rental yield analysis, and investment seminars."",Low Investment"
"C2000,30,F,USA,Georgia,Individual,Home,Yes,Agency,3,913528.5,1033.4833333333333,1.0,3,Growth-Oriented Investors,""Recommend commercial properties, portfolio diversification opportunities, rental yield analysis, and investment seminars."",Low Investment"
